bank_id,scenario_id,actual_condition,predicted_condition,prob_healthy,prob_stressed,prob_critical
BANK_001,SCN_0001,Healthy,Healthy,0.9590984442105861,0.03905540870645576,0.001846147082958853
BANK_002,SCN_0001,Healthy,Stressed,0.4727915743836889,0.5000126846977457,0.027195740918565057
BANK_003,SCN_0001,Healthy,Stressed,0.3338150475351301,0.6192593287481545,0.04692562371671492
BANK_004,SCN_0001,Stressed,Healthy,0.7508807115772113,0.24478234945801028,0.004336938964778502
BANK_005,SCN_0001,Healthy,Healthy,0.9858153591090975,0.01308884269822139,0.0010957981926811664
BANK_006,SCN_0001,Stressed,Stressed,0.011100625200036143,0.9822150111861423,0.006684363613822067
BANK_007,SCN_0001,Healthy,Healthy,0.9878041860575046,0.01203954793456014,0.00015626600793534984
BANK_008,SCN_0001,Stressed,Stressed,0.022691346818178353,0.9569310517482819,0.020377601433539796
BANK_009,SCN_0001,Healthy,Healthy,0.6104537471439537,0.3868313507441682,0.002714902111878201
BANK_010,SCN_0001,Stressed,Stressed,0.08482502726733937,0.7814100431993412,0.13376492953331984
BANK_011,SCN_0001,Healthy,Healthy,0.8766187093722457,0.12018957320286554,0.003191717424888913
BANK_012,SCN_0001,Healthy,Healthy,0.9926534991738518,0.007268157631279974,7.834319486832145e-05
BANK_013,SCN_0001,Critical,Critical,0.00016275595570074098,0.0002159087859223079,0.9996213352583769
BANK_014,SCN_0001,Stressed,Stressed,0.12770415591827428,0.8080617393590295,0.06423410472269668
BANK_015,SCN_0001,Stressed,Critical,0.0007907826498380868,0.38019098654125294,0.6190182308089089
BANK_016,SCN_0001,Healthy,Healthy,0.9849396404864011,0.014701098347899316,0.0003592611656994657
BANK_017,SCN_0001,Stressed,Stressed,0.016779246976815494,0.5495428395230264,0.4336779135001577
BANK_018,SCN_0001,Stressed,Stressed,0.08540399771161528,0.8955741271697818,0.019021875118603045
BANK_019,SCN_0001,Critical,Critical,0.0003567109204346153,0.0010561696613311372,0.9985871194182343
BANK_020,SCN_0001,Critical,Critical,4.363636363636364e-06,0.035113869302477105,0.9648817670611604
BANK_021,SCN_0001,Critical,Critical,0.0012355697119389732,0.36869818024532247,0.6300662500427392
BANK_022,SCN_0001,Critical,Critical,0.00016275595570074098,0.05894100827523796,0.9408962357690616
BANK_023,SCN_0001,Healthy,Healthy,0.8326227999947061,0.1599924667927463,0.0073847332125472655
BANK_024,SCN_0001,Stressed,Stressed,0.010671825924048296,0.9798704198609642,0.009457754214987481
BANK_025,SCN_0001,Stressed,Stressed,0.2449603672443235,0.6972856325560012,0.05775400019967478
BANK_026,SCN_0001,Healthy,Healthy,0.6638945108562727,0.32363708993319,0.012468399210538132
BANK_027,SCN_0001,Healthy,Stressed,0.4673895260896966,0.5048247401985131,0.027785733711790002
BANK_028,SCN_0001,Critical,Critical,0.0011047589250413146,0.26310176637323396,0.7357934747017254
BANK_029,SCN_0001,Stressed,Stressed,0.00854673743274768,0.5830835447724391,0.4083697177948129
BANK_030,SCN_0001,Critical,Critical,0.00019720171798062755,0.0012136423191619072,0.9985891559628575
BANK_031,SCN_0001,Healthy,Healthy,0.9647168203173494,0.030936170526421582,0.004347009156229142
BANK_032,SCN_0001,Healthy,Healthy,0.848714560463978,0.14764001305128957,0.00364542648473264
BANK_033,SCN_0001,Critical,Stressed,0.02956916138700964,0.5253914673991136,0.44503937121387654
BANK_034,SCN_0001,Stressed,Stressed,0.1685039513444542,0.7601122852410798,0.07138376341446616
BANK_035,SCN_0001,Healthy,Healthy,0.953522877358042,0.042888274244738706,0.003588848397219312
BANK_036,SCN_0001,Stressed,Healthy,0.736717632748662,0.25364658420344394,0.009635783047894442
BANK_037,SCN_0001,Stressed,Stressed,0.09444629369633598,0.8517728452471125,0.053780861056551964
BANK_038,SCN_0001,Stressed,Stressed,0.08136581898795725,0.8906246384924785,0.028009542519564747
BANK_039,SCN_0001,Healthy,Healthy,0.9912880466698736,0.007631764650881164,0.001080188679245283
BANK_040,SCN_0001,Healthy,Healthy,0.874201555522466,0.12537049507314532,0.00042794940438931116
BANK_001,SCN_0003,Healthy,Healthy,0.9948010659578209,0.005198934042179263,0.0
BANK_002,SCN_0003,Healthy,Healthy,0.9526061399633641,0.04604242840332352,0.001351431633312454
BANK_003,SCN_0003,Healthy,Healthy,0.9221683537540195,0.07447829394561915,0.0033533523003611283
BANK_004,SCN_0003,Healthy,Healthy,0.9773215834118283,0.022575389888440822,0.00010302669973139381
BANK_005,SCN_0003,Healthy,Healthy,0.9926615943196265,0.007308710094532692,2.9695585840432348e-05
BANK_006,SCN_0003,Stressed,Stressed,0.007353282485343005,0.9922769656336247,0.00036975188103239133
BANK_007,SCN_0003,Healthy,Healthy,0.9941331352316055,0.0058568017675205315,1.0063000873779424e-05
BANK_008,SCN_0003,Stressed,Stressed,0.33816923286128425,0.6595915143618741,0.002239252776840382
BANK_009,SCN_0003,Healthy,Healthy,0.9894453022963676,0.010296069918342005,0.0002586277852901405
BANK_010,SCN_0003,Stressed,Healthy,0.6094769615117165,0.38753861385786464,0.0029844246304184504
BANK_011,SCN_0003,Healthy,Healthy,0.9860875888599107,0.013873892081132043,3.85190589574575e-05
BANK_012,SCN_0003,Healthy,Healthy,0.993224547414723,0.006751299158981035,2.4153426296310142e-05
BANK_013,SCN_0003,Critical,Critical,0.0,0.00016420782552918536,0.9998357921744708
BANK_014,SCN_0003,Healthy,Healthy,0.8560037353746577,0.1410330055989562,0.0029632590263864683
BANK_015,SCN_0003,Stressed,Stressed,0.005035056433558638,0.9743296151792505,0.020635328387190992
BANK_016,SCN_0003,Healthy,Healthy,0.9941418728845474,0.005716340429357572,0.0001417866860953764
BANK_017,SCN_0003,Healthy,Stressed,0.09127250493541691,0.8864913668531478,0.0222361282114361
BANK_018,SCN_0003,Healthy,Healthy,0.9631284668639912,0.03637170259666137,0.0004998305393478362
BANK_019,SCN_0003,Critical,Critical,0.0,0.00048031496062992123,0.99951968503937
BANK_020,SCN_0003,Stressed,Critical,0.00042789953113375187,0.41479641868978123,0.5847756817790851
BANK_021,SCN_0003,Stressed,Stressed,0.022721708739097787,0.9624906734528447,0.014787617808057443
BANK_022,SCN_0003,Stressed,Critical,0.0011899236196679967,0.4815909691658745,0.5172191072144575
BANK_023,SCN_0003,Healthy,Healthy,0.9799862891331828,0.01975961018256566,0.00025410068425209644
BANK_024,SCN_0003,Healthy,Healthy,0.9803480763177689,0.018530129598906327,0.0011217940833246117
BANK_025,SCN_0003,Healthy,Healthy,0.8806899868052487,0.11678712620944488,0.002522886985305619
BANK_026,SCN_0003,Healthy,Healthy,0.9765360670354511,0.02325267378090864,0.00021125918364035034
BANK_027,SCN_0003,Healthy,Healthy,0.9613287566483963,0.03725224577131482,0.0014189975802885038
BANK_028,SCN_0003,Stressed,Stressed,0.05290311694770821,0.9375359134150527,0.009560969637239654
BANK_029,SCN_0003,Stressed,Stressed,0.04371249594807092,0.9311178799090125,0.025169624142916024
BANK_030,SCN_0003,Critical,Critical,0.0,0.0005289851887663165,0.9994710148112337
BANK_031,SCN_0003,Healthy,Healthy,0.9903256592931026,0.009496752648758879,0.00017758805813897856
BANK_032,SCN_0003,Healthy,Healthy,0.9850458641093005,0.014935257735792656,1.8878154906979613e-05
BANK_033,SCN_0003,Stressed,Stressed,0.08656758893163431,0.8691766049433417,0.044255806125023604
BANK_034,SCN_0003,Healthy,Healthy,0.904528922419314,0.0929990849079783,0.0024719926727080617
BANK_035,SCN_0003,Healthy,Healthy,0.989134577153532,0.010820388420972743,4.503442549523017e-05
BANK_036,SCN_0003,Healthy,Healthy,0.9791139761284471,0.020756724638508396,0.000129299233044834
BANK_037,SCN_0003,Healthy,Healthy,0.7989622862156547,0.2001637010575149,0.0008740127268309099
BANK_038,SCN_0003,Healthy,Healthy,0.9583650806660295,0.041488495388806355,0.00014642394516379366
BANK_039,SCN_0003,Healthy,Healthy,0.9975066099869029,0.002424473472509718,6.891654058727268e-05
BANK_040,SCN_0003,Healthy,Healthy,0.9895392336098312,0.010451555362981575,9.211027187305913e-06
BANK_001,SCN_0010,Healthy,Healthy,0.9564591735883836,0.04169467932865826,0.001846147082958853
BANK_002,SCN_0010,Stressed,Stressed,0.4704164265196718,0.5022774977728255,0.027306075707502465
BANK_003,SCN_0010,Healthy,Stressed,0.3326628467566444,0.6199146841468444,0.047422469096510746
BANK_004,SCN_0010,Healthy,Healthy,0.7493518763145718,0.24631118472064972,0.004336938964778502
BANK_005,SCN_0010,Healthy,Healthy,0.9857913281917915,0.013112873615527256,0.0010957981926811664
BANK_006,SCN_0010,Stressed,Stressed,0.011100625200036143,0.9822150111861423,0.006684363613822067
BANK_007,SCN_0010,Healthy,Healthy,0.9878428334005,0.01200090059156497,0.00015626600793534984
BANK_008,SCN_0010,Stressed,Stressed,0.022691346818178353,0.9569310517482819,0.020377601433539796
BANK_009,SCN_0010,Healthy,Healthy,0.6045070822754374,0.3927343474904135,0.0027585702341489434
BANK_010,SCN_0010,Stressed,Stressed,0.0834791359811024,0.7813349985647922,0.13518586545410588
BANK_011,SCN_0010,Healthy,Healthy,0.8494524885908479,0.14735579398426352,0.003191717424888913
BANK_012,SCN_0010,Healthy,Healthy,0.9923750625572583,0.0075465942478734295,7.834319486832145e-05
BANK_013,SCN_0010,Critical,Critical,0.00016275595570074098,0.0002159087859223079,0.9996213352583769
BANK_014,SCN_0010,Stressed,Stressed,0.12780191167129318,0.8044520218835225,0.06774606644518476
BANK_015,SCN_0010,Stressed,Critical,0.0007565946156500527,0.37695266453846016,0.6222907408458898
BANK_016,SCN_0010,Healthy,Healthy,0.984890293113399,0.014750445720901383,0.0003592611656994657
BANK_017,SCN_0010,Stressed,Stressed,0.016566925969607505,0.5572167213920108,0.42621635263838137
BANK_018,SCN_0010,Stressed,Stressed,0.08397003123116835,0.8969480936502287,0.01908187511860305
BANK_019,SCN_0010,Critical,Critical,0.0003567109204346153,0.0010129638185481277,0.9986303252610174
BANK_020,SCN_0010,Critical,Critical,4.363636363636364e-06,0.034133028619143115,0.9658626077444942
BANK_021,SCN_0010,Critical,Critical,0.001184287660656922,0.35859226283522305,0.6402234495041204
BANK_022,SCN_0010,Critical,Critical,0.00016275595570074098,0.013520287235574767,0.9863169568087249
BANK_023,SCN_0010,Healthy,Healthy,0.8317268625987687,0.16088840418868372,0.0073847332125472655
BANK_024,SCN_0010,Stressed,Stressed,0.010671825924048296,0.9798704198609642,0.009457754214987481
BANK_025,SCN_0010,Stressed,Stressed,0.2375984665422091,0.7039761277853084,0.05842540567248203
BANK_026,SCN_0010,Healthy,Healthy,0.6620031430063137,0.3254847896608782,0.012512067332808876
BANK_027,SCN_0010,Healthy,Stressed,0.4630726665201196,0.5084904936568101,0.028436839823070024
BANK_028,SCN_0010,Stressed,Critical,0.0010348566051389947,0.2623045746623141,0.7366605687325475
BANK_029,SCN_0010,Critical,Stressed,0.008319826567026047,0.5502876634139424,0.441392510019031
BANK_030,SCN_0010,Critical,Critical,0.00019720171798062755,0.0012136423191619072,0.9985891559628575
BANK_031,SCN_0010,Healthy,Healthy,0.9646927894000434,0.030960201443727454,0.004347009156229142
BANK_032,SCN_0010,Healthy,Healthy,0.8404509261845179,0.15585997920847863,0.0036890946070033824
BANK_033,SCN_0010,Critical,Stressed,0.029041760430943624,0.5109441825007136,0.4600140570683424
BANK_034,SCN_0010,Stressed,Stressed,0.1687811859436294,0.7597750506419046,0.07144376341446616
BANK_035,SCN_0010,Healthy,Healthy,0.9530646782497508,0.043346473353029984,0.003588848397219312
BANK_036,SCN_0010,Healthy,Healthy,0.7278090265493883,0.2625115222804471,0.009679451170165183
BANK_037,SCN_0010,Healthy,Stressed,0.12910219450031252,0.810723996913194,0.06017380858649382
BANK_038,SCN_0010,Stressed,Stressed,0.08075043437257265,0.8912400231078632,0.028009542519564747
BANK_039,SCN_0010,Healthy,Healthy,0.991264430607814,0.007655380712940654,0.001080188679245283
BANK_040,SCN_0010,Healthy,Healthy,0.8713626850601769,0.1281656974131637,0.00047161752666005353
BANK_001,SCN_0012,Healthy,Healthy,0.994807476214231,0.005192523785769006,0.0
BANK_002,SCN_0012,Healthy,Healthy,0.9529877562145918,0.045660812152095775,0.001351431633312454
BANK_003,SCN_0012,Healthy,Healthy,0.9235567538812691,0.07314756823697421,0.003295677881756477
BANK_004,SCN_0012,Healthy,Healthy,0.9773215834118283,0.022575389888440822,0.00010302669973139381
BANK_005,SCN_0012,Healthy,Healthy,0.9926615943196265,0.007308710094532692,2.9695585840432348e-05
BANK_006,SCN_0012,Stressed,Stressed,0.007136134717084244,0.9925705671632111,0.00029329811970473554
BANK_007,SCN_0012,Healthy,Healthy,0.9941766134924751,0.005813323506650966,1.0063000873779424e-05
BANK_008,SCN_0012,Healthy,Healthy,0.7287498422051567,0.26997640446743437,0.0012737533274094228
BANK_009,SCN_0012,Healthy,Healthy,0.9894517125527779,0.010289659661931747,0.0002586277852901405
BANK_010,SCN_0012,Healthy,Healthy,0.6875372964502304,0.30994781934310334,0.0025148842066663045
BANK_011,SCN_0012,Healthy,Healthy,0.9861313844803486,0.013830096460694087,3.85190589574575e-05
BANK_012,SCN_0012,Healthy,Healthy,0.993224547414723,0.006751299158981035,2.4153426296310142e-05
BANK_013,SCN_0012,Critical,Critical,0.0,0.00016420782552918536,0.9998357921744708
BANK_014,SCN_0012,Healthy,Healthy,0.8807544515801613,0.11633996381205723,0.0029055846077818176
BANK_015,SCN_0012,Stressed,Stressed,0.006755260503864446,0.9733654511749588,0.01987928832117741
BANK_016,SCN_0012,Healthy,Healthy,0.9941418728845474,0.005716340429357572,0.0001417866860953764
BANK_017,SCN_0012,Stressed,Stressed,0.10218557131128457,0.87646194789966,0.02135248078905691
BANK_018,SCN_0012,Healthy,Healthy,0.9631284668639912,0.03637170259666137,0.0004998305393478362
BANK_019,SCN_0012,Critical,Critical,0.0,0.00048031496062992123,0.99951968503937
BANK_020,SCN_0012,Stressed,Stressed,0.00042789953113375187,0.7999396868408954,0.19963241362797182
BANK_021,SCN_0012,Stressed,Stressed,0.025668377406200333,0.9609523145763252,0.01337930801747436
BANK_022,SCN_0012,Stressed,Stressed,0.0011899236196679967,0.5747319788815207,0.4240780974988114
BANK_023,SCN_0012,Healthy,Healthy,0.9799862891331828,0.01975961018256566,0.00025410068425209644
BANK_024,SCN_0012,Healthy,Healthy,0.9808016845651916,0.01807652135148365,0.0011217940833246117
BANK_025,SCN_0012,Healthy,Healthy,0.8863176823570941,0.1111594306575996,0.002522886985305619
BANK_026,SCN_0012,Healthy,Healthy,0.9765424772918614,0.02324626352449838,0.00021125918364035034
BANK_027,SCN_0012,Healthy,Healthy,0.9611616203259131,0.03741938209379798,0.0014189975802885038
BANK_028,SCN_0012,Stressed,Stressed,0.012164443309387686,0.9786781882035753,0.009157368487037307
BANK_029,SCN_0012,Stressed,Stressed,0.08327680544778902,0.8929923832315962,0.023730811320615143
BANK_030,SCN_0012,Critical,Critical,0.0,0.0005289851887663165,0.9994710148112337
BANK_031,SCN_0012,Healthy,Healthy,0.9903368324774601,0.009485579464401336,0.00017758805813897856
BANK_032,SCN_0012,Healthy,Healthy,0.9867587284536774,0.013222393391415762,1.8878154906979613e-05
BANK_033,SCN_0012,Stressed,Stressed,0.10602512728220614,0.8517941975188321,0.04218067519896155
BANK_034,SCN_0012,Healthy,Healthy,0.9094729489339387,0.08808846131610924,0.0024385897499523204
BANK_035,SCN_0012,Healthy,Healthy,0.9891457503378895,0.0108092152366152,4.503442549523017e-05
BANK_036,SCN_0012,Healthy,Healthy,0.9791139761284471,0.020756724638508396,0.000129299233044834
BANK_037,SCN_0012,Healthy,Healthy,0.8400233162563264,0.15962233800196662,0.00035434574170739423
BANK_038,SCN_0012,Healthy,Healthy,0.9628917707999328,0.0369618052549032,0.00014642394516379366
BANK_039,SCN_0012,Healthy,Healthy,0.9975066099869029,0.002424473472509718,6.891654058727268e-05
BANK_040,SCN_0012,Healthy,Healthy,0.9895392336098312,0.010451555362981575,9.211027187305913e-06
BANK_001,SCN_0016,Healthy,Healthy,0.8958433705695604,0.10200718731442543,0.0021494421160145587
BANK_002,SCN_0016,Stressed,Stressed,0.3043656204224548,0.6365863969419687,0.0590479826355764
BANK_003,SCN_0016,Stressed,Stressed,0.20210467800177828,0.6855743885372952,0.11232093346092654
BANK_004,SCN_0016,Healthy,Healthy,0.5049193338462513,0.4859918931436872,0.009088773010061293
BANK_005,SCN_0016,Healthy,Healthy,0.9871238576166264,0.011780344190692536,0.0010957981926811664
BANK_006,SCN_0016,Stressed,Stressed,0.008772635487440715,0.9727642231926078,0.01846314131995185
BANK_007,SCN_0016,Healthy,Healthy,0.9873034969219834,0.012619721125769484,7.678195224719102e-05
BANK_008,SCN_0016,Stressed,Stressed,0.013222575092423201,0.9106397390683567,0.07613768583922056
BANK_009,SCN_0016,Stressed,Stressed,0.46844650860987125,0.5278046474283028,0.0037488439618260897
BANK_010,SCN_0016,Critical,Stressed,0.021564374191837064,0.5364794628140714,0.4419561629940912
BANK_011,SCN_0016,Stressed,Healthy,0.678064541797322,0.3149570515191077,0.006978406683570798
BANK_012,SCN_0016,Healthy,Healthy,0.9916693145962483,0.008252342208883233,7.834319486832145e-05
BANK_013,SCN_0016,Critical,Critical,0.00015950920245398772,0.00028721396049851056,0.9995532768370475
BANK_014,SCN_0016,Stressed,Stressed,0.03378949203489118,0.691939134031169,0.2742713739339403
BANK_015,SCN_0016,Critical,Critical,0.0007058191422803329,0.29100601947012306,0.7082881613875966
BANK_016,SCN_0016,Healthy,Healthy,0.9801539238646644,0.019438963220634348,0.0004071129147011516
BANK_017,SCN_0016,Critical,Critical,0.005759905623245258,0.36927450394580374,0.6249655904309506
BANK_018,SCN_0016,Stressed,Stressed,0.06343109864536596,0.913796540005969,0.02277236134866505
BANK_019,SCN_0016,Critical,Critical,0.0003567109204346153,0.0009064568503390318,0.9987368322292264
BANK_020,SCN_0016,Critical,Critical,4.363636363636364e-06,0.024152897597903795,0.9758427387657329
BANK_021,SCN_0016,Stressed,Critical,0.0003538299575115683,0.2743141676234318,0.7253320024190567
BANK_022,SCN_0016,Critical,Critical,0.00016275595570074098,0.03600578734119034,0.9638314567031097
BANK_023,SCN_0016,Stressed,Stressed,0.33749141679430844,0.6489838387758528,0.013524744429838831
BANK_024,SCN_0016,Stressed,Stressed,0.00709358332758828,0.9729670488856116,0.019939367786799826
BANK_025,SCN_0016,Stressed,Stressed,0.15543351568487612,0.7051995070718408,0.13936697724328306
BANK_026,SCN_0016,Stressed,Stressed,0.48537496685123344,0.49653279954419544,0.01809223360457118
BANK_027,SCN_0016,Stressed,Stressed,0.28758395265417,0.6449659570924209,0.06745009025340933
BANK_028,SCN_0016,Stressed,Critical,0.0009821546857649683,0.18836478400136153,0.8106530613128738
BANK_029,SCN_0016,Critical,Critical,0.004322337089262604,0.34019546098306086,0.6554822019276771
BANK_030,SCN_0016,Critical,Critical,0.00019720171798062755,0.0012136423191619072,0.9985891559628575
BANK_031,SCN_0016,Healthy,Healthy,0.960776610473466,0.03468843171936971,0.004534957807164271
BANK_032,SCN_0016,Stressed,Stressed,0.4633321536143155,0.5282252278775172,0.008442618508167082
BANK_033,SCN_0016,Critical,Critical,0.019162465658507738,0.35107945808046914,0.6297580762610233
BANK_034,SCN_0016,Stressed,Stressed,0.07286884971663046,0.7444455386977888,0.1826856115855809
BANK_035,SCN_0016,Healthy,Healthy,0.9378876068176014,0.05767095194942076,0.00444144123297783
BANK_036,SCN_0016,Healthy,Healthy,0.5182050337569138,0.46870079559426137,0.013094170648824906
BANK_037,SCN_0016,Stressed,Stressed,0.02402471673228929,0.5672632897502765,0.40871199351743437
BANK_038,SCN_0016,Stressed,Stressed,0.0326468304880705,0.8983442528530342,0.06900891665889508
BANK_039,SCN_0016,Healthy,Healthy,0.9208650276408468,0.07805478367990805,0.001080188679245283
BANK_040,SCN_0016,Healthy,Healthy,0.5799663663768325,0.4173167288280185,0.002716904795149094
BANK_001,SCN_0019,Healthy,Healthy,0.9922728282803283,0.007727171719671936,0.0
BANK_002,SCN_0019,Healthy,Healthy,0.9208446399427876,0.07766735983950493,0.0014880002177071255
BANK_003,SCN_0019,Healthy,Healthy,0.7788494876108825,0.21606277025226386,0.0050877421368534775
BANK_004,SCN_0019,Healthy,Healthy,0.9663555465676297,0.03354142673263948,0.00010302669973139381
BANK_005,SCN_0019,Healthy,Healthy,0.9908481507134967,0.009122153700662595,2.9695585840432348e-05
BANK_006,SCN_0019,Stressed,Stressed,0.005899663627722563,0.9935138624437089,0.0005864739285687009
BANK_007,SCN_0019,Healthy,Healthy,0.9906799123795673,0.009310024619558687,1.0063000873779424e-05
BANK_008,SCN_0019,Stressed,Stressed,0.04751098233837633,0.9464101260363229,0.006078891625300843
BANK_009,SCN_0019,Healthy,Healthy,0.9827005420618504,0.016997034532421327,0.00030242340572809675
BANK_010,SCN_0019,Stressed,Stressed,0.17779404181108222,0.8081792331410795,0.014026725047837993
BANK_011,SCN_0019,Healthy,Healthy,0.9821303331216876,0.017831147819355075,3.85190589574575e-05
BANK_012,SCN_0019,Healthy,Healthy,0.9900353920243068,0.009940454549397338,2.4153426296310142e-05
BANK_013,SCN_0019,Critical,Critical,0.0,0.00016420782552918536,0.9998357921744708
BANK_014,SCN_0019,Stressed,Stressed,0.43821949176274894,0.5522800742404019,0.009500433996849196
BANK_015,SCN_0019,Stressed,Stressed,0.004129272834702842,0.9212648669293768,0.07460586023592125
BANK_016,SCN_0019,Healthy,Healthy,0.9924113799946483,0.007446833319256434,0.0001417866860953764
BANK_017,SCN_0019,Stressed,Stressed,0.042026663901634315,0.9243099786544179,0.03366335744394869
BANK_018,SCN_0019,Healthy,Healthy,0.9260983091350017,0.07307131493039912,0.0008303759345991138
BANK_019,SCN_0019,Critical,Critical,0.0,0.00010042186110007847,0.9998995781388998
BANK_020,SCN_0019,Critical,Critical,0.0002830607837087318,0.1434211950292085,0.8562957441870831
BANK_021,SCN_0019,Stressed,Stressed,0.014814246730233505,0.8051739377248159,0.180011815544951
BANK_022,SCN_0019,Stressed,Critical,0.0,0.07738930798252325,0.9226106920174759
BANK_023,SCN_0019,Healthy,Healthy,0.971479698887351,0.02825666147768142,0.00026363963496751767
BANK_024,SCN_0019,Healthy,Healthy,0.9211156633158799,0.07746709200002691,0.0014172446840927657
BANK_025,SCN_0019,Healthy,Healthy,0.6245567843691454,0.3687169717468696,0.006726243883985109
BANK_026,SCN_0019,Healthy,Healthy,0.9712067876824638,0.028575935309940795,0.00021727700759520828
BANK_027,SCN_0019,Healthy,Healthy,0.9303493061572458,0.06809512767807051,0.001555566164683175
BANK_028,SCN_0019,Critical,Stressed,0.005682423849124645,0.978566282920295,0.015751293230581144
BANK_029,SCN_0019,Critical,Stressed,0.029313754767341507,0.9416723034804686,0.029013941752189472
BANK_030,SCN_0019,Critical,Critical,0.0,0.00012734584450402144,0.999872654155496
BANK_031,SCN_0019,Healthy,Healthy,0.9883969431294224,0.011425468812438893,0.00017758805813897856
BANK_032,SCN_0019,Healthy,Healthy,0.9845144474426955,0.015476523758714162,9.028798590348542e-06
BANK_033,SCN_0019,Stressed,Stressed,0.07991965619006514,0.8694066325252218,0.0506737112847126
BANK_034,SCN_0019,Healthy,Healthy,0.6332048126527369,0.36105194716836253,0.005743240178900567
BANK_035,SCN_0019,Healthy,Healthy,0.9845501276248487,0.01540835907641655,4.151329873466679e-05
BANK_036,SCN_0019,Healthy,Healthy,0.9750311078790882,0.024833575063912327,0.00013531705699969192
BANK_037,SCN_0019,Healthy,Stressed,0.22683411467873135,0.76180041812837,0.011365467192898226
BANK_038,SCN_0019,Healthy,Healthy,0.7639788104164972,0.23451796980283796,0.0015032197806644555
BANK_039,SCN_0019,Healthy,Healthy,0.9975230892967244,0.002476910703275462,0.0
BANK_040,SCN_0019,Healthy,Healthy,0.9879259332831879,0.01206837681638544,5.689900426742532e-06
BANK_001,SCN_0023,Healthy,Healthy,0.7294427815859478,0.2679857880280295,0.0025714303860229376
BANK_002,SCN_0023,Stressed,Stressed,0.30664395657724836,0.6088015269599082,0.08455451646284351
BANK_003,SCN_0023,Healthy,Stressed,0.17976429376044792,0.6546126006510044,0.16562310558854815
BANK_004,SCN_0023,Stressed,Stressed,0.4472641959817825,0.5403663102792197,0.012369493738997662
BANK_005,SCN_0023,Healthy,Healthy,0.9855971569832348,0.012957221502529447,0.0014456215142359366
BANK_006,SCN_0023,Stressed,Stressed,0.005735584597809082,0.9749209974188798,0.019343417983311136
BANK_007,SCN_0023,Healthy,Healthy,0.9895537857951546,0.010285141064858856,0.00016107313998665461
BANK_008,SCN_0023,Stressed,Stressed,0.010557191123033173,0.7757771740662064,0.21366563481076076
BANK_009,SCN_0023,Healthy,Stressed,0.48871784336223567,0.5065328290471867,0.004749327590577645
BANK_010,SCN_0023,Critical,Critical,0.014588552149129373,0.41168388493165947,0.5737275629192112
BANK_011,SCN_0023,Healthy,Stressed,0.4029377794945221,0.5869293467754899,0.010132873729987963
BANK_012,SCN_0023,Healthy,Healthy,0.9903652817423878,0.009556375062743948,7.834319486832145e-05
BANK_013,SCN_0023,Critical,Critical,0.00015950920245398772,0.00018721396049851052,0.9996532768370475
BANK_014,SCN_0023,Critical,Stressed,0.025381590844697797,0.6414360000144412,0.33318240914086206
BANK_015,SCN_0023,Critical,Critical,0.0007058191422803329,0.04984425710968042,0.9494499237480394
BANK_016,SCN_0023,Healthy,Healthy,0.9816882089314423,0.01778710640929871,0.0005246846592589751
BANK_017,SCN_0023,Critical,Critical,0.004733729119660362,0.298871268875216,0.6963950020051233
BANK_018,SCN_0023,Stressed,Stressed,0.0568905519243525,0.9147823520766921,0.02832709599895544
BANK_019,SCN_0023,Critical,Critical,0.0003567109204346153,0.0009064568503390318,0.9987368322292264
BANK_020,SCN_0023,Critical,Critical,4.363636363636364e-06,0.010797798717383119,0.9891978376462538
BANK_021,SCN_0023,Critical,Critical,0.0006665868161171038,0.19828709341151568,0.8010463197723675
BANK_022,SCN_0023,Critical,Critical,0.00016275595570074098,0.006832218585515275,0.9930050254587844
BANK_023,SCN_0023,Stressed,Stressed,0.05492572573422501,0.9294270644683236,0.015647209797451392
BANK_024,SCN_0023,Stressed,Stressed,0.006197417542719805,0.9581913352914376,0.03561124716584184
BANK_025,SCN_0023,Stressed,Stressed,0.1286789828150035,0.642364067352959,0.22895694983203776
BANK_026,SCN_0023,Stressed,Stressed,0.38447202315366896,0.5945431507380619,0.020984826108269274
BANK_027,SCN_0023,Healthy,Stressed,0.26260346381147986,0.5799539278223868,0.15744260836613305
BANK_028,SCN_0023,Critical,Critical,0.000923821352431635,0.23312530171017862,0.7659508769373903
BANK_029,SCN_0023,Critical,Critical,0.004446563990024808,0.27328391887620057,0.7222695171337751
BANK_030,SCN_0023,Critical,Critical,0.00019720171798062755,0.0012136423191619072,0.9985891559628575
BANK_031,SCN_0023,Healthy,Healthy,0.96286626608862,0.032012302792286625,0.00512143111909339
BANK_032,SCN_0023,Stressed,Stressed,0.05159055626050113,0.9378206805979162,0.010588763141582577
BANK_033,SCN_0023,Critical,Critical,0.016422182273099977,0.2925278157458813,0.6910500019810185
BANK_034,SCN_0023,Critical,Stressed,0.05521143052891159,0.6771762084177539,0.26761236105333497
BANK_035,SCN_0023,Healthy,Healthy,0.9325247482306824,0.06149729678048444,0.005977954988832897
BANK_036,SCN_0023,Stressed,Stressed,0.4489183927470064,0.5352117868304456,0.015869820422548194
BANK_037,SCN_0023,Stressed,Stressed,0.0363843981618646,0.6883161484131982,0.27529945342493745
BANK_038,SCN_0023,Stressed,Stressed,0.025594523223631246,0.8618407416512703,0.11256473512509856
BANK_039,SCN_0023,Healthy,Healthy,0.9507396751621253,0.04818013615862951,0.001080188679245283
BANK_040,SCN_0023,Stressed,Stressed,0.34816308045009914,0.6480150725999688,0.0038218469499319277
BANK_001,SCN_0031,Healthy,Healthy,0.9642312745094451,0.03392257840759677,0.001846147082958853
BANK_002,SCN_0031,Healthy,Healthy,0.50187475579734,0.4744177430630934,0.023707501139566288
BANK_003,SCN_0031,Healthy,Stressed,0.35227421355327754,0.6050090052637538,0.04271678118296845
BANK_004,SCN_0031,Healthy,Healthy,0.7400459288636276,0.2557742920173889,0.004179779118983554
BANK_005,SCN_0031,Healthy,Healthy,0.9843569427583513,0.01454725904896761,0.0010957981926811664
BANK_006,SCN_0031,Stressed,Stressed,0.011256110914781448,0.9830046147136099,0.005739274371609302
BANK_007,SCN_0031,Healthy,Healthy,0.9884924745524792,0.011351259439585827,0.00015626600793534984
BANK_008,SCN_0031,Stressed,Stressed,0.026060564408801286,0.9539730126403606,0.01996642295083799
BANK_009,SCN_0031,Healthy,Healthy,0.7597484332517581,0.23762437733338265,0.0026271894148590957
BANK_010,SCN_0031,Stressed,Stressed,0.08959628607885708,0.7802784007440927,0.13012531317705048
BANK_011,SCN_0031,Healthy,Healthy,0.9010869884945248,0.0960036713176856,0.0029093401877896166
BANK_012,SCN_0031,Healthy,Healthy,0.9909260706494932,0.008995586155638648,7.834319486832145e-05
BANK_013,SCN_0031,Critical,Critical,0.00016275595570074098,0.0002159087859223079,0.9996213352583769
BANK_014,SCN_0031,Stressed,Stressed,0.14419353217949013,0.8000967119312561,0.055709755889254524
BANK_015,SCN_0031,Stressed,Critical,0.0008044812799750732,0.3904209890446849,0.6087745296753397
BANK_016,SCN_0031,Healthy,Healthy,0.9828306940629782,0.016810044771322107,0.0003592611656994657
BANK_017,SCN_0031,Stressed,Stressed,0.02856722335613432,0.5264195768094179,0.4450131998344473
BANK_018,SCN_0031,Stressed,Stressed,0.1196151229057119,0.8638785680646468,0.016506309029641442
BANK_019,SCN_0031,Critical,Critical,0.0003567109204346153,0.0010561696613311372,0.9985871194182343
BANK_020,SCN_0031,Critical,Critical,4.363636363636364e-06,0.06230649754830648,0.9376891388153303
BANK_021,SCN_0031,Critical,Stressed,0.0016911290420075767,0.53451901555318,0.4637898554048124
BANK_022,SCN_0031,Critical,Critical,0.00016275595570074098,0.02336907894358916,0.9764681651007106
BANK_023,SCN_0031,Healthy,Healthy,0.8477320350177362,0.14595801775281625,0.0063099472294472604
BANK_024,SCN_0031,Stressed,Stressed,0.013775923034463509,0.9772260939968708,0.008997982968665767
BANK_025,SCN_0031,Stressed,Stressed,0.2508275432192317,0.6955547167142955,0.05361774006647206
BANK_026,SCN_0031,Healthy,Healthy,0.7190962637111953,0.26962795404838663,0.011275782240418376
BANK_027,SCN_0031,Healthy,Healthy,0.5495971926446264,0.4261168751632042,0.02428593219216939
BANK_028,SCN_0031,Stressed,Critical,0.0011047589250413146,0.42349735207108563,0.5753978890038735
BANK_029,SCN_0031,Stressed,Stressed,0.00951190055599643,0.6176676308130551,0.37282046863094787
BANK_030,SCN_0031,Critical,Critical,0.00019720171798062755,0.0012136423191619072,0.9985891559628575
BANK_031,SCN_0031,Healthy,Healthy,0.9634011142240364,0.0326815848425461,0.003917300933417471
BANK_032,SCN_0031,Healthy,Healthy,0.872882900541235,0.12422623262829187,0.002890866830473171
BANK_033,SCN_0031,Stressed,Stressed,0.03096265924639332,0.5253929461161051,0.44364439463750144
BANK_034,SCN_0031,Stressed,Stressed,0.20848577848294234,0.7282317063826769,0.06328251513438125
BANK_035,SCN_0031,Healthy,Healthy,0.9546426586091209,0.04179929183870317,0.0035580495521760004
BANK_036,SCN_0031,Healthy,Healthy,0.7805925734314072,0.2105763940154017,0.008831032553190859
BANK_037,SCN_0031,Healthy,Stressed,0.0947144545794437,0.8558410886176094,0.049444456802947366
BANK_038,SCN_0031,Stressed,Stressed,0.19734744285143707,0.7798657422315393,0.02278681491702362
BANK_039,SCN_0031,Healthy,Healthy,0.9905647272558218,0.00835508406493276,0.001080188679245283
BANK_040,SCN_0031,Healthy,Healthy,0.901058854434187,0.0985460319823198,0.00039511358349378876
BANK_001,SCN_0034,Healthy,Healthy,0.8155624565689059,0.18193827799352538,0.002499265437569329
BANK_002,SCN_0034,Healthy,Stressed,0.2545723842045472,0.6737965460135429,0.07163106978191028
BANK_003,SCN_0034,Stressed,Stressed,0.16659645697180367,0.694123137932432,0.13928040509576445
BANK_004,SCN_0034,Stressed,Stressed,0.44376101160608517,0.5449457372437224,0.011293251150191917
BANK_005,SCN_0034,Healthy,Healthy,0.9863787267084385,0.012175651777325654,0.0014456215142359366
BANK_006,SCN_0034,Stressed,Stressed,0.006099879264649022,0.9759789598070432,0.017921160928307738
BANK_007,SCN_0034,Healthy,Healthy,0.989221740322625,0.01061718653738833,0.00016107313998665461
BANK_008,SCN_0034,Stressed,Stressed,0.011868593865571379,0.9048424175102445,0.08328898862418446
BANK_009,SCN_0034,Stressed,Stressed,0.3572578943609986,0.6380649429968775,0.0046771626421240374
BANK_010,SCN_0034,Stressed,Critical,0.014525203634707343,0.3588684030940752,0.6266063932712173
BANK_011,SCN_0034,Healthy,Healthy,0.5830081889332461,0.4083253400836213,0.008666470983132541
BANK_012,SCN_0034,Healthy,Healthy,0.9905540884130011,0.009367568392130638,7.834319486832145e-05
BANK_013,SCN_0034,Critical,Critical,0.00015950920245398772,0.00018721396049851052,0.9996532768370475
BANK_014,SCN_0034,Stressed,Stressed,0.025836810997977785,0.6909969172219368,0.28316627178008563
BANK_015,SCN_0034,Critical,Critical,0.0007058191422803329,0.05105452188976573,0.948239658967954
BANK_016,SCN_0034,Healthy,Healthy,0.980944298904073,0.01846539589458523,0.0005903052013417141
BANK_017,SCN_0034,Critical,Critical,0.004857781740261971,0.3954354411317178,0.5997067771280199
BANK_018,SCN_0034,Stressed,Stressed,0.05802108972640142,0.9172658807476413,0.02471302952595739
BANK_019,SCN_0034,Critical,Critical,0.0003567109204346153,0.0009064568503390318,0.9987368322292264
BANK_020,SCN_0034,Critical,Critical,4.363636363636364e-06,0.010797798717383119,0.9891978376462538
BANK_021,SCN_0034,Critical,Critical,0.0006665868161171038,0.1897008743121893,0.8096325388716943
BANK_022,SCN_0034,Critical,Critical,0.00016275595570074098,0.006832218585515275,0.9930050254587844
BANK_023,SCN_0034,Stressed,Stressed,0.055018671874186895,0.9293312783254709,0.015650049800342368
BANK_024,SCN_0034,Stressed,Stressed,0.006582759938754039,0.9433018447926069,0.05011539526863837
BANK_025,SCN_0034,Stressed,Stressed,0.13000195498175163,0.704945534794686,0.1650525102235627
BANK_026,SCN_0034,Healthy,Stressed,0.36873058965326866,0.610152801655295,0.021116608691436153
BANK_027,SCN_0034,Stressed,Stressed,0.25349020702855407,0.6668596963010367,0.07965009667040984
BANK_028,SCN_0034,Critical,Critical,0.000923821352431635,0.15275137555360535,0.8463248030939632
BANK_029,SCN_0034,Stressed,Critical,0.004410806704016527,0.28760269191526594,0.7079865013807178
BANK_030,SCN_0034,Critical,Critical,0.00019720171798062755,0.0012136423191619072,0.9985891559628575
BANK_031,SCN_0034,Healthy,Healthy,0.9617604161267691,0.03305253221205487,0.005187051661176128
BANK_032,SCN_0034,Stressed,Stressed,0.05157765091258778,0.9380921196365316,0.010330229450880631
BANK_033,SCN_0034,Stressed,Critical,0.016386424987091693,0.3003253682029056,0.6832882068100028
BANK_034,SCN_0034,Stressed,Stressed,0.06165737322954841,0.7438747229592269,0.19446790381122522
BANK_035,SCN_0034,Healthy,Healthy,0.9316528291594728,0.06230359530961143,0.006043575530915636
BANK_036,SCN_0034,Stressed,Stressed,0.4207681764175941,0.5645816195365846,0.014650204045821314
BANK_037,SCN_0034,Stressed,Stressed,0.021867431243268672,0.5671777475792353,0.41095482117749615
BANK_038,SCN_0034,Stressed,Stressed,0.028842095293966183,0.8960900787836753,0.07506782592235872
BANK_039,SCN_0034,Healthy,Healthy,0.984420382288182,0.014499429032572883,0.001080188679245283
BANK_040,SCN_0034,Stressed,Stressed,0.48608358958415804,0.5100945634659098,0.0038218469499319277
BANK_001,SCN_0040,Healthy,Healthy,0.9817851072007692,0.018186230378849054,2.8662420382165606e-05
BANK_002,SCN_0040,Stressed,Healthy,0.8318206540414753,0.16345271978738643,0.004726626171138607
BANK_003,SCN_0040,Healthy,Healthy,0.6997351892248486,0.289245423920477,0.011019386854674108
BANK_004,SCN_0040,Healthy,Healthy,0.9043457832741693,0.09531810119152823,0.00033611553430253706
BANK_005,SCN_0040,Healthy,Healthy,0.9836547406823309,0.01631556373182832,2.9695585840432348e-05
BANK_006,SCN_0040,Stressed,Stressed,0.009788902958739345,0.9893683180030965,0.0008427790381641903
BANK_007,SCN_0040,Healthy,Healthy,0.9868675885426462,0.013122348456479985,1.0063000873779424e-05
BANK_008,SCN_0040,Stressed,Stressed,0.052487615753933875,0.9379660781775024,0.00954630606856304
BANK_009,SCN_0040,Healthy,Healthy,0.9098888963548775,0.08980036999008705,0.0003107336550355759
BANK_010,SCN_0040,Stressed,Stressed,0.17751728806641812,0.7994108605811413,0.023071851352439728
BANK_011,SCN_0040,Healthy,Healthy,0.9708817657639364,0.029025954160290593,9.228007577328724e-05
BANK_012,SCN_0040,Healthy,Healthy,0.9870928357002846,0.012883010873419665,2.4153426296310142e-05
BANK_013,SCN_0040,Critical,Critical,0.0,0.00016420782552918536,0.9998357921744708
BANK_014,SCN_0040,Stressed,Stressed,0.4054283379066868,0.5809745978998645,0.013597064193448541
BANK_015,SCN_0040,Stressed,Stressed,0.004095339049549424,0.8870751907589054,0.10882947019154608
BANK_016,SCN_0040,Healthy,Healthy,0.9873128148184298,0.012545398495474735,0.0001417866860953764
BANK_017,SCN_0040,Stressed,Stressed,0.03877346712053405,0.9145366557399077,0.04668987713955899
BANK_018,SCN_0040,Healthy,Healthy,0.7209919111637987,0.2767521291614723,0.002255959674729691
BANK_019,SCN_0040,Critical,Critical,0.0,0.00011749503183178578,0.9998825049681682
BANK_020,SCN_0040,Critical,Critical,0.0002571428571428571,0.135436139385735,0.8643067177571221
BANK_021,SCN_0040,Stressed,Stressed,0.013224995232069846,0.75273406744281,0.2340409373251199
BANK_022,SCN_0040,Critical,Critical,0.0,0.08651260928274083,0.9134873907172587
BANK_023,SCN_0040,Healthy,Healthy,0.9602913103435714,0.039190740392683526,0.0005179492637452316
BANK_024,SCN_0040,Stressed,Healthy,0.5641762062453058,0.43303040495711753,0.002793388797577397
BANK_025,SCN_0040,Stressed,Healthy,0.5538261028939166,0.4320050988073283,0.014168798298755132
BANK_026,SCN_0040,Healthy,Healthy,0.9291758628285561,0.07060686016384844,0.00021727700759520828
BANK_027,SCN_0040,Healthy,Healthy,0.8341412098811637,0.16262711209122002,0.003231678027615723
BANK_028,SCN_0040,Stressed,Stressed,0.004579543422376314,0.9410726159709003,0.054347840606724505
BANK_029,SCN_0040,Stressed,Stressed,0.026811392210283724,0.9332667499789777,0.03992185781073834
BANK_030,SCN_0040,Critical,Critical,0.0,0.00012734584450402144,0.999872654155496
BANK_031,SCN_0040,Healthy,Healthy,0.9810045179178191,0.01872720189993714,0.0002682801822439905
BANK_032,SCN_0040,Healthy,Healthy,0.973005889011454,0.02691083625028023,8.327473826552254e-05
BANK_033,SCN_0040,Stressed,Stressed,0.07548227235125406,0.854308136116188,0.07020959153255708
BANK_034,SCN_0040,Healthy,Healthy,0.5285452037062438,0.4562054031566518,0.01524939313710432
BANK_035,SCN_0040,Healthy,Healthy,0.9746563763492996,0.024556063429798186,0.0007875602209021496
BANK_036,SCN_0040,Healthy,Healthy,0.9443119518343586,0.05526239551091896,0.000425652654722565
BANK_037,SCN_0040,Stressed,Stressed,0.22516576331637703,0.7561536484949278,0.01868058818869517
BANK_038,SCN_0040,Healthy,Healthy,0.6648007844297015,0.33023160666771034,0.004967608902588815
BANK_039,SCN_0040,Healthy,Healthy,0.9915164678357883,0.008483532164211762,0.0
BANK_040,SCN_0040,Healthy,Healthy,0.9764247768180463,0.023569533281526753,5.689900426742532e-06
BANK_001,SCN_0047,Healthy,Healthy,0.9948010659578209,0.005198934042179263,0.0
BANK_002,SCN_0047,Healthy,Healthy,0.9525114721311961,0.04613709623549136,0.001351431633312454
BANK_003,SCN_0047,Healthy,Healthy,0.9213960632188132,0.07523601253182732,0.003367924249359307
BANK_004,SCN_0047,Healthy,Healthy,0.9773215834118283,0.022575389888440822,0.00010302669973139381
BANK_005,SCN_0047,Healthy,Healthy,0.9926615943196265,0.007308710094532692,2.9695585840432348e-05
BANK_006,SCN_0047,Stressed,Stressed,0.006748387055031756,0.9928672891149376,0.00038432383003056994
BANK_007,SCN_0047,Healthy,Healthy,0.9941331352316055,0.0058568017675205315,1.0063000873779424e-05
BANK_008,SCN_0047,Stressed,Stressed,0.3005541071552847,0.6970180324770986,0.002427860367616139
BANK_009,SCN_0047,Healthy,Healthy,0.9894453022963676,0.010296069918342005,0.0002586277852901405
BANK_010,SCN_0047,Healthy,Healthy,0.5883102348393118,0.4086093010949479,0.0030804640657400174
BANK_011,SCN_0047,Healthy,Healthy,0.9860875888599107,0.013873892081132043,3.85190589574575e-05
BANK_012,SCN_0047,Healthy,Healthy,0.993224547414723,0.006751299158981035,2.4153426296310142e-05
BANK_013,SCN_0047,Critical,Critical,0.0,0.00016420782552918536,0.9998357921744708
BANK_014,SCN_0047,Healthy,Healthy,0.8195876793799454,0.17743448964467004,0.0029778309753846466
BANK_015,SCN_0047,Stressed,Stressed,0.005051792835232278,0.9742459331708824,0.02070227399388555
BANK_016,SCN_0047,Healthy,Healthy,0.9941418728845474,0.005716340429357572,0.0001417866860953764
BANK_017,SCN_0047,Stressed,Stressed,0.09356118285222194,0.884169539765072,0.022269277382706818
BANK_018,SCN_0047,Healthy,Healthy,0.9620808924871485,0.03730389235811943,0.0006152151547324516
BANK_019,SCN_0047,Critical,Critical,0.0,0.00048031496062992123,0.99951968503937
BANK_020,SCN_0047,Stressed,Critical,0.00042789953113375187,0.43849367213846646,0.5610784283304
BANK_021,SCN_0047,Stressed,Stressed,0.02172745612978241,0.9633025958400809,0.014969948030136621
BANK_022,SCN_0047,Stressed,Stressed,0.0011899236196679967,0.5007662052935855,0.49804387108674647
BANK_023,SCN_0047,Healthy,Healthy,0.9799862891331828,0.01975961018256566,0.00025410068425209644
BANK_024,SCN_0047,Healthy,Healthy,0.9799327910055636,0.018945414911111583,0.0011217940833246117
BANK_025,SCN_0047,Healthy,Healthy,0.8790092024623338,0.11846791055235975,0.002522886985305619
BANK_026,SCN_0047,Healthy,Healthy,0.9765360670354511,0.02325267378090864,0.00021125918364035034
BANK_027,SCN_0047,Healthy,Healthy,0.9611613615435013,0.03741964087620993,0.0014189975802885038
BANK_028,SCN_0047,Stressed,Stressed,0.012210403992848765,0.9781921888237185,0.009597407183433299
BANK_029,SCN_0047,Stressed,Stressed,0.043107600517759664,0.9317082033903255,0.0251841960919142
BANK_030,SCN_0047,Critical,Critical,0.0,0.0005289851887663165,0.9994710148112337
BANK_031,SCN_0047,Healthy,Healthy,0.9903256592931026,0.009496752648758879,0.00017758805813897856
BANK_032,SCN_0047,Healthy,Healthy,0.9850286227299901,0.014952499115103003,1.8878154906979613e-05
BANK_033,SCN_0047,Stressed,Stressed,0.08596269350132306,0.8697669284246546,0.04427037807402179
BANK_034,SCN_0047,Healthy,Healthy,0.9021955778834405,0.09520247287946897,0.0026019492370908557
BANK_035,SCN_0047,Healthy,Healthy,0.989134577153532,0.010820388420972743,4.503442549523017e-05
BANK_036,SCN_0047,Healthy,Healthy,0.9791139761284471,0.020756724638508396,0.000129299233044834
BANK_037,SCN_0047,Healthy,Healthy,0.7854004703222527,0.21340033986778414,0.0011991898099636344
BANK_038,SCN_0047,Healthy,Healthy,0.9512361525764876,0.048617423478348396,0.00014642394516379366
BANK_039,SCN_0047,Healthy,Healthy,0.9975066099869029,0.002424473472509718,6.891654058727268e-05
BANK_040,SCN_0047,Healthy,Healthy,0.9895392336098312,0.010451555362981575,9.211027187305913e-06
BANK_001,SCN_0056,Healthy,Healthy,0.7496968231235132,0.24773174649046437,0.0025714303860229376
BANK_002,SCN_0056,Healthy,Stressed,0.25247229305721786,0.6755200861850175,0.07200762075776501
BANK_003,SCN_0056,Stressed,Stressed,0.16636192440148118,0.6942806184517699,0.1393574571467491
BANK_004,SCN_0056,Stressed,Stressed,0.42477571030587186,0.5632304565518375,0.011993833142290364
BANK_005,SCN_0056,Healthy,Healthy,0.9861943555240673,0.01236002296169684,0.0014456215142359366
BANK_006,SCN_0056,Stressed,Stressed,0.005804581946343542,0.9763670146575564,0.017828403396100014
BANK_007,SCN_0056,Healthy,Healthy,0.9895418810332499,0.010297045826763619,0.00016107313998665461
BANK_008,SCN_0056,Stressed,Stressed,0.011639561607506864,0.9050122962856709,0.08334814210682263
BANK_009,SCN_0056,Healthy,Stressed,0.33415257288668776,0.6610980995227348,0.004749327590577645
BANK_010,SCN_0056,Stressed,Critical,0.014588552149129373,0.3469099224584668,0.6385015253924036
BANK_011,SCN_0056,Stressed,Stressed,0.4922171652550192,0.4980256216117,0.009757213133280667
BANK_012,SCN_0056,Healthy,Healthy,0.9906059018845036,0.009315754920628048,7.834319486832145e-05
BANK_013,SCN_0056,Critical,Critical,0.00015950920245398772,0.00018721396049851052,0.9996532768370475
BANK_014,SCN_0056,Stressed,Stressed,0.025729701382409976,0.6845310210520001,0.28973927756559004
BANK_015,SCN_0056,Critical,Critical,0.0007058191422803329,0.04984425710968042,0.9494499237480394
BANK_016,SCN_0056,Healthy,Healthy,0.980944298904073,0.01846539589458523,0.0005903052013417141
BANK_017,SCN_0056,Critical,Critical,0.0048114622156598804,0.3495463875655267,0.6456421502188131
BANK_018,SCN_0056,Stressed,Stressed,0.05770297772212759,0.9168231139626264,0.02547390831524604
BANK_019,SCN_0056,Critical,Critical,0.0003567109204346153,0.0009064568503390318,0.9987368322292264
BANK_020,SCN_0056,Critical,Critical,4.363636363636364e-06,0.010797798717383119,0.9891978376462538
BANK_021,SCN_0056,Stressed,Critical,0.0006665868161171038,0.21694633191037158,0.7823870812735113
BANK_022,SCN_0056,Critical,Critical,0.00016275595570074098,0.006832218585515275,0.9930050254587844
BANK_023,SCN_0056,Stressed,Stressed,0.054723374555881416,0.9298849382715255,0.015391687172593245
BANK_024,SCN_0056,Stressed,Stressed,0.006334293681085327,0.958816542422538,0.03484916389637605
BANK_025,SCN_0056,Stressed,Stressed,0.1277105606763424,0.7109097694146573,0.16137966990900088
BANK_026,SCN_0056,Healthy,Stressed,0.36826104310554814,0.6110011565998749,0.020737800294576794
BANK_027,SCN_0056,Stressed,Stressed,0.25048805340878366,0.6665573949392503,0.08295455165196661
BANK_028,SCN_0056,Critical,Critical,0.000923821352431635,0.20451866638898092,0.7945575122585872
BANK_029,SCN_0056,Stressed,Critical,0.004446563990024808,0.27160292810106323,0.7239505079089121
BANK_030,SCN_0056,Critical,Critical,0.00019720171798062755,0.0012136423191619072,0.9985891559628575
BANK_031,SCN_0056,Healthy,Healthy,0.9617604161267691,0.03305253221205487,0.005187051661176128
BANK_032,SCN_0056,Stressed,Stressed,0.05146696897889768,0.9384611641979708,0.010071866823131504
BANK_033,SCN_0056,Critical,Critical,0.016422182273099977,0.2927075658584633,0.6908702518684369
BANK_034,SCN_0056,Stressed,Stressed,0.057458951672872946,0.7034907868792261,0.2390502614479011
BANK_035,SCN_0056,Healthy,Healthy,0.9305697181667472,0.06338670630233706,0.006043575530915636
BANK_036,SCN_0056,Stressed,Stressed,0.4298980517031751,0.554607788470984,0.015494159825840894
BANK_037,SCN_0056,Stressed,Stressed,0.020517901791283513,0.536016226027924,0.4434658721807928
BANK_038,SCN_0056,Stressed,Stressed,0.028184890288425087,0.8953893928505349,0.07642571686104019
BANK_039,SCN_0056,Healthy,Healthy,0.984420382288182,0.014499429032572883,0.001080188679245283
BANK_040,SCN_0056,Stressed,Stressed,0.40497988718156386,0.5911982658685041,0.0038218469499319277
BANK_001,SCN_0064,Healthy,Healthy,0.8199383199322692,0.17756241463016204,0.002499265437569329
BANK_002,SCN_0064,Healthy,Stressed,0.2545723842045472,0.6737965460135429,0.07163106978191028
BANK_003,SCN_0064,Healthy,Stressed,0.16600071229095262,0.6930593081451979,0.14093997956384957
BANK_004,SCN_0064,Stressed,Stressed,0.44257769251614837,0.5461290563336592,0.011293251150191917
BANK_005,SCN_0064,Healthy,Healthy,0.9863787267084385,0.012175651777325654,0.0014456215142359366
BANK_006,SCN_0064,Stressed,Stressed,0.006099879264649022,0.8494032413786706,0.14449687935668082
BANK_007,SCN_0064,Healthy,Healthy,0.989221740322625,0.01061718653738833,0.00016107313998665461
BANK_008,SCN_0064,Stressed,Stressed,0.011868593865571379,0.8758191727578486,0.11231223337658054
BANK_009,SCN_0064,Healthy,Stressed,0.3552254779310992,0.6400973594267769,0.0046771626421240374
BANK_010,SCN_0064,Stressed,Critical,0.014525203634707343,0.360420017290017,0.6250547790752756
BANK_011,SCN_0064,Healthy,Healthy,0.5661727846671417,0.42516074434972584,0.008666470983132541
BANK_012,SCN_0064,Healthy,Healthy,0.9904442844914324,0.009477372313699264,7.834319486832145e-05
BANK_013,SCN_0064,Critical,Critical,0.00015950920245398772,0.00018721396049851052,0.9996532768370475
BANK_014,SCN_0064,Critical,Stressed,0.026956912203567027,0.7498784572037388,0.22316463059269537
BANK_015,SCN_0064,Critical,Critical,0.0007058191422803329,0.051783085907533125,0.9475110949501867
BANK_016,SCN_0064,Healthy,Healthy,0.980944298904073,0.01846539589458523,0.0005903052013417141
BANK_017,SCN_0064,Stressed,Critical,0.004916394666313486,0.4146090021751174,0.580474603158569
BANK_018,SCN_0064,Stressed,Stressed,0.05802108972640142,0.9172246436342392,0.02475426663935945
BANK_019,SCN_0064,Critical,Critical,0.0003567109204346153,0.0009064568503390318,0.9987368322292264
BANK_020,SCN_0064,Critical,Critical,4.363636363636364e-06,0.010797798717383119,0.9891978376462538
BANK_021,SCN_0064,Stressed,Critical,0.0006665868161171038,0.19016772802842408,0.8091656851554595
BANK_022,SCN_0064,Critical,Critical,0.00016275595570074098,0.006832218585515275,0.9930050254587844
BANK_023,SCN_0064,Stressed,Stressed,0.055018671874186895,0.9292730258982864,0.015708302227526835
BANK_024,SCN_0064,Stressed,Stressed,0.006582759938754039,0.866058762793919,0.12735847726732644
BANK_025,SCN_0064,Healthy,Stressed,0.12999063422703463,0.702490817813554,0.16751854795941173
BANK_026,SCN_0064,Healthy,Stressed,0.369706025171504,0.6091773661370596,0.021116608691436153
BANK_027,SCN_0064,Healthy,Stressed,0.2551568736952207,0.6651930296343699,0.07965009667040984
BANK_028,SCN_0064,Critical,Critical,0.000923821352431635,0.1474580303937206,0.8516181482538477
BANK_029,SCN_0064,Critical,Critical,0.004410806704016527,0.29126913784374175,0.7043200554522421
BANK_030,SCN_0064,Critical,Critical,0.00019720171798062755,0.0012136423191619072,0.9985891559628575
BANK_031,SCN_0064,Healthy,Healthy,0.9617604161267691,0.03305253221205487,0.005187051661176128
BANK_032,SCN_0064,Stressed,Stressed,0.05157765091258778,0.9380715010798306,0.010350848007581662
BANK_033,SCN_0064,Critical,Critical,0.016386424987091693,0.30138976249833604,0.6822238125145725
BANK_034,SCN_0064,Stressed,Stressed,0.06226399539780251,0.7445561613424172,0.19317984325978066
BANK_035,SCN_0064,Healthy,Healthy,0.9316528291594728,0.06230359530961143,0.006043575530915636
BANK_036,SCN_0064,Stressed,Stressed,0.4198538907033084,0.5654959052508703,0.014650204045821314
BANK_037,SCN_0064,Stressed,Stressed,0.022118468463011718,0.5789247251621907,0.3989568063747979
BANK_038,SCN_0064,Stressed,Stressed,0.029119467556739904,0.8861865947189124,0.08469393772434795
BANK_039,SCN_0064,Healthy,Healthy,0.984420382288182,0.014499429032572883,0.001080188679245283
BANK_040,SCN_0064,Healthy,Stressed,0.4921217142903887,0.5040564387596792,0.0038218469499319277
BANK_001,SCN_0069,Stressed,Healthy,0.6763177331167898,0.32111083649718747,0.0025714303860229376
BANK_002,SCN_0069,Stressed,Stressed,0.29589143132472306,0.6184692037275848,0.08563936494769199
BANK_003,SCN_0069,Stressed,Stressed,0.17075920031203157,0.580076049541955,0.24916475014601364
BANK_004,SCN_0069,Stressed,Stressed,0.4695599763571017,0.5180705299039005,0.012369493738997662
BANK_005,SCN_0069,Healthy,Healthy,0.9855971569832348,0.012957221502529447,0.0014456215142359366
BANK_006,SCN_0069,Stressed,Stressed,0.005735584597809082,0.9749209974188798,0.019343417983311136
BANK_007,SCN_0069,Healthy,Healthy,0.9895537857951546,0.010285141064858856,0.00016107313998665461
BANK_008,SCN_0069,Critical,Stressed,0.010557191123033173,0.7782673056451538,0.21117550323181336
BANK_009,SCN_0069,Stressed,Stressed,0.444716441915581,0.5505342304938413,0.004749327590577645
BANK_010,SCN_0069,Critical,Critical,0.014588552149129373,0.4820051014936147,0.5034063463572558
BANK_011,SCN_0069,Stressed,Stressed,0.4874251291142675,0.5024419971557443,0.010132873729987963
BANK_012,SCN_0069,Healthy,Healthy,0.9903652817423878,0.009556375062743948,7.834319486832145e-05
BANK_013,SCN_0069,Critical,Critical,0.00015950920245398772,0.00018721396049851052,0.9996532768370475
BANK_014,SCN_0069,Critical,Stressed,0.025381590844697797,0.6476512115220936,0.3269671976332095
BANK_015,SCN_0069,Critical,Critical,0.0007058191422803329,0.04984425710968042,0.9494499237480394
BANK_016,SCN_0069,Healthy,Healthy,0.9816882089314423,0.01778710640929871,0.0005246846592589751
BANK_017,SCN_0069,Critical,Critical,0.004733729119660362,0.45043665085714873,0.5448296200231908
BANK_018,SCN_0069,Stressed,Stressed,0.0568905519243525,0.9147823520766921,0.02832709599895544
BANK_019,SCN_0069,Critical,Critical,0.0003567109204346153,0.0009064568503390318,0.9987368322292264
BANK_020,SCN_0069,Critical,Critical,4.363636363636364e-06,0.010797798717383119,0.9891978376462538
BANK_021,SCN_0069,Critical,Critical,0.0006665868161171038,0.24698045839661384,0.7523529547872692
BANK_022,SCN_0069,Critical,Critical,0.00016275595570074098,0.006832218585515275,0.9930050254587844
BANK_023,SCN_0069,Stressed,Stressed,0.05492572573422501,0.9294270644683236,0.015647209797451392
BANK_024,SCN_0069,Stressed,Stressed,0.006197417542719805,0.9581913352914376,0.03561124716584184
BANK_025,SCN_0069,Stressed,Stressed,0.1273061871895763,0.6645221151531124,0.2081716976573117
BANK_026,SCN_0069,Stressed,Stressed,0.39315606449399865,0.5858591093977321,0.020984826108269274
BANK_027,SCN_0069,Healthy,Stressed,0.25286080646882253,0.6047918454603044,0.14234734807087282
BANK_028,SCN_0069,Critical,Critical,0.000923821352431635,0.20043344570942584,0.7986427329381426
BANK_029,SCN_0069,Stressed,Critical,0.004446563990024808,0.31676565249172595,0.6787877835182495
BANK_030,SCN_0069,Critical,Critical,0.00019720171798062755,0.0012136423191619072,0.9985891559628575
BANK_031,SCN_0069,Healthy,Healthy,0.96286626608862,0.032012302792286625,0.00512143111909339
BANK_032,SCN_0069,Stressed,Stressed,0.051497098316575896,0.9359141385418415,0.012588763141582575
BANK_033,SCN_0069,Stressed,Critical,0.016422182273099977,0.29325867994341215,0.6903191377834876
BANK_034,SCN_0069,Stressed,Stressed,0.05521143052891159,0.6723428750844206,0.27244569438666816
BANK_035,SCN_0069,Healthy,Healthy,0.9325247482306824,0.06149729678048444,0.005977954988832897
BANK_036,SCN_0069,Stressed,Stressed,0.44630529750891124,0.5378248820685407,0.015869820422548194
BANK_037,SCN_0069,Critical,Stressed,0.026384398161864584,0.6983161484131982,0.27529945342493745
BANK_038,SCN_0069,Critical,Stressed,0.025594523223631246,0.8618407416512703,0.11256473512509856
BANK_039,SCN_0069,Healthy,Healthy,0.9507483331707834,0.0481714781499715,0.001080188679245283
BANK_040,SCN_0069,Stressed,Stressed,0.3498226061860227,0.6463555468640453,0.0038218469499319277
BANK_001,SCN_0070,Stressed,Healthy,0.7007123173153305,0.2967162522986466,0.0025714303860229376
BANK_002,SCN_0070,Stressed,Stressed,0.30664395657724836,0.6088015269599082,0.08455451646284351
BANK_003,SCN_0070,Critical,Stressed,0.18022303162452558,0.6506772677799919,0.16909970059548296
BANK_004,SCN_0070,Stressed,Stressed,0.4562666370632845,0.5313638691977177,0.012369493738997662
BANK_005,SCN_0070,Healthy,Healthy,0.9855971569832348,0.012957221502529447,0.0014456215142359366
BANK_006,SCN_0070,Stressed,Stressed,0.005735584597809082,0.9749209974188798,0.019343417983311136
BANK_007,SCN_0070,Healthy,Healthy,0.9895537857951546,0.010285141064858856,0.00016107313998665461
BANK_008,SCN_0070,Stressed,Stressed,0.010557191123033173,0.7782673056451538,0.21117550323181336
BANK_009,SCN_0070,Healthy,Stressed,0.48803429905843826,0.5072163733509841,0.004749327590577645
BANK_010,SCN_0070,Stressed,Critical,0.014588552149129373,0.41009616563341383,0.5753152822174568
BANK_011,SCN_0070,Healthy,Stressed,0.43641777849095936,0.5534493477790524,0.010132873729987963
BANK_012,SCN_0070,Healthy,Healthy,0.9903652817423878,0.009556375062743948,7.834319486832145e-05
BANK_013,SCN_0070,Critical,Critical,0.00015950920245398772,0.00018721396049851052,0.9996532768370475
BANK_014,SCN_0070,Stressed,Stressed,0.025381590844697797,0.640656925807808,0.3339614833474953
BANK_015,SCN_0070,Critical,Critical,0.0007058191422803329,0.04984425710968042,0.9494499237480394
BANK_016,SCN_0070,Healthy,Healthy,0.9816882089314423,0.01778710640929871,0.0005246846592589751
BANK_017,SCN_0070,Critical,Critical,0.004733729119660362,0.31477974773597184,0.6804865231443673
BANK_018,SCN_0070,Stressed,Stressed,0.0568905519243525,0.9147823520766921,0.02832709599895544
BANK_019,SCN_0070,Critical,Critical,0.0003567109204346153,0.0009064568503390318,0.9987368322292264
BANK_020,SCN_0070,Critical,Critical,4.363636363636364e-06,0.010797798717383119,0.9891978376462538
BANK_021,SCN_0070,Stressed,Critical,0.0006665868161171038,0.20778950853267458,0.7915439046512085
BANK_022,SCN_0070,Critical,Critical,0.00016275595570074098,0.006832218585515275,0.9930050254587844
BANK_023,SCN_0070,Stressed,Stressed,0.05492572573422501,0.9294270644683236,0.015647209797451392
BANK_024,SCN_0070,Stressed,Stressed,0.006197417542719805,0.9581913352914376,0.03561124716584184
BANK_025,SCN_0070,Stressed,Stressed,0.1273061871895763,0.6645221151531124,0.2081716976573117
BANK_026,SCN_0070,Stressed,Stressed,0.3853685748778069,0.5936465990139238,0.020984826108269274
BANK_027,SCN_0070,Stressed,Stressed,0.25286080646882253,0.6047918454603044,0.14234734807087282
BANK_028,SCN_0070,Stressed,Critical,0.000923821352431635,0.2024334457094258,0.7966427329381426
BANK_029,SCN_0070,Stressed,Critical,0.004446563990024808,0.2637839188762005,0.731769517133775
BANK_030,SCN_0070,Critical,Critical,0.00019720171798062755,0.0012136423191619072,0.9985891559628575
BANK_031,SCN_0070,Healthy,Healthy,0.96286626608862,0.032012302792286625,0.00512143111909339
BANK_032,SCN_0070,Stressed,Stressed,0.05159055626050113,0.9378206805979162,0.010588763141582577
BANK_033,SCN_0070,Stressed,Critical,0.016422182273099977,0.29325867994341215,0.6903191377834876
BANK_034,SCN_0070,Stressed,Stressed,0.05521143052891159,0.675676208417754,0.2691123610533349
BANK_035,SCN_0070,Healthy,Healthy,0.9325247482306824,0.06149729678048444,0.005977954988832897
BANK_036,SCN_0070,Stressed,Stressed,0.4489183927470064,0.5352117868304456,0.015869820422548194
BANK_037,SCN_0070,Stressed,Stressed,0.026384398161864584,0.6983161484131982,0.27529945342493745
BANK_038,SCN_0070,Critical,Stressed,0.025594523223631246,0.8618407416512703,0.11256473512509856
BANK_039,SCN_0070,Healthy,Healthy,0.9507396751621253,0.04818013615862951,0.001080188679245283
BANK_040,SCN_0070,Stressed,Stressed,0.3602197533331698,0.635958399716898,0.0038218469499319277
BANK_001,SCN_0071,Healthy,Healthy,0.7164235172074058,0.2810050524065714,0.0025714303860229376
BANK_002,SCN_0071,Stressed,Stressed,0.30664395657724836,0.6088015269599082,0.08455451646284351
BANK_003,SCN_0071,Stressed,Stressed,0.1806392937604479,0.6537376006510043,0.16562310558854815
BANK_004,SCN_0071,Healthy,Stressed,0.4582666370632845,0.5293638691977177,0.012369493738997662
BANK_005,SCN_0071,Healthy,Healthy,0.9855971569832348,0.012957221502529447,0.0014456215142359366
BANK_006,SCN_0071,Stressed,Stressed,0.005735584597809082,0.9749209974188798,0.019343417983311136
BANK_007,SCN_0071,Healthy,Healthy,0.9895537857951546,0.010285141064858856,0.00016107313998665461
BANK_008,SCN_0071,Stressed,Stressed,0.010557191123033173,0.7782673056451538,0.21117550323181336
BANK_009,SCN_0071,Healthy,Stressed,0.49003429905843826,0.5052163733509841,0.004749327590577645
BANK_010,SCN_0071,Critical,Critical,0.014588552149129373,0.41009616563341383,0.5753152822174568
BANK_011,SCN_0071,Healthy,Stressed,0.43641777849095936,0.5534493477790524,0.010132873729987963
BANK_012,SCN_0071,Healthy,Healthy,0.9903652817423878,0.009556375062743948,7.834319486832145e-05
BANK_013,SCN_0071,Critical,Critical,0.00015950920245398772,0.00018721396049851052,0.9996532768370475
BANK_014,SCN_0071,Stressed,Stressed,0.025381590844697797,0.640656925807808,0.3339614833474953
BANK_015,SCN_0071,Critical,Critical,0.0007058191422803329,0.04984425710968042,0.9494499237480394
BANK_016,SCN_0071,Healthy,Healthy,0.9816882089314423,0.01778710640929871,0.0005246846592589751
BANK_017,SCN_0071,Critical,Critical,0.004733729119660362,0.297496268875216,0.6977700020051233
BANK_018,SCN_0071,Stressed,Stressed,0.0568905519243525,0.9147823520766921,0.02832709599895544
BANK_019,SCN_0071,Critical,Critical,0.0003567109204346153,0.0009064568503390318,0.9987368322292264
BANK_020,SCN_0071,Critical,Critical,4.363636363636364e-06,0.010797798717383119,0.9891978376462538
BANK_021,SCN_0071,Critical,Critical,0.0006665868161171038,0.19980224492666715,0.799531168257216
BANK_022,SCN_0071,Critical,Critical,0.00016275595570074098,0.006832218585515275,0.9930050254587844
BANK_023,SCN_0071,Stressed,Stressed,0.05492572573422501,0.9294270644683236,0.015647209797451392
BANK_024,SCN_0071,Stressed,Stressed,0.006197417542719805,0.9581913352914376,0.03561124716584184
BANK_025,SCN_0071,Critical,Stressed,0.12770618718957627,0.6589221151531123,0.21337169765731176
BANK_026,SCN_0071,Stressed,Stressed,0.3853685748778069,0.5936465990139238,0.020984826108269274
BANK_027,SCN_0071,Stressed,Stressed,0.25659413980215595,0.5999251787936377,0.14348068140420617
BANK_028,SCN_0071,Critical,Critical,0.000923821352431635,0.20466985232881116,0.7944063263187572
BANK_029,SCN_0071,Critical,Critical,0.004446563990024808,0.26928391887620057,0.7262695171337751
BANK_030,SCN_0071,Critical,Critical,0.00019720171798062755,0.0012136423191619072,0.9985891559628575
BANK_031,SCN_0071,Healthy,Healthy,0.96286626608862,0.032012302792286625,0.00512143111909339
BANK_032,SCN_0071,Stressed,Stressed,0.05159055626050113,0.9378206805979162,0.010588763141582577
BANK_033,SCN_0071,Stressed,Critical,0.016422182273099977,0.29325867994341215,0.6903191377834876
BANK_034,SCN_0071,Stressed,Stressed,0.05521143052891159,0.6771762084177539,0.26761236105333497
BANK_035,SCN_0071,Healthy,Healthy,0.9325247482306824,0.06149729678048444,0.005977954988832897
BANK_036,SCN_0071,Healthy,Stressed,0.4489183927470064,0.5352117868304456,0.015869820422548194
BANK_037,SCN_0071,Stressed,Stressed,0.026384398161864584,0.6983161484131982,0.27529945342493745
BANK_038,SCN_0071,Stressed,Stressed,0.025594523223631246,0.8618407416512703,0.11256473512509856
BANK_039,SCN_0071,Healthy,Healthy,0.9507396751621253,0.04818013615862951,0.001080188679245283
BANK_040,SCN_0071,Stressed,Stressed,0.3602197533331698,0.635958399716898,0.0038218469499319277
BANK_001,SCN_0073,Healthy,Healthy,0.9941908057090919,0.005809194290908338,0.0
BANK_002,SCN_0073,Healthy,Healthy,0.9355725971418019,0.06307597122488548,0.001351431633312454
BANK_003,SCN_0073,Healthy,Healthy,0.8879692498015692,0.10850305962604748,0.0035276905723833616
BANK_004,SCN_0073,Healthy,Healthy,0.9725398236026849,0.027357149697584127,0.00010302669973139381
BANK_005,SCN_0073,Healthy,Healthy,0.9916029230896003,0.0083673813245592,2.9695585840432348e-05
BANK_006,SCN_0073,Stressed,Stressed,0.005137584773580284,0.9943190083881285,0.0005434068382913102
BANK_007,SCN_0073,Healthy,Healthy,0.9929151616062067,0.007074775392919468,1.0063000873779424e-05
BANK_008,SCN_0073,Stressed,Stressed,0.048005927385287875,0.9472324200298409,0.004761652584871311
BANK_009,SCN_0073,Healthy,Healthy,0.983777162429005,0.015920414165266936,0.00030242340572809675
BANK_010,SCN_0073,Healthy,Stressed,0.27680985650958895,0.7130526874479765,0.01013745604243387
BANK_011,SCN_0073,Healthy,Healthy,0.9848073757382901,0.015154105202752581,3.85190589574575e-05
BANK_012,SCN_0073,Healthy,Healthy,0.9926109556482684,0.0073648909254358215,2.4153426296310142e-05
BANK_013,SCN_0073,Critical,Critical,0.0,0.00016420782552918536,0.9998357921744708
BANK_014,SCN_0073,Healthy,Healthy,0.5701198620252682,0.4245295273810004,0.005350610593731718
BANK_015,SCN_0073,Stressed,Stressed,0.00420970124902555,0.9534085292710688,0.04238176947990586
BANK_016,SCN_0073,Healthy,Healthy,0.9938483696718995,0.006009843642005407,0.0001417866860953764
BANK_017,SCN_0073,Stressed,Stressed,0.0433860897003342,0.9287552627451735,0.027858647554493087
BANK_018,SCN_0073,Healthy,Healthy,0.953690787610131,0.04558792736436139,0.0007212850255082046
BANK_019,SCN_0073,Critical,Critical,0.0,0.0002924901185770751,0.999707509881423
BANK_020,SCN_0073,Stressed,Critical,0.0002830607837087318,0.18195502012210674,0.8177619190941849
BANK_021,SCN_0073,Stressed,Stressed,0.020308363572349823,0.9306496228974466,0.04904201353020417
BANK_022,SCN_0073,Critical,Critical,0.0,0.2736025173102137,0.7263974826897867
BANK_023,SCN_0073,Healthy,Healthy,0.9758600906116008,0.02387626975343191,0.00026363963496751767
BANK_024,SCN_0073,Healthy,Healthy,0.9520196400936239,0.046707637201963866,0.0012727227044120647
BANK_025,SCN_0073,Healthy,Healthy,0.7956717885707717,0.2012432087785282,0.003085002650700003
BANK_026,SCN_0073,Healthy,Healthy,0.9727943894188825,0.026988333573522497,0.00021727700759520828
BANK_027,SCN_0073,Healthy,Healthy,0.9484381945305358,0.05014280788917544,0.0014189975802885038
BANK_028,SCN_0073,Stressed,Stressed,0.0058992761122982325,0.9815127748219407,0.012587949065762027
BANK_029,SCN_0073,Stressed,Stressed,0.03018037832057284,0.9436875710627657,0.02613205061666116
BANK_030,SCN_0073,Critical,Critical,0.0,0.00012734584450402144,0.999872654155496
BANK_031,SCN_0073,Healthy,Healthy,0.9897268441349604,0.01009556780690088,0.00017758805813897856
BANK_032,SCN_0073,Healthy,Healthy,0.9862017405881682,0.013789230613241645,9.028798590348542e-06
BANK_033,SCN_0073,Stressed,Stressed,0.08258226506697626,0.8715782161836058,0.04583951874941764
BANK_034,SCN_0073,Stressed,Healthy,0.7973253591184052,0.19939539380639149,0.00327924707520386
BANK_035,SCN_0073,Healthy,Healthy,0.9869905279478076,0.012967958753457671,4.151329873466679e-05
BANK_036,SCN_0073,Healthy,Healthy,0.9771994237595261,0.022665259183474562,0.00013531705699969192
BANK_037,SCN_0073,Stressed,Stressed,0.31562816724701587,0.6760543980166599,0.008317434736324446
BANK_038,SCN_0073,Healthy,Healthy,0.8834297256541159,0.11599442620884759,0.0005758481370372512
BANK_039,SCN_0073,Healthy,Healthy,0.9978643016851911,0.002135698314808859,0.0
BANK_040,SCN_0073,Healthy,Healthy,0.9899415965423436,0.010052713557229935,5.689900426742532e-06
BANK_001,SCN_0074,Healthy,Healthy,0.8093820060465448,0.1881187285158866,0.002499265437569329
BANK_002,SCN_0074,Stressed,Stressed,0.25841926289878414,0.6715445427589027,0.0700361943423134
BANK_003,SCN_0074,Stressed,Stressed,0.16652105756484628,0.6954078560364276,0.13807108639872617
BANK_004,SCN_0074,Healthy,Stressed,0.4720513711614434,0.516939204982051,0.011009423856505609
BANK_005,SCN_0074,Healthy,Healthy,0.9863787267084385,0.012175651777325654,0.0014456215142359366
BANK_006,SCN_0074,Stressed,Stressed,0.00609413303748656,0.974045213456454,0.01986065350605957
BANK_007,SCN_0074,Healthy,Healthy,0.9892752364912076,0.01064798155654542,7.678195224719102e-05
BANK_008,SCN_0074,Stressed,Stressed,0.012343016597010932,0.9061983391692968,0.08145864423369273
BANK_009,SCN_0074,Healthy,Stressed,0.4576370235474965,0.5378705885892445,0.004492387863259024
BANK_010,SCN_0074,Critical,Stressed,0.017322682038932006,0.5810440936958945,0.4016332242651737
BANK_011,SCN_0074,Stressed,Healthy,0.6372692608325842,0.35424099060201747,0.00848974856539862
BANK_012,SCN_0074,Healthy,Healthy,0.9916499058578727,0.008271750947258932,7.834319486832145e-05
BANK_013,SCN_0074,Critical,Critical,0.00015950920245398772,0.00018721396049851052,0.9996532768370475
BANK_014,SCN_0074,Stressed,Stressed,0.02813398551010277,0.7583112978828506,0.21355471660704797
BANK_015,SCN_0074,Stressed,Critical,0.0007058191422803329,0.1811354093839327,0.8181587714737868
BANK_016,SCN_0074,Healthy,Healthy,0.9812852950726555,0.01820869091374232,0.0005060140136022505
BANK_017,SCN_0074,Stressed,Critical,0.004924315458392695,0.4059824013737494,0.5890932831678576
BANK_018,SCN_0074,Stressed,Stressed,0.0582906978406095,0.918310294364072,0.023399007795318588
BANK_019,SCN_0074,Critical,Critical,0.0003567109204346153,0.0009064568503390318,0.9987368322292264
BANK_020,SCN_0074,Critical,Critical,4.363636363636364e-06,0.010797798717383119,0.9891978376462538
BANK_021,SCN_0074,Stressed,Critical,0.0006745076081963118,0.19589743707017054,0.8034280553216337
BANK_022,SCN_0074,Critical,Critical,0.00016275595570074098,0.006832218585515275,0.9930050254587844
BANK_023,SCN_0074,Stressed,Stressed,0.05505570891122393,0.9292359888612494,0.015708302227526835
BANK_024,SCN_0074,Stressed,Stressed,0.006768335410671446,0.9729295470111463,0.02030211757818184
BANK_025,SCN_0074,Stressed,Stressed,0.1316839988841196,0.7055928248792984,0.16272317623658247
BANK_026,SCN_0074,Healthy,Stressed,0.4048819879320336,0.574392613220552,0.020725398847414273
BANK_027,SCN_0074,Stressed,Stressed,0.2557478549855707,0.6656686419530141,0.07858350306141594
BANK_028,SCN_0074,Critical,Critical,0.000923821352431635,0.14864218205671895,0.8504339965908496
BANK_029,SCN_0074,Critical,Critical,0.004385332319843416,0.285797429196543,0.7098172384836139
BANK_030,SCN_0074,Critical,Critical,0.00019720171798062755,0.0012136423191619072,0.9985891559628575
BANK_031,SCN_0074,Healthy,Healthy,0.9621014122953515,0.03279582723121195,0.005102760473436665
BANK_032,SCN_0074,Stressed,Stressed,0.052008420143357006,0.9376407318490613,0.010350848007581662
BANK_033,SCN_0074,Critical,Critical,0.016684367422544557,0.30917913562808014,0.6741364969493755
BANK_034,SCN_0074,Stressed,Stressed,0.06559952474629012,0.7517949311057162,0.1826055441479941
BANK_035,SCN_0074,Healthy,Healthy,0.9319305341888146,0.06211018146800902,0.005959284343176172
BANK_036,SCN_0074,Healthy,Stressed,0.424651281220674,0.5609823420271912,0.014366376752135002
BANK_037,SCN_0074,Stressed,Stressed,0.022410836324093027,0.5817451658600173,0.3958439978158899
BANK_038,SCN_0074,Stressed,Stressed,0.03023649989957305,0.8954662088227554,0.07429729127767162
BANK_039,SCN_0074,Healthy,Healthy,0.984420382288182,0.014499429032572883,0.001080188679245283
BANK_040,SCN_0074,Healthy,Healthy,0.5471342289459629,0.4494351339481271,0.003430637105910047
BANK_001,SCN_0076,Healthy,Healthy,0.9890018983862359,0.010998101613764246,0.0
BANK_002,SCN_0076,Stressed,Healthy,0.8676152860754254,0.1300285405100093,0.0023561734145653244
BANK_003,SCN_0076,Healthy,Healthy,0.7321428238482317,0.2606567829843841,0.007200393167384175
BANK_004,SCN_0076,Healthy,Healthy,0.922529120663346,0.07733481960388955,0.00013605973276442683
BANK_005,SCN_0076,Healthy,Healthy,0.9879526111456428,0.012017693268516585,2.9695585840432348e-05
BANK_006,SCN_0076,Stressed,Stressed,0.006176643553806259,0.9929454998986876,0.0008778565475061516
BANK_007,SCN_0076,Healthy,Healthy,0.9886367048431565,0.011353232155969582,1.0063000873779424e-05
BANK_008,SCN_0076,Stressed,Stressed,0.04710439617444935,0.9445086909561938,0.008386912869356562
BANK_009,SCN_0076,Healthy,Healthy,0.952664532195174,0.04703304439909771,0.00030242340572809675
BANK_010,SCN_0076,Stressed,Stressed,0.16690844116080267,0.8142642245478956,0.018827334291301352
BANK_011,SCN_0076,Healthy,Healthy,0.9781523028635492,0.02180917807749362,3.85190589574575e-05
BANK_012,SCN_0076,Healthy,Healthy,0.9889589721606393,0.011016874413064927,2.4153426296310142e-05
BANK_013,SCN_0076,Critical,Critical,0.0,0.00016420782552918536,0.9998357921744708
BANK_014,SCN_0076,Healthy,Stressed,0.43229975597826337,0.5566507613401088,0.011049482681627731
BANK_015,SCN_0076,Stressed,Stressed,0.0038496527850990533,0.8925705121469438,0.10357983506795801
BANK_016,SCN_0076,Healthy,Healthy,0.9892123901405332,0.010645823173371467,0.0001417866860953764
BANK_017,SCN_0076,Critical,Stressed,0.03938063370886359,0.9179550610625558,0.04266430522858155
BANK_018,SCN_0076,Healthy,Healthy,0.8882521909720179,0.11053305971345243,0.0012147493145297657
BANK_019,SCN_0076,Critical,Critical,0.0,0.00010042186110007847,0.9998995781388998
BANK_020,SCN_0076,Critical,Critical,0.0002571428571428571,0.12022891969970956,0.8795139374431478
BANK_021,SCN_0076,Stressed,Stressed,0.013231854754918428,0.7814272460937829,0.20534089915129866
BANK_022,SCN_0076,Critical,Critical,0.0,0.08582626963269456,0.914173730367305
BANK_023,SCN_0076,Healthy,Healthy,0.9681659785228817,0.03153734880911773,0.0002966726680005507
BANK_024,SCN_0076,Healthy,Healthy,0.7493629565816347,0.2483947345210692,0.0022423088972956372
BANK_025,SCN_0076,Healthy,Healthy,0.6032165727805165,0.3874203101382378,0.009363117081245605
BANK_026,SCN_0076,Healthy,Healthy,0.9591787402769016,0.04060398271550318,0.00021727700759520828
BANK_027,SCN_0076,Healthy,Healthy,0.8904860138392534,0.10725988442854659,0.002254101732199644
BANK_028,SCN_0076,Stressed,Stressed,0.0046987334099078655,0.9451158507697593,0.050185415820333985
BANK_029,SCN_0076,Stressed,Stressed,0.027803023989277916,0.9391223763653628,0.033074599645358985
BANK_030,SCN_0076,Critical,Critical,0.0,0.00012734584450402144,0.999872654155496
BANK_031,SCN_0076,Healthy,Healthy,0.9858335888424973,0.013988823099363848,0.00017758805813897856
BANK_032,SCN_0076,Healthy,Healthy,0.9809028969248174,0.019088074276592235,9.028798590348542e-06
BANK_033,SCN_0076,Stressed,Stressed,0.07748815057609074,0.8624946995171416,0.060017149906767216
BANK_034,SCN_0076,Healthy,Healthy,0.5973605932256728,0.3937074295573875,0.008931977216939972
BANK_035,SCN_0076,Healthy,Healthy,0.9819747398518568,0.01798374684940851,4.151329873466679e-05
BANK_036,SCN_0076,Healthy,Healthy,0.9651344405826372,0.03469285918279298,0.00017270023456978539
BANK_037,SCN_0076,Stressed,Stressed,0.24982782649417498,0.7351283171600669,0.015043856345758088
BANK_038,SCN_0076,Healthy,Healthy,0.6985558854622289,0.2982979254849064,0.0031461890528647765
BANK_039,SCN_0076,Healthy,Healthy,0.99600397098131,0.003996029018689881,0.0
BANK_040,SCN_0076,Healthy,Healthy,0.9835037815241868,0.016490528575386236,5.689900426742532e-06
BANK_001,SCN_0077,Healthy,Healthy,0.9948010659578209,0.005198934042179263,0.0
BANK_002,SCN_0077,Healthy,Healthy,0.9526061399633641,0.04604242840332352,0.001351431633312454
BANK_003,SCN_0077,Healthy,Healthy,0.9221683537540195,0.07447829394561915,0.0033533523003611283
BANK_004,SCN_0077,Healthy,Healthy,0.9773215834118283,0.022575389888440822,0.00010302669973139381
BANK_005,SCN_0077,Healthy,Healthy,0.9926615943196265,0.007308710094532692,2.9695585840432348e-05
BANK_006,SCN_0077,Stressed,Stressed,0.007353282485343005,0.9922769656336247,0.00036975188103239133
BANK_007,SCN_0077,Healthy,Healthy,0.9941331352316055,0.0058568017675205315,1.0063000873779424e-05
BANK_008,SCN_0077,Healthy,Stressed,0.3364549471469985,0.6613058000761599,0.002239252776840382
BANK_009,SCN_0077,Healthy,Healthy,0.9894453022963676,0.010296069918342005,0.0002586277852901405
BANK_010,SCN_0077,Stressed,Healthy,0.6094769615117165,0.38753861385786464,0.0029844246304184504
BANK_011,SCN_0077,Healthy,Healthy,0.9860875888599107,0.013873892081132043,3.85190589574575e-05
BANK_012,SCN_0077,Healthy,Healthy,0.993224547414723,0.006751299158981035,2.4153426296310142e-05
BANK_013,SCN_0077,Critical,Critical,0.0,0.00016420782552918536,0.9998357921744708
BANK_014,SCN_0077,Healthy,Healthy,0.8560037353746577,0.1410330055989562,0.0029632590263864683
BANK_015,SCN_0077,Stressed,Stressed,0.005035056433558638,0.9743296151792505,0.020635328387190992
BANK_016,SCN_0077,Healthy,Healthy,0.9941418728845474,0.005716340429357572,0.0001417866860953764
BANK_017,SCN_0077,Stressed,Stressed,0.09127250493541691,0.8864913668531478,0.0222361282114361
BANK_018,SCN_0077,Healthy,Healthy,0.9631284668639912,0.03637170259666137,0.0004998305393478362
BANK_019,SCN_0077,Critical,Critical,0.0,0.00048031496062992123,0.99951968503937
BANK_020,SCN_0077,Stressed,Critical,0.00042789953113375187,0.41479641868978123,0.5847756817790851
BANK_021,SCN_0077,Stressed,Stressed,0.022721708739097787,0.9624906734528447,0.014787617808057443
BANK_022,SCN_0077,Stressed,Critical,0.0011899236196679967,0.4815909691658745,0.5172191072144575
BANK_023,SCN_0077,Healthy,Healthy,0.9799862891331828,0.01975961018256566,0.00025410068425209644
BANK_024,SCN_0077,Healthy,Healthy,0.9803480763177689,0.018530129598906327,0.0011217940833246117
BANK_025,SCN_0077,Healthy,Healthy,0.8806899868052487,0.11678712620944488,0.002522886985305619
BANK_026,SCN_0077,Healthy,Healthy,0.9765360670354511,0.02325267378090864,0.00021125918364035034
BANK_027,SCN_0077,Healthy,Healthy,0.9613287566483963,0.03725224577131482,0.0014189975802885038
BANK_028,SCN_0077,Stressed,Stressed,0.05290311694770821,0.9375359134150527,0.009560969637239654
BANK_029,SCN_0077,Stressed,Stressed,0.04371249594807092,0.9311178799090125,0.025169624142916024
BANK_030,SCN_0077,Critical,Critical,0.0,0.0005289851887663165,0.9994710148112337
BANK_031,SCN_0077,Healthy,Healthy,0.9903256592931026,0.009496752648758879,0.00017758805813897856
BANK_032,SCN_0077,Healthy,Healthy,0.9850458641093005,0.014935257735792656,1.8878154906979613e-05
BANK_033,SCN_0077,Stressed,Stressed,0.08656758893163431,0.8691766049433417,0.044255806125023604
BANK_034,SCN_0077,Healthy,Healthy,0.904528922419314,0.0929990849079783,0.0024719926727080617
BANK_035,SCN_0077,Healthy,Healthy,0.989134577153532,0.010820388420972743,4.503442549523017e-05
BANK_036,SCN_0077,Healthy,Healthy,0.9791139761284471,0.020756724638508396,0.000129299233044834
BANK_037,SCN_0077,Healthy,Healthy,0.7989622862156547,0.2001637010575149,0.0008740127268309099
BANK_038,SCN_0077,Healthy,Healthy,0.9583650806660295,0.041488495388806355,0.00014642394516379366
BANK_039,SCN_0077,Healthy,Healthy,0.9975066099869029,0.002424473472509718,6.891654058727268e-05
BANK_040,SCN_0077,Healthy,Healthy,0.9895392336098312,0.010451555362981575,9.211027187305913e-06
BANK_001,SCN_0078,Healthy,Healthy,0.9948010659578209,0.005198934042179263,0.0
BANK_002,SCN_0078,Healthy,Healthy,0.9527966161538403,0.04585195221284733,0.001351431633312454
BANK_003,SCN_0078,Healthy,Healthy,0.9228308999990464,0.07387342211919697,0.003295677881756477
BANK_004,SCN_0078,Healthy,Healthy,0.9773215834118283,0.022575389888440822,0.00010302669973139381
BANK_005,SCN_0078,Healthy,Healthy,0.9926615943196265,0.007308710094532692,2.9695585840432348e-05
BANK_006,SCN_0078,Stressed,Stressed,0.007261134717084243,0.9924455671632111,0.00029329811970473554
BANK_007,SCN_0078,Healthy,Healthy,0.9935099468258085,0.006479990173317633,1.0063000873779424e-05
BANK_008,SCN_0078,Healthy,Healthy,0.6407445455167845,0.35787896142977976,0.00137649305343682
BANK_009,SCN_0078,Healthy,Healthy,0.9894453022963676,0.010296069918342005,0.0002586277852901405
BANK_010,SCN_0078,Healthy,Healthy,0.6685089992505865,0.3289761165427471,0.0025148842066663045
BANK_011,SCN_0078,Healthy,Healthy,0.9860875888599107,0.013873892081132043,3.85190589574575e-05
BANK_012,SCN_0078,Healthy,Healthy,0.993224547414723,0.006751299158981035,2.4153426296310142e-05
BANK_013,SCN_0078,Critical,Critical,0.0,0.00016420782552918536,0.9998357921744708
BANK_014,SCN_0078,Healthy,Healthy,0.8524009164084353,0.14469349898378325,0.0029055846077818176
BANK_015,SCN_0078,Stressed,Stressed,0.006755260503864446,0.9733654511749588,0.01987928832117741
BANK_016,SCN_0078,Healthy,Healthy,0.9941418728845474,0.005716340429357572,0.0001417866860953764
BANK_017,SCN_0078,Healthy,Stressed,0.10497138636071887,0.873623191673755,0.0214054219655275
BANK_018,SCN_0078,Healthy,Healthy,0.9631284668639912,0.03637170259666137,0.0004998305393478362
BANK_019,SCN_0078,Critical,Critical,0.0,0.00048031496062992123,0.99951968503937
BANK_020,SCN_0078,Stressed,Stressed,0.00042789953113375187,0.7930704866421759,0.2065016138266912
BANK_021,SCN_0078,Stressed,Stressed,0.02463741850209074,0.9618805337544073,0.013482047743501757
BANK_022,SCN_0078,Stressed,Critical,0.0011899236196679967,0.48924843038899746,0.5095616459913345
BANK_023,SCN_0078,Healthy,Healthy,0.9799862891331828,0.01975961018256566,0.00025410068425209644
BANK_024,SCN_0078,Healthy,Healthy,0.9808016845651916,0.01807652135148365,0.0011217940833246117
BANK_025,SCN_0078,Healthy,Healthy,0.8623537929965385,0.1351233200181552,0.002522886985305619
BANK_026,SCN_0078,Healthy,Healthy,0.9765360670354511,0.02325267378090864,0.00021125918364035034
BANK_027,SCN_0078,Healthy,Healthy,0.9603307238170303,0.038250278602681,0.0014189975802885038
BANK_028,SCN_0078,Stressed,Stressed,0.012164443309387686,0.9786781882035753,0.009157368487037307
BANK_029,SCN_0078,Stressed,Stressed,0.08150359406170103,0.8947126534412135,0.023783752497085735
BANK_030,SCN_0078,Critical,Critical,0.0,0.0005289851887663165,0.9994710148112337
BANK_031,SCN_0078,Healthy,Healthy,0.9903256592931026,0.009496752648758879,0.00017758805813897856
BANK_032,SCN_0078,Healthy,Healthy,0.9867587284536774,0.013222393391415762,1.8878154906979613e-05
BANK_033,SCN_0078,Stressed,Stressed,0.10556231164747769,0.8522061656959334,0.042231522656588666
BANK_034,SCN_0078,Healthy,Healthy,0.9075650772881914,0.08999633296185663,0.0024385897499523204
BANK_035,SCN_0078,Healthy,Healthy,0.989134577153532,0.010820388420972743,4.503442549523017e-05
BANK_036,SCN_0078,Healthy,Healthy,0.9791139761284471,0.020756724638508396,0.000129299233044834
BANK_037,SCN_0078,Healthy,Healthy,0.838909194962002,0.16073645929629102,0.00035434574170739423
BANK_038,SCN_0078,Healthy,Healthy,0.9615524528471411,0.03830112320769482,0.00014642394516379366
BANK_039,SCN_0078,Healthy,Healthy,0.9975066099869029,0.002424473472509718,6.891654058727268e-05
BANK_040,SCN_0078,Healthy,Healthy,0.9895392336098312,0.010451555362981575,9.211027187305913e-06
BANK_001,SCN_0079,Healthy,Healthy,0.9600948165785063,0.038059036338535364,0.001846147082958853
BANK_002,SCN_0079,Healthy,Stressed,0.46320655126231325,0.5097106646297526,0.027082784107933827
BANK_003,SCN_0079,Stressed,Stressed,0.3308380032656691,0.6223493298282466,0.04681266690608369
BANK_004,SCN_0079,Healthy,Healthy,0.7521349873898491,0.24352807364537235,0.004336938964778502
BANK_005,SCN_0079,Healthy,Healthy,0.9855861149064024,0.013318086900916374,0.0010957981926811664
BANK_006,SCN_0079,Stressed,Stressed,0.011100625200036143,0.9822425973930389,0.006656777406925516
BANK_007,SCN_0079,Healthy,Healthy,0.9880469624901118,0.0117967715019532,0.00015626600793534984
BANK_008,SCN_0079,Stressed,Stressed,0.024015723042338448,0.9557318139515858,0.02025246300607579
BANK_009,SCN_0079,Healthy,Healthy,0.6377184381427933,0.35956665974532875,0.002714902111878201
BANK_010,SCN_0079,Stressed,Stressed,0.08477829823511014,0.7824084828059183,0.13281321895897194
BANK_011,SCN_0079,Healthy,Healthy,0.8564681149429829,0.14034016763212825,0.003191717424888913
BANK_012,SCN_0079,Healthy,Healthy,0.9926534991738518,0.007268157631279974,7.834319486832145e-05
BANK_013,SCN_0079,Critical,Critical,0.00016275595570074098,0.0002159087859223079,0.9996213352583769
BANK_014,SCN_0079,Stressed,Stressed,0.1292744157278531,0.8089504448907949,0.061775139381352505
BANK_015,SCN_0079,Stressed,Critical,0.0007907826498380868,0.3809461928066573,0.6182630245435047
BANK_016,SCN_0079,Healthy,Healthy,0.9847100359666271,0.01493070286767333,0.0003592611656994657
BANK_017,SCN_0079,Stressed,Critical,0.0176314649877443,0.4845304209585656,0.49783811405368966
BANK_018,SCN_0079,Stressed,Stressed,0.08690778837410593,0.8941230943010562,0.018969117324838063
BANK_019,SCN_0079,Critical,Critical,0.0003567109204346153,0.0010561696613311372,0.9985871194182343
BANK_020,SCN_0079,Critical,Critical,4.363636363636364e-06,0.061110530677188794,0.938885105686448
BANK_021,SCN_0079,Stressed,Critical,0.001304287502085335,0.4886968413693231,0.5099988711285914
BANK_022,SCN_0079,Critical,Critical,0.00016275595570074098,0.024026375036999042,0.9758108690073006
BANK_023,SCN_0079,Healthy,Healthy,0.8336341298864326,0.1589811369010199,0.0073847332125472655
BANK_024,SCN_0079,Stressed,Stressed,0.010723107975330347,0.9798966571895271,0.00938023483514252
BANK_025,SCN_0079,Stressed,Stressed,0.2372176417077314,0.7052722605316177,0.05751009776065039
BANK_026,SCN_0079,Healthy,Healthy,0.6707810753180342,0.31675052547142846,0.012468399210538132
BANK_027,SCN_0079,Healthy,Stressed,0.4857255110448413,0.4866689354235486,0.02760555353160982
BANK_028,SCN_0079,Stressed,Critical,0.0011047589250413146,0.3701330903682541,0.6287621507067058
BANK_029,SCN_0079,Critical,Stressed,0.00852847259256503,0.5863251091466819,0.4051464182607527
BANK_030,SCN_0079,Critical,Critical,0.00019720171798062755,0.0012136423191619072,0.9985891559628575
BANK_031,SCN_0079,Healthy,Healthy,0.9647595967499563,0.030893394093814638,0.004347009156229142
BANK_032,SCN_0079,Healthy,Healthy,0.858389409228985,0.1380179220800476,0.0035926686909676523
BANK_033,SCN_0079,Stressed,Stressed,0.02964390353983399,0.529525638972269,0.4408304574878967
BANK_034,SCN_0079,Healthy,Stressed,0.1692637973850949,0.7600972176008466,0.07063898501405862
BANK_035,SCN_0079,Healthy,Healthy,0.9526750403390599,0.04373611126372083,0.003588848397219312
BANK_036,SCN_0079,Healthy,Healthy,0.7448766101383674,0.24548760681373838,0.009635783047894442
BANK_037,SCN_0079,Stressed,Stressed,0.09281374079011599,0.8541912989121034,0.05299496029778102
BANK_038,SCN_0079,Healthy,Stressed,0.1400656113897522,0.8332115262179033,0.02672286239234523
BANK_039,SCN_0079,Healthy,Healthy,0.9915471208098171,0.007372690510937369,0.001080188679245283
BANK_040,SCN_0079,Healthy,Healthy,0.884548918909136,0.11502313168647531,0.00042794940438931116
BANK_001,SCN_0080,Healthy,Healthy,0.993307911277916,0.006692088722084096,0.0
BANK_002,SCN_0080,Healthy,Healthy,0.932004081620348,0.06658973634376289,0.0014061820358889435
BANK_003,SCN_0080,Healthy,Healthy,0.855794618023451,0.14034053207502506,0.0038648499015238227
BANK_004,SCN_0080,Healthy,Healthy,0.9702381560363059,0.02965881726396313,0.00010302669973139381
BANK_005,SCN_0080,Healthy,Healthy,0.9912633464472267,0.008706957966932742,2.9695585840432348e-05
BANK_006,SCN_0080,Stressed,Stressed,0.005735756004587471,0.9937208371571213,0.0005434068382913102
BANK_007,SCN_0080,Healthy,Healthy,0.9917530968483119,0.00823684015081433,1.0063000873779424e-05
BANK_008,SCN_0080,Stressed,Stressed,0.04717192236947871,0.9478136424508864,0.005014435179635038
BANK_009,SCN_0080,Healthy,Healthy,0.9830512778785145,0.016646298715757457,0.00030242340572809675
BANK_010,SCN_0080,Healthy,Stressed,0.28893762556701214,0.7003482194433824,0.010714154989605255
BANK_011,SCN_0080,Healthy,Healthy,0.9829543131202849,0.01700716782075773,3.85190589574575e-05
BANK_012,SCN_0080,Healthy,Healthy,0.9927486454774832,0.0072272010962208385,2.4153426296310142e-05
BANK_013,SCN_0080,Critical,Critical,0.0,0.00016420782552918536,0.9998357921744708
BANK_014,SCN_0080,Stressed,Stressed,0.48801520043597535,0.5056983072221254,0.006286492341899153
BANK_015,SCN_0080,Stressed,Stressed,0.004151286281231364,0.9264114174621346,0.06943729625663478
BANK_016,SCN_0080,Healthy,Healthy,0.9925413940574623,0.007316819256442427,0.0001417866860953764
BANK_017,SCN_0080,Stressed,Stressed,0.0426054091086952,0.9292325608089145,0.028162030082391164
BANK_018,SCN_0080,Healthy,Healthy,0.9404978963480702,0.05878081862642182,0.0007212850255082046
BANK_019,SCN_0080,Critical,Critical,0.0,0.0002924901185770751,0.999707509881423
BANK_020,SCN_0080,Stressed,Critical,0.0002830607837087318,0.19581995729991505,0.8038969819163764
BANK_021,SCN_0080,Stressed,Stressed,0.017462728032438257,0.9170708315712753,0.06546644039628706
BANK_022,SCN_0080,Critical,Critical,0.0,0.22293959032287863,0.7770604096771212
BANK_023,SCN_0080,Healthy,Healthy,0.9722690683416007,0.027467292023431723,0.00026363963496751767
BANK_024,SCN_0080,Healthy,Healthy,0.9474057133019916,0.05129656399359614,0.0012977227044120648
BANK_025,SCN_0080,Healthy,Healthy,0.691021277804633,0.30471756228520125,0.004261159910165272
BANK_026,SCN_0080,Stressed,Healthy,0.9714494237693173,0.028333299223087516,0.00021727700759520828
BANK_027,SCN_0080,Healthy,Healthy,0.9388934806667982,0.059632771350336136,0.001473747982864993
BANK_028,SCN_0080,Stressed,Stressed,0.005835872749061507,0.9814199572542424,0.012744169996696947
BANK_029,SCN_0080,Stressed,Stressed,0.030007653108862872,0.9437482962744754,0.026244050616661158
BANK_030,SCN_0080,Critical,Critical,0.0,0.00012734584450402144,0.999872654155496
BANK_031,SCN_0080,Healthy,Healthy,0.9891455950596487,0.010676816882212555,0.00017758805813897856
BANK_032,SCN_0080,Healthy,Healthy,0.983663924486732,0.016327046714677614,9.028798590348542e-06
BANK_033,SCN_0080,Stressed,Stressed,0.082297777755879,0.8705890247358183,0.047113197508302264
BANK_034,SCN_0080,Healthy,Healthy,0.710443402344962,0.28540767961741814,0.004148918037620274
BANK_035,SCN_0080,Healthy,Healthy,0.9850784409423493,0.014880045758915987,4.151329873466679e-05
BANK_036,SCN_0080,Stressed,Healthy,0.9764656334500497,0.023399049492951084,0.00013531705699969192
BANK_037,SCN_0080,Stressed,Stressed,0.2695591718376513,0.7213632524351343,0.009077575727214219
BANK_038,SCN_0080,Healthy,Healthy,0.7487900847948445,0.25016048252840156,0.0010494326767538059
BANK_039,SCN_0080,Healthy,Healthy,0.9976086244572714,0.0023913755427284323,0.0
BANK_040,SCN_0080,Healthy,Healthy,0.98845268391721,0.011541626182363408,5.689900426742532e-06
BANK_001,SCN_0083,Healthy,Healthy,0.9678014609915145,0.032169876588103774,2.8662420382165606e-05
BANK_002,SCN_0083,Healthy,Healthy,0.5687258790183606,0.41551174757512277,0.015762373406516397
BANK_003,SCN_0083,Healthy,Healthy,0.48622324229688824,0.48315980813469106,0.030616949568421026
BANK_004,SCN_0083,Healthy,Healthy,0.7817444311988455,0.21489780826860577,0.003357760532548883
BANK_005,SCN_0083,Healthy,Healthy,0.9818769191264183,0.01777323124793739,0.00034984962564431766
BANK_006,SCN_0083,Stressed,Stressed,0.01050144802132907,0.9851945327849186,0.004304019193752845
BANK_007,SCN_0083,Healthy,Healthy,0.9841302383020982,0.015707552153563006,0.0001622095443395103
BANK_008,SCN_0083,Stressed,Stressed,0.029320039786274548,0.9542434333720082,0.0164365268417172
BANK_009,SCN_0083,Healthy,Healthy,0.7803401692370514,0.21844378435892503,0.0012160464040233017
BANK_010,SCN_0083,Healthy,Stressed,0.09086747417200113,0.8259730193511876,0.08315950647681157
BANK_011,SCN_0083,Healthy,Healthy,0.9234765746468847,0.07420526301960294,0.0023181623335124194
BANK_012,SCN_0083,Healthy,Healthy,0.9864245838524786,0.013544049015183957,3.1367132337788954e-05
BANK_013,SCN_0083,Critical,Critical,0.0,0.00017666888471921653,0.9998233311152808
BANK_014,SCN_0083,Stressed,Stressed,0.21075611171935688,0.7450370996452556,0.04420678863538833
BANK_015,SCN_0083,Stressed,Stressed,0.0013390523914393966,0.5938934302373535,0.4047675173712076
BANK_016,SCN_0083,Healthy,Healthy,0.9809881480644449,0.018740840306725588,0.00027101162882935126
BANK_017,SCN_0083,Stressed,Stressed,0.022339804046364847,0.7686158129297772,0.20904438302385844
BANK_018,SCN_0083,Stressed,Stressed,0.2069285298634024,0.7802793043626943,0.012792165773903142
BANK_019,SCN_0083,Critical,Critical,0.0001341743119266055,0.0005835523214515217,0.9992822733666219
BANK_020,SCN_0083,Critical,Critical,0.0,0.1040709572841789,0.8959290427158215
BANK_021,SCN_0083,Critical,Stressed,0.004303175725526295,0.5810553063493646,0.41464151792510884
BANK_022,SCN_0083,Critical,Critical,0.0,0.0291714431011392,0.9708285568988613
BANK_023,SCN_0083,Healthy,Healthy,0.8823224359332793,0.11276304505980549,0.004914519006915466
BANK_024,SCN_0083,Stressed,Stressed,0.02734342407967451,0.9643690756443605,0.008287500275965073
BANK_025,SCN_0083,Healthy,Stressed,0.2982177180092199,0.6608989611203145,0.040883320870465305
BANK_026,SCN_0083,Healthy,Healthy,0.8011407311856752,0.1907628927695002,0.008096376044824792
BANK_027,SCN_0083,Healthy,Healthy,0.5768341576082326,0.40752238274935765,0.015643459642409607
BANK_028,SCN_0083,Critical,Stressed,0.0011570484834735396,0.5316784637672595,0.46716448774926655
BANK_029,SCN_0083,Stressed,Stressed,0.015964731366018448,0.7958710375271603,0.1881642311068209
BANK_030,SCN_0083,Critical,Critical,0.0001341743119266055,0.0007805019924246223,0.9990853236956487
BANK_031,SCN_0083,Healthy,Healthy,0.9616561457526296,0.035658443100427845,0.002685411146942808
BANK_032,SCN_0083,Healthy,Healthy,0.9029187332738834,0.09503830497537011,0.002042961750746548
BANK_033,SCN_0083,Stressed,Stressed,0.04238950005801935,0.6295246463312819,0.3280858536106974
BANK_034,SCN_0083,Stressed,Stressed,0.26343755933601837,0.6841425728641328,0.05241986779984907
BANK_035,SCN_0083,Healthy,Healthy,0.960127743082438,0.037612810242416674,0.002259446675145329
BANK_036,SCN_0083,Healthy,Healthy,0.8329454105999724,0.1612613268804949,0.00579326251953228
BANK_037,SCN_0083,Stressed,Stressed,0.11779892200697935,0.8401973243260736,0.04200375366694821
BANK_038,SCN_0083,Stressed,Stressed,0.29793985522097804,0.6849957747024699,0.01706437007655218
BANK_039,SCN_0083,Healthy,Healthy,0.9905051532738699,0.009494846726129824,0.0
BANK_040,SCN_0083,Healthy,Healthy,0.9276218863625737,0.07216546642956213,0.00021264720786459918
BANK_001,SCN_0085,Healthy,Healthy,0.875254910279555,0.12286668457297116,0.001878405147474982
BANK_002,SCN_0085,Stressed,Stressed,0.42302373630261514,0.5392187407569871,0.03775752294039783
BANK_003,SCN_0085,Healthy,Stressed,0.28111961265395136,0.654861227299717,0.0640191600463312
BANK_004,SCN_0085,Stressed,Healthy,0.6904322967060488,0.30359756891606027,0.00597013437789133
BANK_005,SCN_0085,Healthy,Healthy,0.9832122823213945,0.01569191948592425,0.0010957981926811664
BANK_006,SCN_0085,Stressed,Stressed,0.008499856253249734,0.9839875656770175,0.007512578069733066
BANK_007,SCN_0085,Healthy,Healthy,0.9879712233877022,0.011872510604362757,0.00015626600793534984
BANK_008,SCN_0085,Stressed,Stressed,0.021096906855101995,0.9555962125448572,0.023306880600040818
BANK_009,SCN_0085,Healthy,Healthy,0.5656063678729453,0.4310760724038419,0.0033175597232125713
BANK_010,SCN_0085,Stressed,Stressed,0.07625887468361375,0.7706022785202895,0.15313884679609752
BANK_011,SCN_0085,Healthy,Healthy,0.8390231769720566,0.15697697646733383,0.003999846560610253
BANK_012,SCN_0085,Healthy,Healthy,0.9930058928377574,0.006915763967374268,7.834319486832145e-05
BANK_013,SCN_0085,Critical,Critical,0.00016275595570074098,0.00020344772673227673,0.999633796317567
BANK_014,SCN_0085,Stressed,Stressed,0.10057426546640415,0.8286546975971557,0.07077103693644111
BANK_015,SCN_0085,Stressed,Critical,0.000748902307957745,0.331114109315958,0.6681369883760845
BANK_016,SCN_0085,Healthy,Healthy,0.98412306879365,0.01541876894174919,0.00045816226460056457
BANK_017,SCN_0085,Stressed,Stressed,0.016865942664270033,0.5192238227414319,0.46391023459429787
BANK_018,SCN_0085,Stressed,Stressed,0.07384942230847934,0.9067998522567153,0.019350725434805073
BANK_019,SCN_0085,Critical,Critical,0.0003567109204346153,0.0009390908829730644,0.9987041981965924
BANK_020,SCN_0085,Critical,Critical,4.363636363636364e-06,0.026175870070833027,0.9738197662928041
BANK_021,SCN_0085,Stressed,Stressed,0.0011224021284119874,0.500182230935764,0.498695366935824
BANK_022,SCN_0085,Critical,Critical,0.00016275595570074098,0.011909713373755688,0.9879275306705437
BANK_023,SCN_0085,Stressed,Stressed,0.4787134397379105,0.5096024078894145,0.011684152372675225
BANK_024,SCN_0085,Stressed,Stressed,0.00867197501695701,0.9813915489133298,0.0099364760697133
BANK_025,SCN_0085,Stressed,Stressed,0.2082119759150847,0.7180551734897869,0.07373285059512831
BANK_026,SCN_0085,Stressed,Healthy,0.5759374159311005,0.40874429152933694,0.015318292539562565
BANK_027,SCN_0085,Stressed,Stressed,0.3765763572598706,0.5821938939513939,0.04122974878873504
BANK_028,SCN_0085,Critical,Critical,0.0010250043883902262,0.3330733965046687,0.6659015991069425
BANK_029,SCN_0085,Stressed,Stressed,0.008265742264955,0.5250114950110486,0.46672276272399615
BANK_030,SCN_0085,Critical,Critical,0.00019720171798062755,0.0012136423191619072,0.9985891559628575
BANK_031,SCN_0085,Healthy,Healthy,0.964079873057997,0.031005315119501563,0.004914811822501536
BANK_032,SCN_0085,Stressed,Healthy,0.5765015561114157,0.4160525035130822,0.007445940375502489
BANK_033,SCN_0085,Stressed,Stressed,0.025479576348555903,0.4925249741845008,0.4819954494669431
BANK_034,SCN_0085,Stressed,Stressed,0.14282045978691826,0.7690881736083546,0.08809136660472737
BANK_035,SCN_0085,Healthy,Healthy,0.9463378632950749,0.04900342802826493,0.00465870867666043
BANK_036,SCN_0085,Healthy,Healthy,0.6334174816469986,0.3549250060335728,0.011657512319428895
BANK_037,SCN_0085,Stressed,Stressed,0.10522824280118438,0.8028465958871992,0.09192516131161622
BANK_038,SCN_0085,Stressed,Stressed,0.0713326906722732,0.8973136456623239,0.03135366366540346
BANK_039,SCN_0085,Healthy,Healthy,0.9903710691813756,0.008548742139379062,0.001080188679245283
BANK_040,SCN_0085,Healthy,Healthy,0.8017174726809507,0.19741375338793243,0.0008687739311176969
BANK_001,SCN_0087,Healthy,Healthy,0.7262288312170678,0.2711997383969095,0.0025714303860229376
BANK_002,SCN_0087,Healthy,Stressed,0.30664395657724836,0.6088015269599082,0.08455451646284351
BANK_003,SCN_0087,Stressed,Stressed,0.1806392937604479,0.6537376006510043,0.16562310558854815
BANK_004,SCN_0087,Stressed,Stressed,0.4582666370632845,0.5293638691977177,0.012369493738997662
BANK_005,SCN_0087,Healthy,Healthy,0.9855971569832348,0.012957221502529447,0.0014456215142359366
BANK_006,SCN_0087,Stressed,Stressed,0.005735584597809082,0.9749209974188798,0.019343417983311136
BANK_007,SCN_0087,Healthy,Healthy,0.9895537857951546,0.010285141064858856,0.00016107313998665461
BANK_008,SCN_0087,Stressed,Stressed,0.010557191123033173,0.7782673056451538,0.21117550323181336
BANK_009,SCN_0087,Stressed,Stressed,0.48871784336223567,0.5065328290471867,0.004749327590577645
BANK_010,SCN_0087,Critical,Critical,0.014588552149129373,0.41476283230008054,0.5706486155507902
BANK_011,SCN_0087,Stressed,Stressed,0.4092161677729103,0.5806509584971016,0.010132873729987963
BANK_012,SCN_0087,Healthy,Healthy,0.9903652817423878,0.009556375062743948,7.834319486832145e-05
BANK_013,SCN_0087,Critical,Critical,0.00015950920245398772,0.00018721396049851052,0.9996532768370475
BANK_014,SCN_0087,Stressed,Stressed,0.025381590844697797,0.6395751076259898,0.33504330152931344
BANK_015,SCN_0087,Critical,Critical,0.0007058191422803329,0.04984425710968042,0.9494499237480394
BANK_016,SCN_0087,Healthy,Healthy,0.9816882089314423,0.01778710640929871,0.0005246846592589751
BANK_017,SCN_0087,Critical,Critical,0.004733729119660362,0.297496268875216,0.6977700020051233
BANK_018,SCN_0087,Stressed,Stressed,0.0568905519243525,0.9147823520766921,0.02832709599895544
BANK_019,SCN_0087,Critical,Critical,0.0003567109204346153,0.0009064568503390318,0.9987368322292264
BANK_020,SCN_0087,Critical,Critical,4.363636363636364e-06,0.010797798717383119,0.9891978376462538
BANK_021,SCN_0087,Stressed,Critical,0.0006665868161171038,0.19980224492666715,0.799531168257216
BANK_022,SCN_0087,Critical,Critical,0.00016275595570074098,0.006832218585515275,0.9930050254587844
BANK_023,SCN_0087,Stressed,Stressed,0.05492572573422501,0.9294270644683236,0.015647209797451392
BANK_024,SCN_0087,Stressed,Stressed,0.006197417542719805,0.9581913352914376,0.03561124716584184
BANK_025,SCN_0087,Healthy,Stressed,0.1286789828150035,0.642364067352959,0.22895694983203776
BANK_026,SCN_0087,Stressed,Stressed,0.3853685748778069,0.5936465990139238,0.020984826108269274
BANK_027,SCN_0087,Critical,Stressed,0.25876721672523284,0.5942456916141505,0.14698709166061638
BANK_028,SCN_0087,Critical,Critical,0.000923821352431635,0.2270089210148505,0.7720672576327181
BANK_029,SCN_0087,Critical,Critical,0.004446563990024808,0.27328391887620057,0.7222695171337751
BANK_030,SCN_0087,Critical,Critical,0.00019720171798062755,0.0012136423191619072,0.9985891559628575
BANK_031,SCN_0087,Healthy,Healthy,0.96286626608862,0.032012302792286625,0.00512143111909339
BANK_032,SCN_0087,Stressed,Stressed,0.05159055626050113,0.9378206805979162,0.010588763141582577
BANK_033,SCN_0087,Critical,Critical,0.016422182273099977,0.2925278157458813,0.6910500019810185
BANK_034,SCN_0087,Stressed,Stressed,0.05521143052891159,0.6771762084177539,0.26761236105333497
BANK_035,SCN_0087,Healthy,Healthy,0.9325247482306824,0.06149729678048444,0.005977954988832897
BANK_036,SCN_0087,Stressed,Stressed,0.4489183927470064,0.5352117868304456,0.015869820422548194
BANK_037,SCN_0087,Critical,Stressed,0.026384398161864584,0.6983161484131982,0.27529945342493745
BANK_038,SCN_0087,Stressed,Stressed,0.025594523223631246,0.8618407416512703,0.11256473512509856
BANK_039,SCN_0087,Healthy,Healthy,0.9507396751621253,0.04818013615862951,0.001080188679245283
BANK_040,SCN_0087,Healthy,Stressed,0.3525148045880302,0.6436633484620378,0.0038218469499319277
BANK_001,SCN_0091,Healthy,Healthy,0.9948010659578209,0.005198934042179263,0.0
BANK_002,SCN_0091,Healthy,Healthy,0.9523927546743586,0.04625581369232884,0.001351431633312454
BANK_003,SCN_0091,Healthy,Healthy,0.921126416969406,0.07550565878123448,0.003367924249359307
BANK_004,SCN_0091,Healthy,Healthy,0.9772144405546855,0.022682532745583683,0.00010302669973139381
BANK_005,SCN_0091,Healthy,Healthy,0.9926615943196265,0.007308710094532692,2.9695585840432348e-05
BANK_006,SCN_0091,Stressed,Stressed,0.006748387055031756,0.9928672891149376,0.00038432383003056994
BANK_007,SCN_0091,Healthy,Healthy,0.9941331352316055,0.0058568017675205315,1.0063000873779424e-05
BANK_008,SCN_0091,Stressed,Stressed,0.25670737861203113,0.7408162173310318,0.0024764040569365273
BANK_009,SCN_0091,Healthy,Healthy,0.9894453022963676,0.010296069918342005,0.0002586277852901405
BANK_010,SCN_0091,Stressed,Healthy,0.5913229454194878,0.40559659051477215,0.0030804640657400174
BANK_011,SCN_0091,Healthy,Healthy,0.9860875888599107,0.013873892081132043,3.85190589574575e-05
BANK_012,SCN_0091,Healthy,Healthy,0.993224547414723,0.006751299158981035,2.4153426296310142e-05
BANK_013,SCN_0091,Critical,Critical,0.0,0.00016420782552918536,0.9998357921744708
BANK_014,SCN_0091,Healthy,Healthy,0.829693737815635,0.16732843120898033,0.0029778309753846466
BANK_015,SCN_0091,Stressed,Stressed,0.005057601570252374,0.9742401244358623,0.02070227399388555
BANK_016,SCN_0091,Healthy,Healthy,0.9941418728845474,0.005716340429357572,0.0001417866860953764
BANK_017,SCN_0091,Stressed,Stressed,0.0828246200654444,0.894679711375206,0.022495668559350524
BANK_018,SCN_0091,Healthy,Healthy,0.9616259627418399,0.03775882210342799,0.0006152151547324516
BANK_019,SCN_0091,Critical,Critical,0.0,0.00048031496062992123,0.99951968503937
BANK_020,SCN_0091,Stressed,Critical,0.00042789953113375187,0.3681428211330331,0.6314292793358328
BANK_021,SCN_0091,Stressed,Stressed,0.031756302423023554,0.9530368882927311,0.01520680928424516
BANK_022,SCN_0091,Stressed,Stressed,0.0011899236196679967,0.5074787773179626,0.4913312990623692
BANK_023,SCN_0091,Healthy,Healthy,0.9799862891331828,0.01975961018256566,0.00025410068425209644
BANK_024,SCN_0091,Healthy,Healthy,0.979477861260255,0.019400344656420158,0.0011217940833246117
BANK_025,SCN_0091,Healthy,Healthy,0.8783358987642201,0.1191412142504734,0.002522886985305619
BANK_026,SCN_0091,Healthy,Healthy,0.9765360670354511,0.02325267378090864,0.00021125918364035034
BANK_027,SCN_0091,Healthy,Healthy,0.9610426440866637,0.03753835833304741,0.0014189975802885038
BANK_028,SCN_0091,Stressed,Stressed,0.012123189472054909,0.9782794033445124,0.009597407183433299
BANK_029,SCN_0091,Stressed,Stressed,0.04302038599696581,0.9317954179111193,0.0251841960919142
BANK_030,SCN_0091,Critical,Critical,0.0,0.0005289851887663165,0.9994710148112337
BANK_031,SCN_0091,Healthy,Healthy,0.9903256592931026,0.009496752648758879,0.00017758805813897856
BANK_032,SCN_0091,Healthy,Healthy,0.9843250970889644,0.015656024756128643,1.8878154906979613e-05
BANK_033,SCN_0091,Stressed,Stressed,0.08524096585972865,0.870374460152158,0.044384573988112935
BANK_034,SCN_0091,Healthy,Healthy,0.9010673444400182,0.09633070632289123,0.0026019492370908557
BANK_035,SCN_0091,Healthy,Healthy,0.989134577153532,0.010820388420972743,4.503442549523017e-05
BANK_036,SCN_0091,Healthy,Healthy,0.9791139761284471,0.020756724638508396,0.000129299233044834
BANK_037,SCN_0091,Healthy,Healthy,0.7089471164204427,0.2898046741617513,0.0012482094178067717
BANK_038,SCN_0091,Healthy,Healthy,0.9521319263360597,0.04772164971877639,0.00014642394516379366
BANK_039,SCN_0091,Healthy,Healthy,0.9975066099869029,0.002424473472509718,6.891654058727268e-05
BANK_040,SCN_0091,Healthy,Healthy,0.9895392336098312,0.010451555362981575,9.211027187305913e-06
BANK_001,SCN_0094,Healthy,Healthy,0.993307911277916,0.006692088722084096,0.0
BANK_002,SCN_0094,Healthy,Healthy,0.9321303442466106,0.06646347371750028,0.0014061820358889435
BANK_003,SCN_0094,Healthy,Healthy,0.8552353601609263,0.1408997899375497,0.0038648499015238227
BANK_004,SCN_0094,Healthy,Healthy,0.9708324405841728,0.029064532716096225,0.00010302669973139381
BANK_005,SCN_0094,Healthy,Healthy,0.9912633464472267,0.008706957966932742,2.9695585840432348e-05
BANK_006,SCN_0094,Stressed,Stressed,0.005735756004587471,0.9937208371571213,0.0005434068382913102
BANK_007,SCN_0094,Healthy,Healthy,0.9917530968483119,0.00823684015081433,1.0063000873779424e-05
BANK_008,SCN_0094,Stressed,Stressed,0.04763912605187227,0.9474176175896715,0.004943256358456217
BANK_009,SCN_0094,Healthy,Healthy,0.9830512778785145,0.016646298715757457,0.00030242340572809675
BANK_010,SCN_0094,Stressed,Stressed,0.2599813152088077,0.7296648623823918,0.010353822408800234
BANK_011,SCN_0094,Healthy,Healthy,0.9829543131202849,0.01700716782075773,3.85190589574575e-05
BANK_012,SCN_0094,Healthy,Healthy,0.9930302781305445,0.006945568443159613,2.4153426296310142e-05
BANK_013,SCN_0094,Critical,Critical,0.0,0.00016420782552918536,0.9998357921744708
BANK_014,SCN_0094,Healthy,Healthy,0.4969616580699653,0.4968816175725532,0.006156724357481467
BANK_015,SCN_0094,Stressed,Stressed,0.004151286281231364,0.9260390770366027,0.06980963668216669
BANK_016,SCN_0094,Healthy,Healthy,0.9935024809339058,0.006355732379998939,0.0001417866860953764
BANK_017,SCN_0094,Stressed,Stressed,0.0428891862807089,0.9290354301364686,0.02807538358282332
BANK_018,SCN_0094,Healthy,Healthy,0.9456092499664018,0.05366946500809033,0.0007212850255082046
BANK_019,SCN_0094,Critical,Critical,0.0,0.0002924901185770751,0.999707509881423
BANK_020,SCN_0094,Critical,Critical,0.0002830607837087318,0.16293300532509883,0.8367839338911927
BANK_021,SCN_0094,Stressed,Stressed,0.018820398216844593,0.9070310498045612,0.0741485519785948
BANK_022,SCN_0094,Critical,Critical,0.0,0.2071603392865836,0.7928396607134162
BANK_023,SCN_0094,Healthy,Healthy,0.9725402843279953,0.027196076037037165,0.00026363963496751767
BANK_024,SCN_0094,Healthy,Healthy,0.9482079684915136,0.05049430880407426,0.0012977227044120648
BANK_025,SCN_0094,Healthy,Healthy,0.6872446029752034,0.3084942371146311,0.004261159910165272
BANK_026,SCN_0094,Healthy,Healthy,0.9714494237693173,0.028333299223087516,0.00021727700759520828
BANK_027,SCN_0094,Healthy,Healthy,0.9387340290073465,0.059792223009787794,0.001473747982864993
BANK_028,SCN_0094,Stressed,Stressed,0.005880502785691544,0.9815098090181126,0.012609688196196808
BANK_029,SCN_0094,Stressed,Stressed,0.030007653108862872,0.9437482962744754,0.026244050616661158
BANK_030,SCN_0094,Critical,Critical,0.0,0.00012734584450402144,0.999872654155496
BANK_031,SCN_0094,Healthy,Healthy,0.9891455950596487,0.010676816882212555,0.00017758805813897856
BANK_032,SCN_0094,Healthy,Healthy,0.9841855133521632,0.01580545784924639,9.028798590348542e-06
BANK_033,SCN_0094,Stressed,Stressed,0.08210301600186698,0.8709381587419066,0.04695882525622606
BANK_034,SCN_0094,Stressed,Healthy,0.7175586853425318,0.2786079859734606,0.0038333286840081075
BANK_035,SCN_0094,Healthy,Healthy,0.9850784409423493,0.014880045758915987,4.151329873466679e-05
BANK_036,SCN_0094,Healthy,Healthy,0.9764656334500497,0.023399049492951084,0.00013531705699969192
BANK_037,SCN_0094,Stressed,Stressed,0.30160573342923985,0.6898422059396923,0.008552060631067615
BANK_038,SCN_0094,Healthy,Healthy,0.8656589099049089,0.1336546776019897,0.0006864124931021129
BANK_039,SCN_0094,Healthy,Healthy,0.9976086244572714,0.0023913755427284323,0.0
BANK_040,SCN_0094,Healthy,Healthy,0.9885488377633638,0.011445472336209565,5.689900426742532e-06
BANK_001,SCN_0102,Healthy,Healthy,0.8953535275393387,0.10249703034464712,0.0021494421160145587
BANK_002,SCN_0102,Stressed,Stressed,0.3018681925530074,0.6385608313827469,0.059570976064245613
BANK_003,SCN_0102,Stressed,Stressed,0.21504363904073936,0.672053746021916,0.11290261493734487
BANK_004,SCN_0102,Healthy,Stressed,0.4950266407918413,0.4958845861980973,0.009088773010061293
BANK_005,SCN_0102,Healthy,Healthy,0.9866163134948794,0.012287888312439321,0.0010957981926811664
BANK_006,SCN_0102,Stressed,Stressed,0.008772635487440715,0.9727003934053738,0.018526971107185895
BANK_007,SCN_0102,Healthy,Healthy,0.9873012075446941,0.012622010503058861,7.678195224719102e-05
BANK_008,SCN_0102,Stressed,Stressed,0.013163634770208541,0.9105851667969703,0.07625119843282167
BANK_009,SCN_0102,Healthy,Stressed,0.4724610061382449,0.5237901498999292,0.0037488439618260897
BANK_010,SCN_0102,Stressed,Stressed,0.021564374191837064,0.6366603917585203,0.3417752340496426
BANK_011,SCN_0102,Healthy,Healthy,0.7007166836540636,0.2923049096623662,0.006978406683570798
BANK_012,SCN_0102,Healthy,Healthy,0.9906369729609784,0.009284683844153348,7.834319486832145e-05
BANK_013,SCN_0102,Critical,Critical,0.00015950920245398772,0.00028721396049851056,0.9995532768370475
BANK_014,SCN_0102,Healthy,Stressed,0.033665960519925396,0.6960890041278115,0.27024503535226385
BANK_015,SCN_0102,Critical,Critical,0.0007058191422803329,0.19211411203571543,0.8071800688220039
BANK_016,SCN_0102,Healthy,Healthy,0.9771078984641762,0.022484988621122616,0.0004071129147011516
BANK_017,SCN_0102,Critical,Critical,0.005665533328872964,0.36712107206965083,0.6272133946014755
BANK_018,SCN_0102,Stressed,Stressed,0.06175722596632086,0.9154624941329779,0.022780279900701254
BANK_019,SCN_0102,Critical,Critical,0.0003567109204346153,0.0009064568503390318,0.9987368322292264
BANK_020,SCN_0102,Critical,Critical,4.363636363636364e-06,0.024152897597903795,0.9758427387657329
BANK_021,SCN_0102,Critical,Critical,0.0003538299575115683,0.2998061446804509,0.6998400253620378
BANK_022,SCN_0102,Critical,Critical,0.00016275595570074098,0.04000578734119034,0.9598314567031097
BANK_023,SCN_0102,Stressed,Stressed,0.1725494391422938,0.8137792954644424,0.013671265393264343
BANK_024,SCN_0102,Stressed,Stressed,0.006891352909604437,0.973031795534168,0.020076851556227324
BANK_025,SCN_0102,Stressed,Stressed,0.15181723260087152,0.7078801745056729,0.14030259289345565
BANK_026,SCN_0102,Stressed,Stressed,0.48802374372299034,0.4938840226724386,0.01809223360457118
BANK_027,SCN_0102,Stressed,Stressed,0.2891919419805738,0.6429595962956033,0.06784846172382321
BANK_028,SCN_0102,Critical,Critical,0.0009821546857649683,0.25575836955252745,0.743259475761708
BANK_029,SCN_0102,Stressed,Critical,0.004227964794890309,0.3380951685050209,0.6576768667000894
BANK_030,SCN_0102,Critical,Critical,0.00019720171798062755,0.0012136423191619072,0.9985891559628575
BANK_031,SCN_0102,Healthy,Healthy,0.9607339061438954,0.034731136048940334,0.004534957807164271
BANK_032,SCN_0102,Stressed,Stressed,0.3324150508069186,0.6588122189010299,0.008772730292051573
BANK_033,SCN_0102,Critical,Critical,0.019068093364135445,0.35857250624545334,0.6223594003904115
BANK_034,SCN_0102,Stressed,Stressed,0.06994554644536236,0.7471149443513087,0.1829395092033294
BANK_035,SCN_0102,Healthy,Healthy,0.9383923554866385,0.05716620328038376,0.00444144123297783
BANK_036,SCN_0102,Healthy,Healthy,0.5093649536334991,0.47754087571767606,0.013094170648824906
BANK_037,SCN_0102,Critical,Stressed,0.022843220077024367,0.5484223085501662,0.42873447137280996
BANK_038,SCN_0102,Stressed,Stressed,0.0326468304880705,0.8983442528530342,0.06900891665889508
BANK_039,SCN_0102,Healthy,Healthy,0.7558826778612489,0.24303713345950564,0.001080188679245283
BANK_040,SCN_0102,Healthy,Healthy,0.5791868350655442,0.41809626013930673,0.002716904795149094
BANK_001,SCN_0105,Healthy,Healthy,0.8309005943836971,0.16660014017873442,0.002499265437569329
BANK_002,SCN_0105,Healthy,Stressed,0.26697880340204816,0.6648237107803001,0.06819748581765209
BANK_003,SCN_0105,Stressed,Stressed,0.170521504827084,0.6943620808122929,0.13511641436062302
BANK_004,SCN_0105,Stressed,Stressed,0.4575324712437109,0.5316078092916751,0.010859719464613716
BANK_005,SCN_0105,Healthy,Healthy,0.986076401127043,0.012477977358721004,0.0014456215142359366
BANK_006,SCN_0105,Stressed,Stressed,0.00611393530829044,0.9750381983375581,0.018847866354151616
BANK_007,SCN_0105,Healthy,Healthy,0.9893204196372001,0.010602798410552639,7.678195224719102e-05
BANK_008,SCN_0105,Stressed,Stressed,0.01239375799034856,0.9068157416384364,0.08079050037121553
BANK_009,SCN_0105,Stressed,Stressed,0.4651027909588693,0.5304703949483637,0.00442681409276722
BANK_010,SCN_0105,Critical,Stressed,0.01870107698432593,0.574348790217828,0.4069501327978459
BANK_011,SCN_0105,Stressed,Healthy,0.6287085767755509,0.36289983416825305,0.008391589056196167
BANK_012,SCN_0105,Healthy,Healthy,0.9916499058578727,0.008271750947258932,7.834319486832145e-05
BANK_013,SCN_0105,Critical,Critical,0.00015950920245398772,0.00018721396049851052,0.9996532768370475
BANK_014,SCN_0105,Critical,Stressed,0.02899508942499655,0.7493697224325016,0.22163518814250277
BANK_015,SCN_0105,Critical,Critical,0.0007058191422803329,0.20846865049333377,0.7908255303643859
BANK_016,SCN_0105,Healthy,Healthy,0.9812340130213734,0.018259972965024372,0.0005060140136022505
BANK_017,SCN_0105,Critical,Critical,0.005175907027348458,0.4486510783627386,0.5461730146099131
BANK_018,SCN_0105,Stressed,Stressed,0.0591232979875045,0.9175546172941,0.023322084718395517
BANK_019,SCN_0105,Critical,Critical,0.0003567109204346153,0.0009064568503390318,0.9987368322292264
BANK_020,SCN_0105,Critical,Critical,4.363636363636364e-06,0.010856376123240858,0.9891392602403961
BANK_021,SCN_0105,Critical,Critical,0.0006846256520411684,0.4253391669916655,0.5739762073562932
BANK_022,SCN_0105,Critical,Critical,0.00016275595570074098,0.006961452959719342,0.9928757910845804
BANK_023,SCN_0105,Stressed,Stressed,0.05622028089837656,0.9280714168740968,0.015708302227526835
BANK_024,SCN_0105,Stressed,Stressed,0.006796504424755953,0.9732288310718405,0.019974664503402975
BANK_025,SCN_0105,Stressed,Stressed,0.1360980653539241,0.706672695768482,0.15722923887759427
BANK_026,SCN_0105,Healthy,Stressed,0.41430202890118656,0.565038146021891,0.020659825076922468
BANK_027,SCN_0105,Healthy,Stressed,0.2581676872896133,0.6650744995073391,0.0767578132030486
BANK_028,SCN_0105,Stressed,Critical,0.000923821352431635,0.19989356412805667,0.799182614519512
BANK_029,SCN_0105,Critical,Critical,0.004676473097804836,0.35796619943751906,0.6373573274646765
BANK_030,SCN_0105,Critical,Critical,0.00019720171798062755,0.0012136423191619072,0.9985891559628575
BANK_031,SCN_0105,Healthy,Healthy,0.9618880789620182,0.03300916056454529,0.005102760473436665
BANK_032,SCN_0105,Stressed,Stressed,0.05291913442907129,0.936730017563347,0.010350848007581662
BANK_033,SCN_0105,Stressed,Critical,0.01676523315070344,0.3054802615377208,0.6777545053115762
BANK_034,SCN_0105,Stressed,Stressed,0.06747251866300814,0.7509333542098112,0.18159412712718093
BANK_035,SCN_0105,Healthy,Healthy,0.9326220736380942,0.06151680152793198,0.005861124833973718
BANK_036,SCN_0105,Stressed,Stressed,0.4327731013047841,0.5529260957135729,0.0143008029816432
BANK_037,SCN_0105,Stressed,Stressed,0.022864847223320807,0.6596728961653651,0.3174622566113143
BANK_038,SCN_0105,Stressed,Stressed,0.03173192491658498,0.8980204124647103,0.07024766261870476
BANK_039,SCN_0105,Healthy,Healthy,0.984420382288182,0.014499429032572883,0.001080188679245283
BANK_040,SCN_0105,Healthy,Healthy,0.558513257900498,0.438056104993592,0.003430637105910047
BANK_001,SCN_0125,Healthy,Healthy,0.993307911277916,0.006692088722084096,0.0
BANK_002,SCN_0125,Healthy,Healthy,0.9328175684286676,0.06577624953544314,0.0014061820358889435
BANK_003,SCN_0125,Stressed,Healthy,0.868376278188436,0.12791442746559556,0.003709294345968267
BANK_004,SCN_0125,Healthy,Healthy,0.9708324405841728,0.029064532716096225,0.00010302669973139381
BANK_005,SCN_0125,Healthy,Healthy,0.9912633464472267,0.008706957966932742,2.9695585840432348e-05
BANK_006,SCN_0125,Stressed,Stressed,0.005735756004587471,0.9937208371571213,0.0005434068382913102
BANK_007,SCN_0125,Healthy,Healthy,0.9917530968483119,0.00823684015081433,1.0063000873779424e-05
BANK_008,SCN_0125,Stressed,Stressed,0.04763912605187227,0.9474176175896715,0.004943256358456217
BANK_009,SCN_0125,Healthy,Healthy,0.9830512778785145,0.016646298715757457,0.00030242340572809675
BANK_010,SCN_0125,Stressed,Stressed,0.26205147252208427,0.7278110714354816,0.01013745604243387
BANK_011,SCN_0125,Healthy,Healthy,0.9829543131202849,0.01700716782075773,3.85190589574575e-05
BANK_012,SCN_0125,Healthy,Healthy,0.9930302781305445,0.006945568443159613,2.4153426296310142e-05
BANK_013,SCN_0125,Critical,Critical,0.0,0.00016420782552918536,0.9998357921744708
BANK_014,SCN_0125,Healthy,Healthy,0.500830308884011,0.49323262487816555,0.005937066237823348
BANK_015,SCN_0125,Stressed,Stressed,0.004166631549773563,0.885354093680713,0.11047927476951445
BANK_016,SCN_0125,Healthy,Healthy,0.9935024809339058,0.006355732379998939,0.0001417866860953764
BANK_017,SCN_0125,Stressed,Stressed,0.0428891862807089,0.9290354301364686,0.02807538358282332
BANK_018,SCN_0125,Healthy,Healthy,0.9456092499664018,0.05366946500809033,0.0007212850255082046
BANK_019,SCN_0125,Critical,Critical,0.0,0.0002924901185770751,0.999707509881423
BANK_020,SCN_0125,Critical,Critical,0.0002830607837087318,0.15954056977677558,0.8401763694395158
BANK_021,SCN_0125,Stressed,Stressed,0.01977258465965535,0.9287454619431881,0.0514819533971571
BANK_022,SCN_0125,Critical,Critical,0.0,0.2078014504886799,0.79219854951132
BANK_023,SCN_0125,Healthy,Healthy,0.9727402843279954,0.026996076037037166,0.00026363963496751767
BANK_024,SCN_0125,Healthy,Healthy,0.9482079684915136,0.05049430880407426,0.0012977227044120648
BANK_025,SCN_0125,Healthy,Healthy,0.7027120935619943,0.2934291594058344,0.0038587470321709985
BANK_026,SCN_0125,Healthy,Healthy,0.9714494237693173,0.028333299223087516,0.00021727700759520828
BANK_027,SCN_0125,Healthy,Healthy,0.9387340290073465,0.059792223009787794,0.001473747982864993
BANK_028,SCN_0125,Stressed,Stressed,0.005880502785691544,0.9815098090181126,0.012609688196196808
BANK_029,SCN_0125,Stressed,Stressed,0.030007653108862872,0.9437482962744754,0.026244050616661158
BANK_030,SCN_0125,Critical,Critical,0.0,0.00012734584450402144,0.999872654155496
BANK_031,SCN_0125,Healthy,Healthy,0.9891455950596487,0.010676816882212555,0.00017758805813897856
BANK_032,SCN_0125,Healthy,Healthy,0.9841855133521632,0.01580545784924639,9.028798590348542e-06
BANK_033,SCN_0125,Stressed,Stressed,0.08203300014461708,0.871484833075815,0.046482166779567576
BANK_034,SCN_0125,Stressed,Healthy,0.7114084282922746,0.28523490150037617,0.0033566702073496305
BANK_035,SCN_0125,Healthy,Healthy,0.9850784409423493,0.014880045758915987,4.151329873466679e-05
BANK_036,SCN_0125,Healthy,Healthy,0.9764656334500497,0.023399049492951084,0.00013531705699969192
BANK_037,SCN_0125,Healthy,Stressed,0.3012523499705932,0.6901955893983389,0.008552060631067615
BANK_038,SCN_0125,Healthy,Healthy,0.86616738448118,0.1331462030257185,0.0006864124931021129
BANK_039,SCN_0125,Healthy,Healthy,0.9976086244572714,0.0023913755427284323,0.0
BANK_040,SCN_0125,Healthy,Healthy,0.9885488377633638,0.011445472336209565,5.689900426742532e-06
BANK_001,SCN_0132,Healthy,Healthy,0.994807476214231,0.005192523785769006,0.0
BANK_002,SCN_0132,Healthy,Healthy,0.9523380222790733,0.046310546087614264,0.001351431633312454
BANK_003,SCN_0132,Healthy,Healthy,0.9237481414410778,0.0729561806771656,0.003295677881756477
BANK_004,SCN_0132,Healthy,Healthy,0.9773215834118283,0.022575389888440822,0.00010302669973139381
BANK_005,SCN_0132,Healthy,Healthy,0.9926615943196265,0.007308710094532692,2.9695585840432348e-05
BANK_006,SCN_0132,Stressed,Stressed,0.007558470570055935,0.9921949841154076,0.00024654531453642537
BANK_007,SCN_0132,Healthy,Healthy,0.993335491997148,0.006654445001978069,1.0063000873779424e-05
BANK_008,SCN_0132,Healthy,Healthy,0.7305347884417159,0.26819145823087526,0.0012737533274094228
BANK_009,SCN_0132,Healthy,Healthy,0.9894517125527779,0.010289659661931747,0.0002586277852901405
BANK_010,SCN_0132,Healthy,Healthy,0.6959545723157254,0.301530543477608,0.0025148842066663045
BANK_011,SCN_0132,Healthy,Healthy,0.9861313844803486,0.013830096460694087,3.85190589574575e-05
BANK_012,SCN_0132,Healthy,Healthy,0.993224547414723,0.006751299158981035,2.4153426296310142e-05
BANK_013,SCN_0132,Critical,Critical,0.0,0.00016420782552918536,0.9998357921744708
BANK_014,SCN_0132,Healthy,Healthy,0.8809130722698165,0.11618134312240207,0.0029055846077818176
BANK_015,SCN_0132,Stressed,Stressed,0.006987469473189171,0.973296250652149,0.019716279874662318
BANK_016,SCN_0132,Healthy,Healthy,0.9941418728845474,0.005716340429357572,0.0001417866860953764
BANK_017,SCN_0132,Stressed,Stressed,0.12563881447726707,0.8539740033724529,0.020387182150281083
BANK_018,SCN_0132,Healthy,Healthy,0.9631284668639912,0.03637170259666137,0.0004998305393478362
BANK_019,SCN_0132,Critical,Critical,0.0,0.00048031496062992123,0.99951968503937
BANK_020,SCN_0132,Stressed,Stressed,0.00042789953113375187,0.7222550421259929,0.2773170583428741
BANK_021,SCN_0132,Stressed,Stressed,0.02548784509238488,0.9611583245971471,0.013353830310467989
BANK_022,SCN_0132,Critical,Stressed,0.0011899236196679967,0.8335986090213712,0.1652114673589608
BANK_023,SCN_0132,Healthy,Healthy,0.9799862891331828,0.01975961018256566,0.00025410068425209644
BANK_024,SCN_0132,Healthy,Healthy,0.9808016845651916,0.01807652135148365,0.0011217940833246117
BANK_025,SCN_0132,Healthy,Healthy,0.8864096363800826,0.1110674766346111,0.002522886985305619
BANK_026,SCN_0132,Healthy,Healthy,0.9765424772918614,0.02324626352449838,0.00021125918364035034
BANK_027,SCN_0132,Healthy,Healthy,0.9611616203259131,0.03741938209379798,0.0014189975802885038
BANK_028,SCN_0132,Stressed,Stressed,0.016161488582693312,0.9749764522532866,0.008862059164020605
BANK_029,SCN_0132,Stressed,Stressed,0.09280468730677376,0.8837493483239311,0.023445964369295646
BANK_030,SCN_0132,Critical,Critical,0.0,0.0005289851887663165,0.9994710148112337
BANK_031,SCN_0132,Healthy,Healthy,0.9903368324774601,0.009485579464401336,0.00017758805813897856
BANK_032,SCN_0132,Healthy,Healthy,0.9867587284536774,0.013222393391415762,1.8878154906979613e-05
BANK_033,SCN_0132,Stressed,Stressed,0.11213659639079747,0.8463474770008121,0.04151592660839023
BANK_034,SCN_0132,Healthy,Healthy,0.9094729489339387,0.08808846131610924,0.0024385897499523204
BANK_035,SCN_0132,Healthy,Healthy,0.9891457503378895,0.0108092152366152,4.503442549523017e-05
BANK_036,SCN_0132,Healthy,Healthy,0.9791139761284471,0.020756724638508396,0.000129299233044834
BANK_037,SCN_0132,Healthy,Healthy,0.8484050029105326,0.15124065134776055,0.00035434574170739423
BANK_038,SCN_0132,Healthy,Healthy,0.9628917707999328,0.0369618052549032,0.00014642394516379366
BANK_039,SCN_0132,Healthy,Healthy,0.9975066099869029,0.002424473472509718,6.891654058727268e-05
BANK_040,SCN_0132,Healthy,Healthy,0.9895392336098312,0.010451555362981575,9.211027187305913e-06
BANK_001,SCN_0149,Healthy,Healthy,0.9683486362939512,0.031622701285667264,2.8662420382165606e-05
BANK_002,SCN_0149,Healthy,Healthy,0.5722662884550945,0.41431809351023935,0.013415618034665795
BANK_003,SCN_0149,Healthy,Healthy,0.4865335456607581,0.4846356801035458,0.02883077423569638
BANK_004,SCN_0149,Healthy,Healthy,0.7550607556127078,0.24209968485144348,0.0028395595358490446
BANK_005,SCN_0149,Healthy,Healthy,0.9804010903743273,0.01924906000002868,0.00034984962564431766
BANK_006,SCN_0149,Stressed,Stressed,0.009912275411745369,0.9858464963507436,0.004241228237511603
BANK_007,SCN_0149,Healthy,Healthy,0.9840305317528119,0.015807258702849387,0.0001622095443395103
BANK_008,SCN_0149,Stressed,Stressed,0.02798855516123433,0.9562491674413912,0.015762277397374323
BANK_009,SCN_0149,Healthy,Healthy,0.8049177154259234,0.19386623817005322,0.0012160464040233017
BANK_010,SCN_0149,Stressed,Stressed,0.09723899078900745,0.8258266720871842,0.07693433712380862
BANK_011,SCN_0149,Healthy,Healthy,0.9262769317833928,0.07200616335819997,0.0017169048584072656
BANK_012,SCN_0149,Healthy,Healthy,0.9859763191471334,0.01399231372052919,3.1367132337788954e-05
BANK_013,SCN_0149,Critical,Critical,0.0,0.00017666888471921653,0.9998233311152808
BANK_014,SCN_0149,Healthy,Stressed,0.22809124860989466,0.7300732241657447,0.04183552722436127
BANK_015,SCN_0149,Stressed,Critical,0.001383229098266706,0.47517786840596143,0.5234389024957719
BANK_016,SCN_0149,Healthy,Healthy,0.9805949147115921,0.019134073659578674,0.00027101162882935126
BANK_017,SCN_0149,Stressed,Stressed,0.022059275203278845,0.7809802398308126,0.19696048496590934
BANK_018,SCN_0149,Healthy,Stressed,0.262019401887134,0.7266805943746246,0.011300003738240959
BANK_019,SCN_0149,Critical,Critical,0.0001341743119266055,0.0005664791507198144,0.9992993465373536
BANK_020,SCN_0149,Critical,Critical,0.0,0.07879688870690342,0.9212031112930971
BANK_021,SCN_0149,Critical,Stressed,0.004360689382018878,0.7937803077148775,0.20185900290310305
BANK_022,SCN_0149,Critical,Critical,0.0,0.02644878195724289,0.9735512180427576
BANK_023,SCN_0149,Healthy,Healthy,0.8831309948763887,0.11195214145081099,0.004916863672800577
BANK_024,SCN_0149,Healthy,Stressed,0.030429847194827192,0.9616786402591622,0.007891512546010749
BANK_025,SCN_0149,Stressed,Stressed,0.32456763341350486,0.636958407214206,0.03847395937228882
BANK_026,SCN_0149,Healthy,Healthy,0.8118371087151065,0.18079162050944644,0.00737127077544729
BANK_027,SCN_0149,Healthy,Healthy,0.5890631193466179,0.39707169039958085,0.013865190253801347
BANK_028,SCN_0149,Stressed,Stressed,0.0013997308289367526,0.5625949668309757,0.43600530234008716
BANK_029,SCN_0149,Stressed,Stressed,0.016589531656149098,0.8035769746838077,0.17983349366004286
BANK_030,SCN_0149,Critical,Critical,0.0001341743119266055,0.0007805019924246223,0.9990853236956487
BANK_031,SCN_0149,Healthy,Healthy,0.9636502007627702,0.03408082887801558,0.002268970359214773
BANK_032,SCN_0149,Healthy,Healthy,0.9060578976688973,0.0920604309029368,0.0018816714281659032
BANK_033,SCN_0149,Stressed,Stressed,0.047028137675638244,0.6836508510630918,0.26932101126126873
BANK_034,SCN_0149,Healthy,Stressed,0.28118230207604933,0.668286945138735,0.05053075278521599
BANK_035,SCN_0149,Healthy,Healthy,0.9626661616977319,0.03536744599197175,0.0019663923102965046
BANK_036,SCN_0149,Healthy,Healthy,0.8410751036821623,0.15353772322828282,0.005387173089554371
BANK_037,SCN_0149,Stressed,Stressed,0.13505507484333362,0.825349166939129,0.03959575821753843
BANK_038,SCN_0149,Healthy,Stressed,0.30762241931267337,0.676670391396816,0.015707189290510872
BANK_039,SCN_0149,Healthy,Healthy,0.990206672509538,0.009793327490461905,0.0
BANK_040,SCN_0149,Healthy,Healthy,0.9300905258823695,0.06969682690976624,0.00021264720786459918
BANK_001,SCN_0155,Healthy,Healthy,0.8066884914888025,0.19081224307362857,0.002499265437569329
BANK_002,SCN_0155,Healthy,Stressed,0.2545723842045472,0.6737965460135429,0.07163106978191028
BANK_003,SCN_0155,Healthy,Stressed,0.16659645697180367,0.694123137932432,0.13928040509576445
BANK_004,SCN_0155,Healthy,Stressed,0.4445914209628103,0.5441153278869975,0.011293251150191917
BANK_005,SCN_0155,Healthy,Healthy,0.9863787267084385,0.012175651777325654,0.0014456215142359366
BANK_006,SCN_0155,Stressed,Stressed,0.006099879264649022,0.9759789598070432,0.017921160928307738
BANK_007,SCN_0155,Healthy,Healthy,0.9896130446704512,0.010225882189562245,0.00016107313998665461
BANK_008,SCN_0155,Stressed,Stressed,0.011868593865571379,0.9048424175102445,0.08328898862418446
BANK_009,SCN_0155,Healthy,Stressed,0.35173795139802655,0.6435848859598498,0.0046771626421240374
BANK_010,SCN_0155,Stressed,Critical,0.014525203634707343,0.37488541919420665,0.6105893771710859
BANK_011,SCN_0155,Healthy,Healthy,0.5800693090784141,0.4112642199384534,0.008666470983132541
BANK_012,SCN_0155,Healthy,Healthy,0.9905540884130011,0.009367568392130638,7.834319486832145e-05
BANK_013,SCN_0155,Critical,Critical,0.00015950920245398772,0.00018721396049851052,0.9996532768370475
BANK_014,SCN_0155,Stressed,Stressed,0.025836810997977785,0.7041224741737458,0.270040714828277
BANK_015,SCN_0155,Critical,Critical,0.0007058191422803329,0.05105452188976573,0.948239658967954
BANK_016,SCN_0155,Healthy,Healthy,0.980944298904073,0.01846539589458523,0.0005903052013417141
BANK_017,SCN_0155,Stressed,Critical,0.004857781740261971,0.39619129698757366,0.598950921272164
BANK_018,SCN_0155,Stressed,Stressed,0.05802108972640142,0.9172658807476413,0.02471302952595739
BANK_019,SCN_0155,Critical,Critical,0.0003567109204346153,0.0009064568503390318,0.9987368322292264
BANK_020,SCN_0155,Critical,Critical,4.363636363636364e-06,0.010797798717383119,0.9891978376462538
BANK_021,SCN_0155,Critical,Critical,0.0006665868161171038,0.1943174345220548,0.8050159786618286
BANK_022,SCN_0155,Critical,Critical,0.00016275595570074098,0.006832218585515275,0.9930050254587844
BANK_023,SCN_0155,Stressed,Stressed,0.055018671874186895,0.9293312783254709,0.015650049800342368
BANK_024,SCN_0155,Stressed,Stressed,0.006582759938754039,0.9433018447926069,0.05011539526863837
BANK_025,SCN_0155,Stressed,Stressed,0.13000195498175163,0.704945534794686,0.1650525102235627
BANK_026,SCN_0155,Stressed,Stressed,0.36873058965326866,0.610152801655295,0.021116608691436153
BANK_027,SCN_0155,Stressed,Stressed,0.25349020702855407,0.6668596963010367,0.07965009667040984
BANK_028,SCN_0155,Critical,Critical,0.000923821352431635,0.1537648470973521,0.8453113315502164
BANK_029,SCN_0155,Critical,Critical,0.004410806704016527,0.28971191568792565,0.7058772776080582
BANK_030,SCN_0155,Critical,Critical,0.00019720171798062755,0.0012136423191619072,0.9985891559628575
BANK_031,SCN_0155,Healthy,Healthy,0.9617604161267691,0.03305253221205487,0.005187051661176128
BANK_032,SCN_0155,Stressed,Stressed,0.05157765091258778,0.9380921196365316,0.010330229450880631
BANK_033,SCN_0155,Critical,Critical,0.016386424987091693,0.30539016973336525,0.6782234052795433
BANK_034,SCN_0155,Stressed,Stressed,0.06165737322954841,0.7438747229592269,0.19446790381122522
BANK_035,SCN_0155,Healthy,Healthy,0.9316528291594728,0.06230359530961143,0.006043575530915636
BANK_036,SCN_0155,Stressed,Stressed,0.4207681764175941,0.5645816195365846,0.014650204045821314
BANK_037,SCN_0155,Stressed,Stressed,0.022147127737250877,0.5619237208852605,0.41592915137748865
BANK_038,SCN_0155,Stressed,Stressed,0.028842095293966183,0.8960900787836753,0.07506782592235872
BANK_039,SCN_0155,Healthy,Healthy,0.984420382288182,0.014499429032572883,0.001080188679245283
BANK_040,SCN_0155,Healthy,Stressed,0.46605916474643655,0.5301189883036315,0.0038218469499319277
BANK_001,SCN_0156,Healthy,Healthy,0.9948010659578209,0.005198934042179263,0.0
BANK_002,SCN_0156,Healthy,Healthy,0.9525114721311961,0.04613709623549136,0.001351431633312454
BANK_003,SCN_0156,Healthy,Healthy,0.9213960632188132,0.07523601253182732,0.003367924249359307
BANK_004,SCN_0156,Healthy,Healthy,0.9773215834118283,0.022575389888440822,0.00010302669973139381
BANK_005,SCN_0156,Healthy,Healthy,0.9926615943196265,0.007308710094532692,2.9695585840432348e-05
BANK_006,SCN_0156,Stressed,Stressed,0.006748387055031756,0.9928672891149376,0.00038432383003056994
BANK_007,SCN_0156,Healthy,Healthy,0.9941331352316055,0.0058568017675205315,1.0063000873779424e-05
BANK_008,SCN_0156,Healthy,Stressed,0.3005541071552847,0.6970180324770986,0.002427860367616139
BANK_009,SCN_0156,Healthy,Healthy,0.9894453022963676,0.010296069918342005,0.0002586277852901405
BANK_010,SCN_0156,Healthy,Healthy,0.5883102348393118,0.4086093010949479,0.0030804640657400174
BANK_011,SCN_0156,Healthy,Healthy,0.9860875888599107,0.013873892081132043,3.85190589574575e-05
BANK_012,SCN_0156,Healthy,Healthy,0.993224547414723,0.006751299158981035,2.4153426296310142e-05
BANK_013,SCN_0156,Critical,Critical,0.0,0.00016420782552918536,0.9998357921744708
BANK_014,SCN_0156,Healthy,Healthy,0.8195876793799454,0.17743448964467004,0.0029778309753846466
BANK_015,SCN_0156,Stressed,Stressed,0.005051792835232278,0.9742459331708824,0.02070227399388555
BANK_016,SCN_0156,Healthy,Healthy,0.9941418728845474,0.005716340429357572,0.0001417866860953764
BANK_017,SCN_0156,Stressed,Stressed,0.09356118285222194,0.884169539765072,0.022269277382706818
BANK_018,SCN_0156,Healthy,Healthy,0.9620808924871485,0.03730389235811943,0.0006152151547324516
BANK_019,SCN_0156,Critical,Critical,0.0,0.00048031496062992123,0.99951968503937
BANK_020,SCN_0156,Stressed,Critical,0.00042789953113375187,0.43849367213846646,0.5610784283304
BANK_021,SCN_0156,Stressed,Stressed,0.02172745612978241,0.9633025958400809,0.014969948030136621
BANK_022,SCN_0156,Stressed,Stressed,0.0011899236196679967,0.5007662052935855,0.49804387108674647
BANK_023,SCN_0156,Healthy,Healthy,0.9799862891331828,0.01975961018256566,0.00025410068425209644
BANK_024,SCN_0156,Healthy,Healthy,0.9799327910055636,0.018945414911111583,0.0011217940833246117
BANK_025,SCN_0156,Healthy,Healthy,0.8790092024623338,0.11846791055235975,0.002522886985305619
BANK_026,SCN_0156,Healthy,Healthy,0.9765360670354511,0.02325267378090864,0.00021125918364035034
BANK_027,SCN_0156,Healthy,Healthy,0.9611613615435013,0.03741964087620993,0.0014189975802885038
BANK_028,SCN_0156,Stressed,Stressed,0.012210403992848765,0.9781921888237185,0.009597407183433299
BANK_029,SCN_0156,Stressed,Stressed,0.043107600517759664,0.9317082033903255,0.0251841960919142
BANK_030,SCN_0156,Critical,Critical,0.0,0.0005289851887663165,0.9994710148112337
BANK_031,SCN_0156,Healthy,Healthy,0.9903256592931026,0.009496752648758879,0.00017758805813897856
BANK_032,SCN_0156,Healthy,Healthy,0.9850286227299901,0.014952499115103003,1.8878154906979613e-05
BANK_033,SCN_0156,Stressed,Stressed,0.08596269350132306,0.8697669284246546,0.04427037807402179
BANK_034,SCN_0156,Healthy,Healthy,0.9021955778834405,0.09520247287946897,0.0026019492370908557
BANK_035,SCN_0156,Healthy,Healthy,0.989134577153532,0.010820388420972743,4.503442549523017e-05
BANK_036,SCN_0156,Healthy,Healthy,0.9791139761284471,0.020756724638508396,0.000129299233044834
BANK_037,SCN_0156,Healthy,Healthy,0.7854004703222527,0.21340033986778414,0.0011991898099636344
BANK_038,SCN_0156,Healthy,Healthy,0.9512361525764876,0.048617423478348396,0.00014642394516379366
BANK_039,SCN_0156,Healthy,Healthy,0.9975066099869029,0.002424473472509718,6.891654058727268e-05
BANK_040,SCN_0156,Healthy,Healthy,0.9895392336098312,0.010451555362981575,9.211027187305913e-06
BANK_001,SCN_0173,Healthy,Healthy,0.6910835442578515,0.3063450253561257,0.0025714303860229376
BANK_002,SCN_0173,Stressed,Stressed,0.2526148310788885,0.6760474112834826,0.07133775763762928
BANK_003,SCN_0173,Stressed,Stressed,0.1662258388681029,0.6955969409464605,0.13817722018543666
BANK_004,SCN_0173,Healthy,Stressed,0.43484732455820185,0.5538712586111325,0.011281416830665289
BANK_005,SCN_0173,Healthy,Healthy,0.9861943555240673,0.01236002296169684,0.0014456215142359366
BANK_006,SCN_0173,Stressed,Stressed,0.006099879264649022,0.9759789598070432,0.017921160928307738
BANK_007,SCN_0173,Healthy,Healthy,0.9895418810332499,0.010297045826763619,0.00016107313998665461
BANK_008,SCN_0173,Stressed,Stressed,0.011868593865571379,0.9048424175102445,0.08328898862418446
BANK_009,SCN_0173,Stressed,Stressed,0.3304581513176875,0.664792521091735,0.004749327590577645
BANK_010,SCN_0173,Stressed,Critical,0.014525203634707343,0.3782556241703347,0.6072191721949579
BANK_011,SCN_0173,Stressed,Healthy,0.4962551553617748,0.4950902079746192,0.008654636663605914
BANK_012,SCN_0173,Healthy,Healthy,0.9906059018845036,0.009315754920628048,7.834319486832145e-05
BANK_013,SCN_0173,Critical,Critical,0.00015950920245398772,0.00018721396049851052,0.9996532768370475
BANK_014,SCN_0173,Critical,Stressed,0.02553189517306196,0.6906584094690619,0.28380969535787653
BANK_015,SCN_0173,Critical,Critical,0.0007058191422803329,0.04984425710968042,0.9494499237480394
BANK_016,SCN_0173,Healthy,Healthy,0.980944298904073,0.01846539589458523,0.0005903052013417141
BANK_017,SCN_0173,Stressed,Critical,0.004844611386930599,0.384207249370599,0.6109481392424699
BANK_018,SCN_0173,Stressed,Stressed,0.05802108972640142,0.9172658807476413,0.02471302952595739
BANK_019,SCN_0173,Critical,Critical,0.0003567109204346153,0.0009064568503390318,0.9987368322292264
BANK_020,SCN_0173,Critical,Critical,4.363636363636364e-06,0.010797798717383119,0.9891978376462538
BANK_021,SCN_0173,Critical,Critical,0.0006665868161171038,0.2551101920353227,0.7442232211485605
BANK_022,SCN_0173,Critical,Critical,0.00016275595570074098,0.006832218585515275,0.9930050254587844
BANK_023,SCN_0173,Stressed,Stressed,0.055018671874186895,0.9293312783254709,0.015650049800342368
BANK_024,SCN_0173,Stressed,Stressed,0.006582759938754039,0.9433018447926069,0.05011539526863837
BANK_025,SCN_0173,Stressed,Stressed,0.12881073117625283,0.707739969732695,0.1634492990910525
BANK_026,SCN_0173,Stressed,Stressed,0.36749333264380385,0.6113178937163062,0.02118877363988976
BANK_027,SCN_0173,Healthy,Stressed,0.25234825954809836,0.6669930065572,0.08065873389470224
BANK_028,SCN_0173,Critical,Critical,0.000923821352431635,0.16096347828239047,0.838112700365178
BANK_029,SCN_0173,Critical,Critical,0.0044034672544752415,0.277372558848289,0.7182239738972359
BANK_030,SCN_0173,Critical,Critical,0.00019720171798062755,0.0012136423191619072,0.9985891559628575
BANK_031,SCN_0173,Healthy,Healthy,0.9617604161267691,0.03305253221205487,0.005187051661176128
BANK_032,SCN_0173,Stressed,Stressed,0.05157765091258778,0.9380921196365316,0.010330229450880631
BANK_033,SCN_0173,Critical,Critical,0.01637908553755041,0.2957965064371764,0.6878244080252733
BANK_034,SCN_0173,Stressed,Stressed,0.06119720393307593,0.7389199926560853,0.19988280341083922
BANK_035,SCN_0173,Healthy,Healthy,0.9305697181667472,0.06338670630233706,0.006043575530915636
BANK_036,SCN_0173,Stressed,Stressed,0.41810087013751873,0.5672489258166601,0.014650204045821314
BANK_037,SCN_0173,Critical,Stressed,0.020913694865311878,0.5390579830962959,0.44002832203839237
BANK_038,SCN_0173,Stressed,Stressed,0.02864341979727744,0.896115723422255,0.07524085678046778
BANK_039,SCN_0173,Healthy,Healthy,0.984420382288182,0.014499429032572883,0.001080188679245283
BANK_040,SCN_0173,Stressed,Stressed,0.4352119887712014,0.5609661642788668,0.0038218469499319277
BANK_001,SCN_0174,Healthy,Healthy,0.9948010659578209,0.005198934042179263,0.0
BANK_002,SCN_0174,Healthy,Healthy,0.9527966161538403,0.04585195221284733,0.001351431633312454
BANK_003,SCN_0174,Healthy,Healthy,0.9225069780926439,0.07413966960699483,0.0033533523003611283
BANK_004,SCN_0174,Healthy,Healthy,0.9773215834118283,0.022575389888440822,0.00010302669973139381
BANK_005,SCN_0174,Healthy,Healthy,0.9926615943196265,0.007308710094532692,2.9695585840432348e-05
BANK_006,SCN_0174,Stressed,Stressed,0.006955394628863535,0.992693632832827,0.00035097253830938666
BANK_007,SCN_0174,Healthy,Healthy,0.9941331352316055,0.0058568017675205315,1.0063000873779424e-05
BANK_008,SCN_0174,Healthy,Stressed,0.47447995692980843,0.5238573969854461,0.0016626460847451445
BANK_009,SCN_0174,Healthy,Healthy,0.9894453022963676,0.010296069918342005,0.0002586277852901405
BANK_010,SCN_0174,Healthy,Healthy,0.6702923630718627,0.32719275272147097,0.0025148842066663045
BANK_011,SCN_0174,Healthy,Healthy,0.9860875888599107,0.013873892081132043,3.85190589574575e-05
BANK_012,SCN_0174,Healthy,Healthy,0.993224547414723,0.006751299158981035,2.4153426296310142e-05
BANK_013,SCN_0174,Critical,Critical,0.0,0.00016420782552918536,0.9998357921744708
BANK_014,SCN_0174,Healthy,Healthy,0.8685144550725175,0.12852228590109643,0.0029632590263864683
BANK_015,SCN_0174,Stressed,Stressed,0.005926028250994219,0.9738026511678508,0.020271320581155206
BANK_016,SCN_0174,Healthy,Healthy,0.9941418728845474,0.005716340429357572,0.0001417866860953764
BANK_017,SCN_0174,Stressed,Stressed,0.10795175147791455,0.8704616487710166,0.02158659975107004
BANK_018,SCN_0174,Healthy,Healthy,0.9631284668639912,0.03637170259666137,0.0004998305393478362
BANK_019,SCN_0174,Critical,Critical,0.0,0.00048031496062992123,0.99951968503937
BANK_020,SCN_0174,Critical,Critical,0.00042789953113375187,0.401367322889115,0.5982047775797513
BANK_021,SCN_0174,Stressed,Stressed,0.023756326873123304,0.9624119417640586,0.013831731362817927
BANK_022,SCN_0174,Stressed,Critical,0.0011899236196679967,0.4834438856924963,0.5153661906878357
BANK_023,SCN_0174,Healthy,Healthy,0.9799862891331828,0.01975961018256566,0.00025410068425209644
BANK_024,SCN_0174,Healthy,Healthy,0.9808016845651916,0.01807652135148365,0.0011217940833246117
BANK_025,SCN_0174,Healthy,Healthy,0.8815591317758353,0.11591798123885835,0.002522886985305619
BANK_026,SCN_0174,Healthy,Healthy,0.9765360670354511,0.02325267378090864,0.00021125918364035034
BANK_027,SCN_0174,Healthy,Healthy,0.9615192328388726,0.03706176958083863,0.0014189975802885038
BANK_028,SCN_0174,Stressed,Stressed,0.010950644385957515,0.9795672082845424,0.00948214732950036
BANK_029,SCN_0174,Stressed,Stressed,0.06182142811254682,0.9135985777000152,0.024579994187437705
BANK_030,SCN_0174,Critical,Critical,0.0,0.0005289851887663165,0.9994710148112337
BANK_031,SCN_0174,Healthy,Healthy,0.9903256592931026,0.009496752648758879,0.00017758805813897856
BANK_032,SCN_0174,Healthy,Healthy,0.9867587284536774,0.013222393391415762,1.8878154906979613e-05
BANK_033,SCN_0174,Stressed,Stressed,0.09532310020190232,0.8612137982501196,0.043463101547977945
BANK_034,SCN_0174,Healthy,Healthy,0.9075110232341372,0.0900503870159107,0.0024385897499523204
BANK_035,SCN_0174,Healthy,Healthy,0.989134577153532,0.010820388420972743,4.503442549523017e-05
BANK_036,SCN_0174,Healthy,Healthy,0.9791139761284471,0.020756724638508396,0.000129299233044834
BANK_037,SCN_0174,Healthy,Healthy,0.8279894468003794,0.17165620745791335,0.00035434574170739423
BANK_038,SCN_0174,Healthy,Healthy,0.9615524528471411,0.03830112320769482,0.00014642394516379366
BANK_039,SCN_0174,Healthy,Healthy,0.9975066099869029,0.002424473472509718,6.891654058727268e-05
BANK_040,SCN_0174,Healthy,Healthy,0.9895392336098312,0.010451555362981575,9.211027187305913e-06
BANK_001,SCN_0181,Healthy,Healthy,0.9630699933591917,0.03508385955785015,0.001846147082958853
BANK_002,SCN_0181,Healthy,Healthy,0.5008661118299034,0.47542638703053014,0.023707501139566288
BANK_003,SCN_0181,Healthy,Stressed,0.35086854719726634,0.606414671619765,0.04271678118296845
BANK_004,SCN_0181,Healthy,Healthy,0.7345294007109906,0.2612579843491305,0.004212614939879076
BANK_005,SCN_0181,Healthy,Healthy,0.9827816190577398,0.016122582749579204,0.0010957981926811664
BANK_006,SCN_0181,Stressed,Stressed,0.010962361930386383,0.9832282417467854,0.0058093963228288146
BANK_007,SCN_0181,Healthy,Healthy,0.9889963021956105,0.010847431796454535,0.00015626600793534984
BANK_008,SCN_0181,Stressed,Stressed,0.02538582022945334,0.954399252980352,0.02021492679019454
BANK_009,SCN_0181,Healthy,Healthy,0.7450708332488702,0.2523019773362707,0.0026271894148590957
BANK_010,SCN_0181,Stressed,Stressed,0.08687064505321607,0.7841860930517851,0.12894326189499922
BANK_011,SCN_0181,Healthy,Healthy,0.8999093789182325,0.09714844507308239,0.0029421760086851393
BANK_012,SCN_0181,Healthy,Healthy,0.9909016804055908,0.009019976399541087,7.834319486832145e-05
BANK_013,SCN_0181,Critical,Critical,0.00016275595570074098,0.0002159087859223079,0.9996213352583769
BANK_014,SCN_0181,Healthy,Stressed,0.1402798606737805,0.8026538675924115,0.05706627173380866
BANK_015,SCN_0181,Stressed,Critical,0.0008044812799750732,0.39079981452028456,0.6083957041997401
BANK_016,SCN_0181,Healthy,Healthy,0.9823082823834061,0.01733245645089419,0.0003592611656994657
BANK_017,SCN_0181,Healthy,Stressed,0.02743176830309133,0.5198491766408593,0.452719055056049
BANK_018,SCN_0181,Stressed,Stressed,0.10870206427336399,0.8746069637739029,0.016690971952733384
BANK_019,SCN_0181,Critical,Critical,0.0003567109204346153,0.0010561696613311372,0.9985871194182343
BANK_020,SCN_0181,Critical,Critical,4.363636363636364e-06,0.060161045819670654,0.9398345905439663
BANK_021,SCN_0181,Stressed,Stressed,0.0017112295445201396,0.5339737894225267,0.46431498103295304
BANK_022,SCN_0181,Critical,Critical,0.00016275595570074098,0.023316791361889817,0.9765204526824098
BANK_023,SCN_0181,Healthy,Healthy,0.845703062541501,0.1479045160022473,0.006392421456251384
BANK_024,SCN_0181,Stressed,Stressed,0.01375572101426149,0.9772462960170727,0.008997982968665767
BANK_025,SCN_0181,Stressed,Stressed,0.24967692021394777,0.6962255553530026,0.054097524433048876
BANK_026,SCN_0181,Healthy,Healthy,0.713880371578602,0.2748110103600845,0.011308618061313901
BANK_027,SCN_0181,Healthy,Healthy,0.5461101123457326,0.4294886454143985,0.024401242239869034
BANK_028,SCN_0181,Stressed,Critical,0.0011047589250413146,0.3511696058724786,0.6477256352024814
BANK_029,SCN_0181,Stressed,Stressed,0.00951190055599643,0.6156172959355142,0.37487080350848867
BANK_030,SCN_0181,Critical,Critical,0.00019720171798062755,0.0012136423191619072,0.9985891559628575
BANK_031,SCN_0181,Healthy,Healthy,0.9629883944603685,0.03309430460621414,0.003917300933417471
BANK_032,SCN_0181,Healthy,Healthy,0.8703297521381014,0.1267465452105299,0.002923702651368693
BANK_033,SCN_0181,Stressed,Stressed,0.0307992351218797,0.5292491010057713,0.4399516638723487
BANK_034,SCN_0181,Healthy,Stressed,0.20513532232256385,0.7309177280154511,0.06394694966198548
BANK_035,SCN_0181,Healthy,Healthy,0.9533397158608903,0.04310223458693383,0.0035580495521760004
BANK_036,SCN_0181,Healthy,Healthy,0.7750428392388863,0.21609329238702704,0.008863868374086382
BANK_037,SCN_0181,Healthy,Stressed,0.09400735643649649,0.8560222485478258,0.04997039501567803
BANK_038,SCN_0181,Healthy,Stressed,0.19160997073927358,0.785340625997304,0.023049403263422412
BANK_039,SCN_0181,Healthy,Healthy,0.9904019084694738,0.008517902851280783,0.001080188679245283
BANK_040,SCN_0181,Healthy,Healthy,0.899260965906108,0.10031108468950323,0.00042794940438931116
BANK_001,SCN_0183,Healthy,Healthy,0.9686441726640459,0.031327164915572504,2.8662420382165606e-05
BANK_002,SCN_0183,Healthy,Healthy,0.5685959480741171,0.41691611901244546,0.014487932913437439
BANK_003,SCN_0183,Stressed,Stressed,0.4836300294046107,0.4869961647457285,0.02937380584966113
BANK_004,SCN_0183,Healthy,Healthy,0.7484626570473953,0.24867772611016573,0.002859616842439302
BANK_005,SCN_0183,Healthy,Healthy,0.9815946400610442,0.01805551031331156,0.00034984962564431766
BANK_006,SCN_0183,Stressed,Stressed,0.009912275411745369,0.9858327032472953,0.00425502134095988
BANK_007,SCN_0183,Healthy,Healthy,0.9844119376485034,0.01542585280715778,0.0001622095443395103
BANK_008,SCN_0183,Stressed,Stressed,0.028326034501836513,0.9555383376097981,0.016135627888365357
BANK_009,SCN_0183,Healthy,Healthy,0.8027021504684032,0.1960818031275733,0.0012160464040233017
BANK_010,SCN_0183,Stressed,Stressed,0.09745142265170738,0.8235418150028279,0.07900676234546515
BANK_011,SCN_0183,Healthy,Healthy,0.9268099034701591,0.0714531343648433,0.0017369621649975236
BANK_012,SCN_0183,Healthy,Healthy,0.9862289135145662,0.013739719353096388,3.1367132337788954e-05
BANK_013,SCN_0183,Critical,Critical,0.0,0.00017666888471921653,0.9998233311152808
BANK_014,SCN_0183,Stressed,Stressed,0.22143572956828167,0.7359932065145673,0.042571063917151625
BANK_015,SCN_0183,Stressed,Stressed,0.001383229098266706,0.5635682675393253,0.4350485033624084
BANK_016,SCN_0183,Healthy,Healthy,0.9805537709022574,0.01917521746891316,0.00027101162882935126
BANK_017,SCN_0183,Stressed,Stressed,0.022064800065157295,0.7808905098554473,0.1970446900793962
BANK_018,SCN_0183,Stressed,Stressed,0.22181235516638398,0.7666962664323019,0.011491378401313736
BANK_019,SCN_0183,Critical,Critical,0.0001341743119266055,0.0005835523214515217,0.9992822733666219
BANK_020,SCN_0183,Stressed,Critical,0.0,0.09050927745799074,0.9094907225420097
BANK_021,SCN_0183,Critical,Stressed,0.004284931806261302,0.7927677462909845,0.20294732190275377
BANK_022,SCN_0183,Critical,Critical,0.0,0.02647655973502067,0.9735234402649797
BANK_023,SCN_0183,Healthy,Healthy,0.8831216960039131,0.11196144032328656,0.004916863672800577
BANK_024,SCN_0183,Stressed,Stressed,0.029009946507279446,0.9630985409467099,0.007891512546010749
BANK_025,SCN_0183,Stressed,Stressed,0.316677134399032,0.6437787634682632,0.03954410213270433
BANK_026,SCN_0183,Healthy,Healthy,0.8090169150213791,0.1836118142031739,0.00737127077544729
BANK_027,SCN_0183,Healthy,Healthy,0.5951135321021574,0.3904763443056938,0.01441012359214898
BANK_028,SCN_0183,Critical,Stressed,0.0013997308289367526,0.5585752704061846,0.4400249987648782
BANK_029,SCN_0183,Stressed,Stressed,0.016526559750664176,0.8016320453244521,0.18184139492488344
BANK_030,SCN_0183,Critical,Critical,0.0001341743119266055,0.0007805019924246223,0.9990853236956487
BANK_031,SCN_0183,Healthy,Healthy,0.9627366031982232,0.03499442644256243,0.002268970359214773
BANK_032,SCN_0183,Healthy,Healthy,0.9052584937874246,0.09285983478440955,0.0018816714281659032
BANK_033,SCN_0183,Critical,Stressed,0.04672950386706443,0.6804923726345707,0.27277812349836333
BANK_034,SCN_0183,Stressed,Stressed,0.2767821995384468,0.6722603602454751,0.05095744021607824
BANK_035,SCN_0183,Healthy,Healthy,0.9613282597209106,0.03668529066220266,0.001986449616886762
BANK_036,SCN_0183,Healthy,Healthy,0.8391437015589422,0.15544906804491265,0.005407230396144628
BANK_037,SCN_0183,Healthy,Stressed,0.1324463338634272,0.8276078590456957,0.03994580709087815
BANK_038,SCN_0183,Stressed,Stressed,0.295373614693247,0.688323314285297,0.016303071021456176
BANK_039,SCN_0183,Healthy,Healthy,0.9903574661603317,0.009642533839668255,0.0
BANK_040,SCN_0183,Healthy,Healthy,0.9295920489998913,0.07019530379224453,0.00021264720786459918
BANK_001,SCN_0186,Healthy,Healthy,0.9601503721340618,0.038003480782979805,0.001846147082958853
BANK_002,SCN_0186,Stressed,Stressed,0.46320655126231325,0.5097106646297526,0.027082784107933827
BANK_003,SCN_0186,Stressed,Stressed,0.3308380032656691,0.6223493298282466,0.04681266690608369
BANK_004,SCN_0186,Healthy,Healthy,0.7521349873898491,0.24352807364537235,0.004336938964778502
BANK_005,SCN_0186,Healthy,Healthy,0.9855861149064024,0.013318086900916374,0.0010957981926811664
BANK_006,SCN_0186,Stressed,Stressed,0.011100625200036143,0.9822425973930389,0.006656777406925516
BANK_007,SCN_0186,Healthy,Healthy,0.9880469624901118,0.0117967715019532,0.00015626600793534984
BANK_008,SCN_0186,Stressed,Stressed,0.024015723042338448,0.9557318139515858,0.02025246300607579
BANK_009,SCN_0186,Healthy,Healthy,0.6365508409793316,0.3607342569087903,0.002714902111878201
BANK_010,SCN_0186,Stressed,Stressed,0.08471769217450408,0.781953937351373,0.13332837047412344
BANK_011,SCN_0186,Healthy,Healthy,0.841272519137093,0.1555357634380181,0.003191717424888913
BANK_012,SCN_0186,Healthy,Healthy,0.9926534991738518,0.007268157631279974,7.834319486832145e-05
BANK_013,SCN_0186,Critical,Critical,0.00016275595570074098,0.0002159087859223079,0.9996213352583769
BANK_014,SCN_0186,Stressed,Stressed,0.1292744157278531,0.8089504448907949,0.061775139381352505
BANK_015,SCN_0186,Critical,Critical,0.0007907826498380868,0.3817599501071116,0.6174492672430504
BANK_016,SCN_0186,Healthy,Healthy,0.9847100359666271,0.01493070286767333,0.0003592611656994657
BANK_017,SCN_0186,Stressed,Critical,0.018182951604834824,0.4607138090075123,0.5211032393876525
BANK_018,SCN_0186,Stressed,Stressed,0.08690778837410593,0.8941230943010562,0.018969117324838063
BANK_019,SCN_0186,Critical,Critical,0.0003567109204346153,0.0010561696613311372,0.9985871194182343
BANK_020,SCN_0186,Critical,Critical,4.363636363636364e-06,0.061110530677188794,0.938885105686448
BANK_021,SCN_0186,Stressed,Critical,0.001304287502085335,0.48482907161047784,0.5138666408874368
BANK_022,SCN_0186,Critical,Critical,0.00016275595570074098,0.024026375036999042,0.9758108690073006
BANK_023,SCN_0186,Healthy,Healthy,0.8336341298864326,0.1589811369010199,0.0073847332125472655
BANK_024,SCN_0186,Stressed,Stressed,0.010723107975330347,0.9798966571895271,0.00938023483514252
BANK_025,SCN_0186,Stressed,Stressed,0.23860225709234684,0.7038876451470024,0.05751009776065039
BANK_026,SCN_0186,Healthy,Healthy,0.6707810753180342,0.31675052547142846,0.012468399210538132
BANK_027,SCN_0186,Stressed,Healthy,0.4913248128377138,0.48125495586317685,0.027420231299109046
BANK_028,SCN_0186,Stressed,Critical,0.0011047589250413146,0.3701330903682541,0.6287621507067058
BANK_029,SCN_0186,Critical,Stressed,0.00860847259256503,0.5856117758133486,0.405779751594086
BANK_030,SCN_0186,Critical,Critical,0.00019720171798062755,0.0012136423191619072,0.9985891559628575
BANK_031,SCN_0186,Healthy,Healthy,0.9647595967499563,0.030893394093814638,0.004347009156229142
BANK_032,SCN_0186,Healthy,Healthy,0.858389409228985,0.1380179220800476,0.0035926686909676523
BANK_033,SCN_0186,Stressed,Stressed,0.02964390353983399,0.529525638972269,0.4408304574878967
BANK_034,SCN_0186,Healthy,Stressed,0.1692637973850949,0.7600972176008466,0.07063898501405862
BANK_035,SCN_0186,Healthy,Healthy,0.9526750403390599,0.04373611126372083,0.003588848397219312
BANK_036,SCN_0186,Healthy,Healthy,0.7448766101383674,0.24548760681373838,0.009635783047894442
BANK_037,SCN_0186,Stressed,Stressed,0.09281374079011599,0.8541912989121034,0.05299496029778102
BANK_038,SCN_0186,Stressed,Stressed,0.13309574851417252,0.8401813890934829,0.02672286239234523
BANK_039,SCN_0186,Healthy,Healthy,0.9915471208098171,0.007372690510937369,0.001080188679245283
BANK_040,SCN_0186,Healthy,Healthy,0.884548918909136,0.11502313168647531,0.00042794940438931116
BANK_001,SCN_0194,Healthy,Healthy,0.9017996406310222,0.09608317531747973,0.00211718405149843
BANK_002,SCN_0194,Stressed,Stressed,0.3378711835090332,0.609089568232804,0.05303924825816267
BANK_003,SCN_0194,Healthy,Stressed,0.2206263915880748,0.6741776988485783,0.10519590956334693
BANK_004,SCN_0194,Healthy,Healthy,0.5881804857519625,0.4035292173882643,0.008290296859773364
BANK_005,SCN_0194,Healthy,Healthy,0.9868594051017906,0.012044796705528172,0.0010957981926811664
BANK_006,SCN_0194,Stressed,Stressed,0.00913357099743849,0.9727378431682483,0.01812858583431362
BANK_007,SCN_0194,Healthy,Healthy,0.9870997138896382,0.01282350415811464,7.678195224719102e-05
BANK_008,SCN_0194,Stressed,Stressed,0.01424601516470537,0.9112398564856579,0.0745141283496373
BANK_009,SCN_0194,Healthy,Healthy,0.5000067097574197,0.49643229553098384,0.0035609947115962715
BANK_010,SCN_0194,Stressed,Stressed,0.026446830392684632,0.6000229406502869,0.3735302289570285
BANK_011,SCN_0194,Healthy,Healthy,0.7227952962475372,0.270582617222546,0.006622086529916887
BANK_012,SCN_0194,Healthy,Healthy,0.9912812866259882,0.008640370179143389,7.834319486832145e-05
BANK_013,SCN_0194,Critical,Critical,0.00015950920245398772,0.00028721396049851056,0.9995532768370475
BANK_014,SCN_0194,Critical,Stressed,0.044893602457652046,0.7154503965430101,0.23965600099933781
BANK_015,SCN_0194,Critical,Critical,0.0007442806807418713,0.3612515628664806,0.6380041564527779
BANK_016,SCN_0194,Healthy,Healthy,0.9798899379881291,0.019702949097169627,0.0004071129147011516
BANK_017,SCN_0194,Stressed,Critical,0.00627724814936162,0.4271125142257599,0.5666102376248783
BANK_018,SCN_0194,Stressed,Stressed,0.06947833043506599,0.9075772829088283,0.022944386656105854
BANK_019,SCN_0194,Critical,Critical,0.0003567109204346153,0.000980329785914095,0.9986629592936512
BANK_020,SCN_0194,Critical,Critical,4.363636363636364e-06,0.025993577821669157,0.9740020585419675
BANK_021,SCN_0194,Stressed,Critical,0.00034986170354331435,0.2722944416664175,0.7273556966300394
BANK_022,SCN_0194,Critical,Critical,0.00016275595570074098,0.0361674035028065,0.9636698405414935
BANK_023,SCN_0194,Healthy,Stressed,0.3215844760875328,0.6669305955660072,0.011484928346460204
BANK_024,SCN_0194,Stressed,Stressed,0.00890830269713874,0.9714912886114396,0.01960040869142125
BANK_025,SCN_0194,Healthy,Stressed,0.16329548582194167,0.70864902403025,0.1280554901478083
BANK_026,SCN_0194,Stressed,Healthy,0.5287703723730085,0.4540295132540188,0.017200114372972936
BANK_027,SCN_0194,Stressed,Stressed,0.3321379919397667,0.6113074313876224,0.056554576672611094
BANK_028,SCN_0194,Stressed,Critical,0.0009821546857649683,0.19378942460447998,0.8052284207097553
BANK_029,SCN_0194,Stressed,Critical,0.004647534825432184,0.36748105369210166,0.6278714114824667
BANK_030,SCN_0194,Critical,Critical,0.00019720171798062755,0.0012136423191619072,0.9985891559628575
BANK_031,SCN_0194,Healthy,Healthy,0.9610144087568845,0.03445063343595111,0.004534957807164271
BANK_032,SCN_0194,Stressed,Stressed,0.34848563108861996,0.6435220239567645,0.007992344954615179
BANK_033,SCN_0194,Critical,Critical,0.02030018368555228,0.389385339629793,0.5903144766846549
BANK_034,SCN_0194,Stressed,Stressed,0.08555815520544623,0.745345484264683,0.16909636052987098
BANK_035,SCN_0194,Healthy,Healthy,0.9370338561579672,0.05852470260905511,0.00444144123297783
BANK_036,SCN_0194,Stressed,Healthy,0.5462444620860117,0.441578723122682,0.012176814791306596
BANK_037,SCN_0194,Stressed,Stressed,0.02970471626721263,0.6579945387862741,0.3123007449465134
BANK_038,SCN_0194,Stressed,Stressed,0.03853857420683545,0.8957368039840657,0.06572462180909858
BANK_039,SCN_0194,Healthy,Healthy,0.9400861271165364,0.058833684204218036,0.001080188679245283
BANK_040,SCN_0194,Healthy,Healthy,0.6186374144985982,0.37869437712693327,0.002668208374468581
BANK_001,SCN_0195,Healthy,Healthy,0.9932971004671052,0.006702899532894907,0.0
BANK_002,SCN_0195,Healthy,Healthy,0.9277863850515595,0.07080743291255151,0.0014061820358889435
BANK_003,SCN_0195,Healthy,Healthy,0.8215888975129259,0.17423118740057827,0.004179915086495599
BANK_004,SCN_0195,Healthy,Healthy,0.9684122556184896,0.031484717681779344,0.00010302669973139381
BANK_005,SCN_0195,Healthy,Healthy,0.9911798184631118,0.008790485951047611,2.9695585840432348e-05
BANK_006,SCN_0195,Stressed,Stressed,0.005735756004587471,0.9937208371571213,0.0005434068382913102
BANK_007,SCN_0195,Healthy,Healthy,0.9909381245305026,0.00905181246862353,1.0063000873779424e-05
BANK_008,SCN_0195,Stressed,Stressed,0.04718601666116612,0.9477136434017222,0.005100339937111941
BANK_009,SCN_0195,Healthy,Healthy,0.9828427899046422,0.0168547866896297,0.00030242340572809675
BANK_010,SCN_0195,Stressed,Stressed,0.23682322954376617,0.7512296040750794,0.011947166381154133
BANK_011,SCN_0195,Healthy,Healthy,0.982910981984271,0.017050498956771794,3.85190589574575e-05
BANK_012,SCN_0195,Healthy,Healthy,0.9922292075175362,0.007746639056167814,2.4153426296310142e-05
BANK_013,SCN_0195,Critical,Critical,0.0,0.00016420782552918536,0.9998357921744708
BANK_014,SCN_0195,Stressed,Stressed,0.46631300700052797,0.5264820772389319,0.007204915760539881
BANK_015,SCN_0195,Stressed,Stressed,0.004151286281231364,0.9264114174621346,0.06943729625663478
BANK_016,SCN_0195,Healthy,Healthy,0.9923941830352399,0.007464030278664675,0.0001417866860953764
BANK_017,SCN_0195,Stressed,Stressed,0.04230507184518158,0.9291810232513232,0.028513904903496024
BANK_018,SCN_0195,Healthy,Healthy,0.9366696257405372,0.06260908923395445,0.0007212850255082046
BANK_019,SCN_0195,Critical,Critical,0.0,0.0002924901185770751,0.999707509881423
BANK_020,SCN_0195,Critical,Critical,0.0002830607837087318,0.22429938036910024,0.775417558847191
BANK_021,SCN_0195,Stressed,Stressed,0.016957036193413082,0.9148218812395826,0.06822108256700488
BANK_022,SCN_0195,Stressed,Critical,0.0,0.2894339918133233,0.7105660081866763
BANK_023,SCN_0195,Healthy,Healthy,0.9715391737565854,0.028197186608447153,0.00026363963496751767
BANK_024,SCN_0195,Healthy,Healthy,0.9387932662620501,0.059847661340285845,0.0013590723976635982
BANK_025,SCN_0195,Stressed,Healthy,0.6397901827156415,0.354343387390574,0.005866429893784336
BANK_026,SCN_0195,Healthy,Healthy,0.9720031704926638,0.027779552499741,0.00021727700759520828
BANK_027,SCN_0195,Stressed,Healthy,0.9361945163426878,0.06233173567444641,0.001473747982864993
BANK_028,SCN_0195,Stressed,Stressed,0.005803614684545378,0.98108078674733,0.01311559856812552
BANK_029,SCN_0195,Stressed,Stressed,0.02988559822211345,0.9436502511409257,0.026464150636960483
BANK_030,SCN_0195,Critical,Critical,0.0,0.00012734584450402144,0.999872654155496
BANK_031,SCN_0195,Healthy,Healthy,0.9890620670755338,0.010760344866327426,0.00017758805813897856
BANK_032,SCN_0195,Healthy,Healthy,0.9845033854957929,0.015487585705616818,9.028798590348542e-06
BANK_033,SCN_0195,Stressed,Stressed,0.08102722183603309,0.868389232002426,0.05058354616154022
BANK_034,SCN_0195,Healthy,Healthy,0.6646059753161545,0.33053664731950094,0.004857377364344326
BANK_035,SCN_0195,Healthy,Healthy,0.9849949129582344,0.014963573743030856,4.151329873466679e-05
BANK_036,SCN_0195,Healthy,Healthy,0.9757806551172358,0.02408402782576473,0.00013531705699969192
BANK_037,SCN_0195,Stressed,Stressed,0.2587832415175704,0.731732424818524,0.009484333663905654
BANK_038,SCN_0195,Healthy,Healthy,0.7659613797024412,0.23292502199376283,0.0011135983037959252
BANK_039,SCN_0195,Healthy,Healthy,0.9975978136464606,0.002402186353539243,0.0
BANK_040,SCN_0195,Healthy,Healthy,0.9881474294758201,0.011846880623753213,5.689900426742532e-06
BANK_001,SCN_0205,Healthy,Healthy,0.994807476214231,0.005192523785769006,0.0
BANK_002,SCN_0205,Healthy,Healthy,0.9523380222790733,0.046310546087614264,0.001351431633312454
BANK_003,SCN_0205,Healthy,Healthy,0.9237481414410778,0.0729561806771656,0.003295677881756477
BANK_004,SCN_0205,Healthy,Healthy,0.9773215834118283,0.022575389888440822,0.00010302669973139381
BANK_005,SCN_0205,Healthy,Healthy,0.9926615943196265,0.007308710094532692,2.9695585840432348e-05
BANK_006,SCN_0205,Stressed,Stressed,0.007558470570055935,0.9921949841154076,0.00024654531453642537
BANK_007,SCN_0205,Healthy,Healthy,0.993335491997148,0.006654445001978069,1.0063000873779424e-05
BANK_008,SCN_0205,Healthy,Healthy,0.7305347884417159,0.26819145823087526,0.0012737533274094228
BANK_009,SCN_0205,Healthy,Healthy,0.9894517125527779,0.010289659661931747,0.0002586277852901405
BANK_010,SCN_0205,Healthy,Healthy,0.698663053041349,0.2988220627519845,0.0025148842066663045
BANK_011,SCN_0205,Healthy,Healthy,0.9861313844803486,0.013830096460694087,3.85190589574575e-05
BANK_012,SCN_0205,Healthy,Healthy,0.993224547414723,0.006751299158981035,2.4153426296310142e-05
BANK_013,SCN_0205,Critical,Critical,0.0,0.00016420782552918536,0.9998357921744708
BANK_014,SCN_0205,Healthy,Healthy,0.8809130722698165,0.11618134312240207,0.0029055846077818176
BANK_015,SCN_0205,Stressed,Stressed,0.007676173176892874,0.9727425469484452,0.01958127987466232
BANK_016,SCN_0205,Healthy,Healthy,0.9941418728845474,0.005716340429357572,0.0001417866860953764
BANK_017,SCN_0205,Healthy,Stressed,0.1584571985591086,0.821469162704475,0.020073638736417144
BANK_018,SCN_0205,Healthy,Healthy,0.9631284668639912,0.03637170259666137,0.0004998305393478362
BANK_019,SCN_0205,Critical,Critical,0.0,0.00048031496062992123,0.99951968503937
BANK_020,SCN_0205,Stressed,Stressed,0.00042789953113375187,0.7057192838555585,0.2938528166133081
BANK_021,SCN_0205,Stressed,Stressed,0.02930740783894565,0.9575111202887903,0.013181471872264183
BANK_022,SCN_0205,Stressed,Stressed,0.0011899236196679967,0.8335986090213712,0.1652114673589608
BANK_023,SCN_0205,Healthy,Healthy,0.9799862891331828,0.01975961018256566,0.00025410068425209644
BANK_024,SCN_0205,Healthy,Healthy,0.9808016845651916,0.01807652135148365,0.0011217940833246117
BANK_025,SCN_0205,Healthy,Healthy,0.8864096363800826,0.1110674766346111,0.002522886985305619
BANK_026,SCN_0205,Healthy,Healthy,0.9765424772918614,0.02324626352449838,0.00021125918364035034
BANK_027,SCN_0205,Healthy,Healthy,0.9611616203259131,0.03741938209379798,0.0014189975802885038
BANK_028,SCN_0205,Stressed,Stressed,0.018838695273669756,0.9723096622289767,0.008851642497353937
BANK_029,SCN_0205,Stressed,Stressed,0.09391484252648978,0.8826862111775721,0.02339894629593866
BANK_030,SCN_0205,Critical,Critical,0.0,0.0005289851887663165,0.9994710148112337
BANK_031,SCN_0205,Healthy,Healthy,0.9903368324774601,0.009485579464401336,0.00017758805813897856
BANK_032,SCN_0205,Healthy,Healthy,0.9867587284536774,0.013222393391415762,1.8878154906979613e-05
BANK_033,SCN_0205,Stressed,Stressed,0.13219438465239558,0.8270157706396023,0.040789844708001864
BANK_034,SCN_0205,Healthy,Healthy,0.9094729489339387,0.08808846131610924,0.0024385897499523204
BANK_035,SCN_0205,Healthy,Healthy,0.9891457503378895,0.0108092152366152,4.503442549523017e-05
BANK_036,SCN_0205,Healthy,Healthy,0.9791139761284471,0.020756724638508396,0.000129299233044834
BANK_037,SCN_0205,Healthy,Healthy,0.8484050029105326,0.15124065134776055,0.00035434574170739423
BANK_038,SCN_0205,Healthy,Healthy,0.9628917707999328,0.0369618052549032,0.00014642394516379366
BANK_039,SCN_0205,Healthy,Healthy,0.9975066099869029,0.002424473472509718,6.891654058727268e-05
BANK_040,SCN_0205,Healthy,Healthy,0.9895392336098312,0.010451555362981575,9.211027187305913e-06
BANK_001,SCN_0210,Healthy,Healthy,0.9559602572827484,0.0421935956342934,0.001846147082958853
BANK_002,SCN_0210,Healthy,Stressed,0.4724546593696219,0.49962544382784657,0.02791989680253117
BANK_003,SCN_0210,Healthy,Stressed,0.3340480524517915,0.6178853481395646,0.04806659940864349
BANK_004,SCN_0210,Stressed,Healthy,0.7494753798871222,0.24615731238454142,0.004367307728335985
BANK_005,SCN_0210,Healthy,Healthy,0.9858660945469316,0.013038107260387068,0.0010957981926811664
BANK_006,SCN_0210,Stressed,Stressed,0.010979607529225251,0.9822251619770871,0.006795230493688127
BANK_007,SCN_0210,Healthy,Healthy,0.987774742612783,0.012068991379281925,0.00015626600793534984
BANK_008,SCN_0210,Stressed,Stressed,0.022211893121199804,0.957055583196697,0.020732523682103196
BANK_009,SCN_0210,Healthy,Healthy,0.6156733629204674,0.38156806684538375,0.0027585702341489434
BANK_010,SCN_0210,Stressed,Stressed,0.08402254958093704,0.7780501900027446,0.13792726041631911
BANK_011,SCN_0210,Healthy,Healthy,0.8745046848441745,0.12227322896737997,0.003222086188446397
BANK_012,SCN_0210,Healthy,Healthy,0.9927961151888373,0.007125541616294482,7.834319486832145e-05
BANK_013,SCN_0210,Critical,Critical,0.00016275595570074098,0.0002159087859223079,0.9996213352583769
BANK_014,SCN_0210,Healthy,Stressed,0.11628031747245135,0.8221354658454335,0.06158421668211563
BANK_015,SCN_0210,Critical,Critical,0.0007565946156500527,0.48063070323874635,0.5186127021456037
BANK_016,SCN_0210,Healthy,Healthy,0.984416717062362,0.015224021771938457,0.0003592611656994657
BANK_017,SCN_0210,Stressed,Stressed,0.016696210087857367,0.5578785554358676,0.4254252344762746
BANK_018,SCN_0210,Stressed,Stressed,0.08188093177543944,0.8989184888817611,0.01920057934279934
BANK_019,SCN_0210,Critical,Critical,0.0003567109204346153,0.0009390908829730644,0.9987041981965924
BANK_020,SCN_0210,Critical,Critical,4.363636363636364e-06,0.027380198896108866,0.9726154374675283
BANK_021,SCN_0210,Critical,Critical,0.001184287660656922,0.3863590081794164,0.6124567041599268
BANK_022,SCN_0210,Critical,Critical,0.00016275595570074098,0.01327028723557477,0.9865669568087249
BANK_023,SCN_0210,Healthy,Healthy,0.7546781819488702,0.2376258265604368,0.007695991490692961
BANK_024,SCN_0210,Stressed,Stressed,0.010595818598040969,0.9798297769595619,0.009574404442397202
BANK_025,SCN_0210,Stressed,Stressed,0.21711839623081527,0.7235103410745414,0.059371262694643094
BANK_026,SCN_0210,Healthy,Healthy,0.6591851755984026,0.32830275706878936,0.012512067332808876
BANK_027,SCN_0210,Stressed,Stressed,0.4779465608529729,0.4928616627955252,0.029191776351501695
BANK_028,SCN_0210,Critical,Critical,0.0010348566051389947,0.28175942860774467,0.7172057147871171
BANK_029,SCN_0210,Critical,Stressed,0.008205866453065931,0.5606409674254343,0.43115316612149934
BANK_030,SCN_0210,Critical,Critical,0.00019720171798062755,0.0012136423191619072,0.9985891559628575
BANK_031,SCN_0210,Healthy,Healthy,0.9642136975706981,0.03143929327307267,0.004347009156229142
BANK_032,SCN_0210,Healthy,Healthy,0.8024487685680984,0.19386213682489817,0.0036890946070033824
BANK_033,SCN_0210,Stressed,Stressed,0.028615329313030485,0.5104677631499016,0.46091690753706743
BANK_034,SCN_0210,Healthy,Stressed,0.1616791053114057,0.7643930237781181,0.07392787091047633
BANK_035,SCN_0210,Healthy,Healthy,0.9525119874272597,0.04389916417552111,0.003588848397219312
BANK_036,SCN_0210,Healthy,Healthy,0.71778920658665,0.2719127381855101,0.010298055227840318
BANK_037,SCN_0210,Stressed,Stressed,0.12219656428112607,0.7939269019871669,0.08387653373170702
BANK_038,SCN_0210,Stressed,Stressed,0.07786771690115196,0.89397295274383,0.028159330355018428
BANK_039,SCN_0210,Healthy,Healthy,0.9909976040690448,0.00792220725170964,0.001080188679245283
BANK_040,SCN_0210,Healthy,Healthy,0.8641876776844014,0.13534070478893942,0.00047161752666005353
BANK_001,SCN_0212,Healthy,Healthy,0.9729737800787711,0.027026219921229423,0.0
BANK_002,SCN_0212,Healthy,Healthy,0.5830058728828655,0.40426130940895927,0.012732817708174983
BANK_003,SCN_0212,Healthy,Healthy,0.544815379009933,0.4293549402507665,0.025829680739300722
BANK_004,SCN_0212,Healthy,Healthy,0.7484336270947538,0.2489068118643452,0.0026595610409011917
BANK_005,SCN_0212,Healthy,Healthy,0.9830880152251414,0.016562135149214542,0.00034984962564431766
BANK_006,SCN_0212,Stressed,Stressed,0.012237122974129528,0.98386330669915,0.003899570326720833
BANK_007,SCN_0212,Healthy,Healthy,0.9841210253499639,0.015716765105697233,0.0001622095443395103
BANK_008,SCN_0212,Stressed,Stressed,0.03296510746241102,0.9526359994375703,0.014398893100018737
BANK_009,SCN_0212,Healthy,Healthy,0.8256292224552821,0.17316304139000202,0.0012077361547158222
BANK_010,SCN_0212,Stressed,Stressed,0.10112421447600267,0.8257384772597529,0.07313730826424493
BANK_011,SCN_0212,Healthy,Healthy,0.9317818443636666,0.06651959940177936,0.0016985562345540545
BANK_012,SCN_0212,Healthy,Healthy,0.9875111980771973,0.012457434790465113,3.1367132337788954e-05
BANK_013,SCN_0212,Critical,Critical,0.0,0.00017666888471921653,0.9998233311152808
BANK_014,SCN_0212,Stressed,Stressed,0.25861778124980683,0.702119972313408,0.03926224643678544
BANK_015,SCN_0212,Stressed,Stressed,0.001383229098266706,0.5764096583480826,0.422207112553651
BANK_016,SCN_0212,Healthy,Healthy,0.9807914241511988,0.01893756421997194,0.00027101162882935126
BANK_017,SCN_0212,Critical,Stressed,0.02251788933180709,0.778761173816655,0.19872093685153897
BANK_018,SCN_0212,Stressed,Healthy,0.5496450320999126,0.44051499336668076,0.009839974533406987
BANK_019,SCN_0212,Critical,Critical,0.0001341743119266055,0.0005664791507198144,0.9992993465373536
BANK_020,SCN_0212,Critical,Critical,0.0,0.0804449884474189,0.9195550115525815
BANK_021,SCN_0212,Critical,Stressed,0.005204497072545863,0.8082593677914544,0.18653613513599887
BANK_022,SCN_0212,Critical,Critical,0.0,0.026713594491880883,0.9732864055081195
BANK_023,SCN_0212,Healthy,Healthy,0.8881952193011842,0.10710919362176007,0.0046955870770558975
BANK_024,SCN_0212,Stressed,Stressed,0.12002960735013499,0.873547997745176,0.0064223949046899285
BANK_025,SCN_0212,Healthy,Stressed,0.3979723955120781,0.5681589899924641,0.03386861449545748
BANK_026,SCN_0212,Healthy,Healthy,0.8248951536186359,0.1677335756059171,0.00737127077544729
BANK_027,SCN_0212,Healthy,Healthy,0.6469626427132822,0.3400983672326046,0.012938990054113673
BANK_028,SCN_0212,Stressed,Stressed,0.001504140661982268,0.6120409248981253,0.386454934439892
BANK_029,SCN_0212,Stressed,Stressed,0.01741953319054203,0.7914259200417847,0.19115454676767318
BANK_030,SCN_0212,Critical,Critical,0.0001341743119266055,0.0007805019924246223,0.9990853236956487
BANK_031,SCN_0212,Healthy,Healthy,0.9665166127344984,0.03130510903039219,0.0021782782351097607
BANK_032,SCN_0212,Healthy,Healthy,0.91258612311089,0.08560645140061963,0.0018074254884907293
BANK_033,SCN_0212,Stressed,Stressed,0.0483936980268798,0.6716531881695272,0.2799531138035919
BANK_034,SCN_0212,Stressed,Stressed,0.3384033643055649,0.6185673152569933,0.043029320437442516
BANK_035,SCN_0212,Healthy,Healthy,0.9666448143654784,0.03211478293980244,0.0012404026947192795
BANK_036,SCN_0212,Healthy,Healthy,0.8488055645393203,0.14604015748468735,0.0051542779759918495
BANK_037,SCN_0212,Stressed,Stressed,0.188014709479249,0.7770904523647666,0.03489483815598473
BANK_038,SCN_0212,Healthy,Stressed,0.4111482578454497,0.5751193426889264,0.013732399465623482
BANK_039,SCN_0212,Healthy,Healthy,0.9914815207704031,0.008518479229596877,0.0
BANK_040,SCN_0212,Healthy,Healthy,0.9346717970465462,0.06511555574558955,0.00021264720786459918
BANK_001,SCN_0239,Healthy,Healthy,0.9948010659578209,0.005198934042179263,0.0
BANK_002,SCN_0239,Healthy,Healthy,0.9523927546743586,0.04625581369232884,0.001351431633312454
BANK_003,SCN_0239,Healthy,Healthy,0.921126416969406,0.07550565878123448,0.003367924249359307
BANK_004,SCN_0239,Healthy,Healthy,0.9766244593235089,0.0232725139767603,0.00010302669973139381
BANK_005,SCN_0239,Healthy,Healthy,0.9926615943196265,0.007308710094532692,2.9695585840432348e-05
BANK_006,SCN_0239,Stressed,Stressed,0.006748387055031756,0.9928672891149376,0.00038432383003056994
BANK_007,SCN_0239,Healthy,Healthy,0.9941331352316055,0.0058568017675205315,1.0063000873779424e-05
BANK_008,SCN_0239,Stressed,Stressed,0.25520171110634465,0.742321884836718,0.0024764040569365273
BANK_009,SCN_0239,Healthy,Healthy,0.9894453022963676,0.010296069918342005,0.0002586277852901405
BANK_010,SCN_0239,Healthy,Healthy,0.5914462629478207,0.4054732729864393,0.0030804640657400174
BANK_011,SCN_0239,Healthy,Healthy,0.9860875888599107,0.013873892081132043,3.85190589574575e-05
BANK_012,SCN_0239,Healthy,Healthy,0.993224547414723,0.006751299158981035,2.4153426296310142e-05
BANK_013,SCN_0239,Critical,Critical,0.0,0.00016420782552918536,0.9998357921744708
BANK_014,SCN_0239,Healthy,Healthy,0.821006881551018,0.1760152874735975,0.0029778309753846466
BANK_015,SCN_0239,Stressed,Stressed,0.005057601570252374,0.9742401244358623,0.02070227399388555
BANK_016,SCN_0239,Healthy,Healthy,0.9941418728845474,0.005716340429357572,0.0001417866860953764
BANK_017,SCN_0239,Stressed,Stressed,0.0828246200654444,0.894679711375206,0.022495668559350524
BANK_018,SCN_0239,Healthy,Healthy,0.9616259627418399,0.03775882210342799,0.0006152151547324516
BANK_019,SCN_0239,Critical,Critical,0.0,0.00048031496062992123,0.99951968503937
BANK_020,SCN_0239,Stressed,Critical,0.00042789953113375187,0.3693380036196437,0.6302340968492222
BANK_021,SCN_0239,Stressed,Stressed,0.025756302423023538,0.959036888292731,0.01520680928424516
BANK_022,SCN_0239,Stressed,Stressed,0.0011899236196679967,0.5076037773179627,0.49120629906236923
BANK_023,SCN_0239,Healthy,Healthy,0.9799862891331828,0.01975961018256566,0.00025410068425209644
BANK_024,SCN_0239,Healthy,Healthy,0.979477861260255,0.019400344656420158,0.0011217940833246117
BANK_025,SCN_0239,Healthy,Healthy,0.8787798331904495,0.1186972798242439,0.002522886985305619
BANK_026,SCN_0239,Healthy,Healthy,0.9765360670354511,0.02325267378090864,0.00021125918364035034
BANK_027,SCN_0239,Healthy,Healthy,0.9610426440866637,0.03753835833304741,0.0014189975802885038
BANK_028,SCN_0239,Stressed,Stressed,0.012123189472054909,0.9782794033445124,0.009597407183433299
BANK_029,SCN_0239,Stressed,Stressed,0.04302038599696581,0.9317954179111193,0.0251841960919142
BANK_030,SCN_0239,Critical,Critical,0.0,0.0005289851887663165,0.9994710148112337
BANK_031,SCN_0239,Healthy,Healthy,0.9903256592931026,0.009496752648758879,0.00017758805813897856
BANK_032,SCN_0239,Healthy,Healthy,0.9843250970889644,0.015656024756128643,1.8878154906979613e-05
BANK_033,SCN_0239,Stressed,Stressed,0.08524096585972865,0.870374460152158,0.044384573988112935
BANK_034,SCN_0239,Healthy,Healthy,0.9010673444400182,0.09633070632289123,0.0026019492370908557
BANK_035,SCN_0239,Healthy,Healthy,0.989134577153532,0.010820388420972743,4.503442549523017e-05
BANK_036,SCN_0239,Healthy,Healthy,0.9791139761284471,0.020756724638508396,0.000129299233044834
BANK_037,SCN_0239,Healthy,Healthy,0.7041173950961436,0.29463439548605064,0.0012482094178067717
BANK_038,SCN_0239,Healthy,Healthy,0.9515419451048831,0.048311630949953006,0.00014642394516379366
BANK_039,SCN_0239,Healthy,Healthy,0.9975066099869029,0.002424473472509718,6.891654058727268e-05
BANK_040,SCN_0239,Healthy,Healthy,0.9895392336098312,0.010451555362981575,9.211027187305913e-06
BANK_001,SCN_0263,Healthy,Healthy,0.9946047536996356,0.005395246300364603,0.0
BANK_002,SCN_0263,Healthy,Healthy,0.9393019132461065,0.05934665512058104,0.001351431633312454
BANK_003,SCN_0263,Stressed,Healthy,0.8910499612011676,0.10542234822644889,0.0035276905723833616
BANK_004,SCN_0263,Healthy,Healthy,0.9726360701171217,0.02726090318314732,0.00010302669973139381
BANK_005,SCN_0263,Healthy,Healthy,0.9916819059523463,0.008288398461813118,2.9695585840432348e-05
BANK_006,SCN_0263,Stressed,Stressed,0.005137584773580284,0.9943190083881285,0.0005434068382913102
BANK_007,SCN_0263,Healthy,Healthy,0.9929200877145812,0.007069849284545084,1.0063000873779424e-05
BANK_008,SCN_0263,Stressed,Stressed,0.052605850731594475,0.9427996903594236,0.0045944589089819835
BANK_009,SCN_0263,Healthy,Healthy,0.9838331064849491,0.01586447010932288,0.00030242340572809675
BANK_010,SCN_0263,Healthy,Stressed,0.32187710802362746,0.6695250247186598,0.008597867257712288
BANK_011,SCN_0263,Healthy,Healthy,0.9848517795704598,0.015109701370582703,3.85190589574575e-05
BANK_012,SCN_0263,Healthy,Healthy,0.9926490122257272,0.007326834347976874,2.4153426296310142e-05
BANK_013,SCN_0263,Critical,Critical,0.0,0.00016420782552918536,0.9998357921744708
BANK_014,SCN_0263,Healthy,Healthy,0.6015576257138083,0.3930917636924603,0.005350610593731718
BANK_015,SCN_0263,Stressed,Stressed,0.00420970124902555,0.9536085292710689,0.04218176947990586
BANK_016,SCN_0263,Healthy,Healthy,0.9939089757325055,0.005949237581399345,0.0001417866860953764
BANK_017,SCN_0263,Stressed,Stressed,0.052881844215050135,0.9202820352098344,0.026836120575116616
BANK_018,SCN_0263,Healthy,Healthy,0.9563761056822397,0.04299914021231272,0.0006247541054478729
BANK_019,SCN_0263,Critical,Critical,0.0,0.0002924901185770751,0.999707509881423
BANK_020,SCN_0263,Stressed,Critical,0.0002830607837087318,0.156529085591505,0.8431878536247864
BANK_021,SCN_0263,Stressed,Stressed,0.020991373755047123,0.9303782253445436,0.048630400900409716
BANK_022,SCN_0263,Critical,Critical,0.0,0.24112294603895226,0.7588770539610488
BANK_023,SCN_0263,Healthy,Healthy,0.9759390734743468,0.023797286890685828,0.00026363963496751767
BANK_024,SCN_0263,Healthy,Healthy,0.9174448869633226,0.08130412946269998,0.0012509835739772824
BANK_025,SCN_0263,Healthy,Healthy,0.7921210413196778,0.20490772848471187,0.0029712301956101826
BANK_026,SCN_0263,Healthy,Healthy,0.9729873197761963,0.026795403216208578,0.00021727700759520828
BANK_027,SCN_0263,Healthy,Healthy,0.9491931362644122,0.049387866155298964,0.0014189975802885038
BANK_028,SCN_0263,Stressed,Stressed,0.005996952113716169,0.9814572040836806,0.012545843802604132
BANK_029,SCN_0263,Stressed,Stressed,0.030148120256056708,0.9437198291272817,0.02613205061666116
BANK_030,SCN_0263,Critical,Critical,0.0,0.00012734584450402144,0.999872654155496
BANK_031,SCN_0263,Healthy,Healthy,0.9899243306699693,0.009898081271891901,0.00017758805813897856
BANK_032,SCN_0263,Healthy,Healthy,0.9867281146659593,0.013262856535450526,9.028798590348542e-06
BANK_033,SCN_0263,Stressed,Stressed,0.0823107911433577,0.8722022729014051,0.04548693595523698
BANK_034,SCN_0263,Stressed,Healthy,0.8146398025060678,0.1824792879819133,0.0028809095120195197
BANK_035,SCN_0263,Healthy,Healthy,0.9866917963612201,0.01326669034004533,4.151329873466679e-05
BANK_036,SCN_0263,Healthy,Healthy,0.9771107803549762,0.022753902588024524,0.00013531705699969192
BANK_037,SCN_0263,Stressed,Stressed,0.40771199452204815,0.5854912738129587,0.006796731664993214
BANK_038,SCN_0263,Healthy,Healthy,0.8866027339029423,0.11282141796002129,0.0005758481370372512
BANK_039,SCN_0263,Healthy,Healthy,0.9978643016851911,0.002135698314808859,0.0
BANK_040,SCN_0263,Healthy,Healthy,0.9899341515166974,0.01006015858287617,5.689900426742532e-06
BANK_001,SCN_0269,Healthy,Healthy,0.9815520708306744,0.01841926674894382,2.8662420382165606e-05
BANK_002,SCN_0269,Stressed,Healthy,0.8416883782850222,0.15453855651097584,0.0037730652040022447
BANK_003,SCN_0269,Stressed,Healthy,0.7151500609867052,0.27577144705225765,0.009078491961037244
BANK_004,SCN_0269,Healthy,Healthy,0.9077114111274852,0.09204471748132063,0.0002438713911942324
BANK_005,SCN_0269,Healthy,Healthy,0.9841762410866886,0.015794063327470763,2.9695585840432348e-05
BANK_006,SCN_0269,Stressed,Stressed,0.009490256596641206,0.9896669643651946,0.0008427790381641903
BANK_007,SCN_0269,Healthy,Healthy,0.9865967194055176,0.013393217593608522,1.0063000873779424e-05
BANK_008,SCN_0269,Stressed,Stressed,0.05325678786074044,0.9375732515698495,0.009169960569409417
BANK_009,SCN_0269,Healthy,Healthy,0.843000629930714,0.15668863641425018,0.0003107336550355759
BANK_010,SCN_0269,Stressed,Stressed,0.1634518761964177,0.8154640989522794,0.021084024851302202
BANK_011,SCN_0269,Healthy,Healthy,0.972770401229028,0.02715737600178898,7.222276918302936e-05
BANK_012,SCN_0269,Healthy,Healthy,0.9877864778919916,0.01218936868171268,2.4153426296310142e-05
BANK_013,SCN_0269,Critical,Critical,0.0,0.00016420782552918536,0.9998357921744708
BANK_014,SCN_0269,Stressed,Stressed,0.4124668035338984,0.5748962202955671,0.012636976170534149
BANK_015,SCN_0269,Critical,Stressed,0.003912152785099053,0.8870005334289376,0.1090873137859643
BANK_016,SCN_0269,Healthy,Healthy,0.9876165873815727,0.01224162593233204,0.0001417866860953764
BANK_017,SCN_0269,Stressed,Stressed,0.038978271750394276,0.9159205041129307,0.045101224136675895
BANK_018,SCN_0269,Healthy,Healthy,0.7800931443521796,0.21791087221927763,0.0019959834285434583
BANK_019,SCN_0269,Critical,Critical,0.0,0.00010042186110007847,0.9998995781388998
BANK_020,SCN_0269,Critical,Critical,0.0002571428571428571,0.1202200626484739,0.8795227944943832
BANK_021,SCN_0269,Stressed,Stressed,0.013176354825585521,0.7462360308638529,0.24058761431056117
BANK_022,SCN_0269,Critical,Critical,0.0,0.08446543946619761,0.9155345605338018
BANK_023,SCN_0269,Healthy,Healthy,0.9604978954426917,0.039205431889307876,0.0002966726680005507
BANK_024,SCN_0269,Healthy,Healthy,0.676377823738368,0.3208600374640553,0.002762138797577397
BANK_025,SCN_0269,Stressed,Healthy,0.5711368291105958,0.4167521492401216,0.012111021649282669
BANK_026,SCN_0269,Healthy,Healthy,0.9230865147983089,0.0766962081940956,0.00021727700759520828
BANK_027,SCN_0269,Stressed,Healthy,0.8592548790250196,0.13813056312222996,0.002614557852750047
BANK_028,SCN_0269,Stressed,Stressed,0.004579543422376314,0.9387375861358705,0.05668287044175434
BANK_029,SCN_0269,Stressed,Stressed,0.027530121691526212,0.9363278420464961,0.03614203626197748
BANK_030,SCN_0269,Critical,Critical,0.0,0.00012734584450402144,0.999872654155496
BANK_031,SCN_0269,Healthy,Healthy,0.9817017960379214,0.018029923779834714,0.0002682801822439905
BANK_032,SCN_0269,Healthy,Healthy,0.9729916694712544,0.026999301730154867,9.028798590348542e-06
BANK_033,SCN_0269,Stressed,Stressed,0.07699686780929667,0.8599890362089705,0.06301409598173234
BANK_034,SCN_0269,Stressed,Healthy,0.5434381243502335,0.4421837755759265,0.014378100073839873
BANK_035,SCN_0269,Healthy,Healthy,0.9773444083287536,0.022494723828024355,0.00016086784322184432
BANK_036,SCN_0269,Healthy,Healthy,0.9487927256214536,0.050882265111000094,0.00032500926754622657
BANK_037,SCN_0269,Stressed,Stressed,0.23661345662216104,0.745330710124858,0.018055833252980887
BANK_038,SCN_0269,Healthy,Healthy,0.6728941528854235,0.32261206743232035,0.004493779682256491
BANK_039,SCN_0269,Healthy,Healthy,0.9901413065753555,0.00985869342464469,0.0
BANK_040,SCN_0269,Healthy,Healthy,0.9746421622003167,0.025352147899256265,5.689900426742532e-06
BANK_001,SCN_0278,Healthy,Healthy,0.8176307018613,0.18049089299122567,0.001878405147474982
BANK_002,SCN_0278,Healthy,Stressed,0.4350963363532477,0.53218401700512,0.032719646641632155
BANK_003,SCN_0278,Healthy,Stressed,0.30571077750182196,0.639679084367425,0.05461013813075269
BANK_004,SCN_0278,Stressed,Healthy,0.7308124292938661,0.2640976989366107,0.005089871769523089
BANK_005,SCN_0278,Healthy,Healthy,0.9838992151871612,0.015004986620157586,0.0010957981926811664
BANK_006,SCN_0278,Stressed,Stressed,0.010713910114465573,0.9822304371268155,0.0070556527587193555
BANK_007,SCN_0278,Healthy,Healthy,0.9881864710427198,0.011657262949344927,0.00015626600793534984
BANK_008,SCN_0278,Stressed,Stressed,0.021583186848108723,0.9565495916493774,0.021867221502513797
BANK_009,SCN_0278,Healthy,Healthy,0.5777895438247755,0.4192640366908453,0.0029464194843787615
BANK_010,SCN_0278,Stressed,Stressed,0.08083042476767781,0.7522371276420101,0.1669324475903125
BANK_011,SCN_0278,Healthy,Healthy,0.8616649957496748,0.13478696667178297,0.0035480375785428247
BANK_012,SCN_0278,Healthy,Healthy,0.9930180622341871,0.006903594570944613,7.834319486832145e-05
BANK_013,SCN_0278,Critical,Critical,0.00016275595570074098,0.00020344772673227673,0.999633796317567
BANK_014,SCN_0278,Stressed,Stressed,0.10430676620387405,0.8251363553666858,0.07055687842944128
BANK_015,SCN_0278,Stressed,Critical,0.000748902307957745,0.33986147044060167,0.6593896272514407
BANK_016,SCN_0278,Healthy,Healthy,0.9845850580021955,0.01495677973320362,0.00045816226460056457
BANK_017,SCN_0278,Stressed,Stressed,0.01804251336011384,0.5240514356054271,0.4579060510344588
BANK_018,SCN_0278,Stressed,Stressed,0.07550016799581954,0.9055139923281778,0.01898583967600233
BANK_019,SCN_0278,Critical,Critical,0.0003567109204346153,0.0009390908829730644,0.9987041981965924
BANK_020,SCN_0278,Critical,Critical,4.363636363636364e-06,0.027380198896108866,0.9726154374675283
BANK_021,SCN_0278,Stressed,Critical,0.0011785940788763835,0.39918589824932904,0.5996355076717949
BANK_022,SCN_0278,Critical,Critical,0.00016275595570074098,0.011996590693918051,0.9878406533503814
BANK_023,SCN_0278,Healthy,Healthy,0.7072949095607314,0.2826926607462373,0.010012429693031634
BANK_024,SCN_0278,Stressed,Stressed,0.008630779750971826,0.9815538466986464,0.009815373550381796
BANK_025,SCN_0278,Healthy,Stressed,0.20725503402060733,0.72747305364237,0.06527191233702251
BANK_026,SCN_0278,Healthy,Healthy,0.6138659039684407,0.3726494141111155,0.013484681920444268
BANK_027,SCN_0278,Healthy,Stressed,0.40729616109468075,0.5553632927423143,0.037340546163004355
BANK_028,SCN_0278,Critical,Critical,0.0010348566051389947,0.3114489021784585,0.6875162412164033
BANK_029,SCN_0278,Stressed,Stressed,0.008307444340261835,0.540562282283826,0.45113027337591194
BANK_030,SCN_0278,Critical,Critical,0.00019720171798062755,0.0012136423191619072,0.9985891559628575
BANK_031,SCN_0278,Healthy,Healthy,0.9628571512380406,0.03172597932628915,0.005416869435670261
BANK_032,SCN_0278,Healthy,Healthy,0.7763960814879941,0.21929671926932076,0.004307199242685388
BANK_033,SCN_0278,Stressed,Critical,0.028153229244133895,0.47920805429323493,0.49263871646263097
BANK_034,SCN_0278,Stressed,Stressed,0.14730714724478605,0.7633871428303353,0.08930570992487909
BANK_035,SCN_0278,Healthy,Healthy,0.9456856355798046,0.049655655743535296,0.00465870867666043
BANK_036,SCN_0278,Stressed,Healthy,0.6668525411019907,0.3224701565142889,0.010677302383720652
BANK_037,SCN_0278,Stressed,Stressed,0.11864104623407853,0.7825526828391309,0.09880627092679034
BANK_038,SCN_0278,Stressed,Stressed,0.07252801789244714,0.8963866839509054,0.03108529815664794
BANK_039,SCN_0278,Healthy,Healthy,0.9896479364105206,0.009271874910234058,0.001080188679245283
BANK_040,SCN_0278,Healthy,Healthy,0.8354239752231502,0.1640557108295097,0.0005203139473405662
BANK_001,SCN_0279,Healthy,Healthy,0.8818768878917344,0.1159736699922518,0.0021494421160145587
BANK_002,SCN_0279,Stressed,Stressed,0.2678330591287024,0.6670017673602799,0.06516517351101794
BANK_003,SCN_0279,Healthy,Stressed,0.17525858236698807,0.6959093782101626,0.12883203942284915
BANK_004,SCN_0279,Healthy,Stressed,0.4490320059817213,0.5411333567041768,0.009834637314101283
BANK_005,SCN_0279,Healthy,Healthy,0.9876692766187709,0.011234925188547809,0.0010957981926811664
BANK_006,SCN_0279,Stressed,Stressed,0.006120471256002858,0.9753429127778913,0.01853661596610594
BANK_007,SCN_0279,Healthy,Healthy,0.9894089183455353,0.010514299702217405,7.678195224719102e-05
BANK_008,SCN_0279,Stressed,Stressed,0.01241068811053515,0.9096170750487719,0.0779722368406935
BANK_009,SCN_0279,Stressed,Stressed,0.49795423672242095,0.4980091124102524,0.004036650867326566
BANK_010,SCN_0279,Stressed,Stressed,0.019747738650765102,0.6378425259243329,0.3424097354249021
BANK_011,SCN_0279,Stressed,Healthy,0.6672239774803057,0.3253458068540565,0.007430215665638228
BANK_012,SCN_0279,Healthy,Healthy,0.992467090621289,0.007454566183842694,7.834319486832145e-05
BANK_013,SCN_0279,Critical,Critical,0.00015950920245398772,0.00018721396049851052,0.9996532768370475
BANK_014,SCN_0279,Stressed,Stressed,0.030290499096351627,0.7036083633097829,0.2661011375938662
BANK_015,SCN_0279,Stressed,Critical,0.0007058191422803329,0.19080138669428218,0.8084927941634373
BANK_016,SCN_0279,Healthy,Healthy,0.9813576663449972,0.018136319641400316,0.0005060140136022505
BANK_017,SCN_0279,Critical,Critical,0.005157408327227615,0.3561377865479727,0.638704805124799
BANK_018,SCN_0279,Stressed,Stressed,0.0593811851182572,0.9174999047986727,0.023118910083070106
BANK_019,SCN_0279,Critical,Critical,0.0003567109204346153,0.0009064568503390318,0.9987368322292264
BANK_020,SCN_0279,Critical,Critical,4.363636363636364e-06,0.010966902439030332,0.9890287339246066
BANK_021,SCN_0279,Critical,Critical,0.0003538299575115683,0.28546318528483117,0.7141829847576575
BANK_022,SCN_0279,Critical,Critical,0.00016275595570074098,0.021364759756695814,0.9784724842876038
BANK_023,SCN_0279,Stressed,Stressed,0.06519196021305139,0.9194825925346303,0.01532544725231872
BANK_024,SCN_0279,Stressed,Stressed,0.006932548175589619,0.9728320445653306,0.02023540725907943
BANK_025,SCN_0279,Stressed,Stressed,0.13655905005567812,0.7117090996494481,0.15173185029487404
BANK_026,SCN_0279,Stressed,Stressed,0.43713055109145454,0.5429801495405745,0.01988929936797071
BANK_027,SCN_0279,Stressed,Stressed,0.2759608006507522,0.6510372970949444,0.07300190225430397
BANK_028,SCN_0279,Critical,Critical,0.0009821546857649683,0.21650656736986076,0.7825112779443752
BANK_029,SCN_0279,Stressed,Critical,0.004651616028605655,0.3464112976095845,0.6489370863618106
BANK_030,SCN_0279,Critical,Critical,0.00019720171798062755,0.0012136423191619072,0.9985891559628575
BANK_031,SCN_0279,Healthy,Healthy,0.9622672310810649,0.032630008445498584,0.005102760473436665
BANK_032,SCN_0279,Stressed,Stressed,0.061441567121096045,0.9280169521048106,0.01054148077409328
BANK_033,SCN_0279,Stressed,Critical,0.016895856155747267,0.35347969656048694,0.629624447283766
BANK_034,SCN_0279,Stressed,Stressed,0.06776086775649719,0.7505881138348716,0.18165101840863143
BANK_035,SCN_0279,Healthy,Healthy,0.9368568259432611,0.05763187254431987,0.005511301512418948
BANK_036,SCN_0279,Stressed,Stressed,0.48458933334612797,0.5014833281626269,0.013927338491245321
BANK_037,SCN_0279,Stressed,Stressed,0.02232483526116337,0.6675075771427436,0.31016758759609314
BANK_038,SCN_0279,Stressed,Stressed,0.032387668920105465,0.8984123886570348,0.06919994242285976
BANK_039,SCN_0279,Healthy,Healthy,0.9845958523709463,0.014323958949808462,0.001080188679245283
BANK_040,SCN_0279,Healthy,Healthy,0.5663170479718415,0.4306812960091871,0.003001656018971731
BANK_001,SCN_0281,Healthy,Healthy,0.994807476214231,0.005192523785769006,0.0
BANK_002,SCN_0281,Healthy,Healthy,0.9529877562145918,0.045660812152095775,0.001351431633312454
BANK_003,SCN_0281,Healthy,Healthy,0.9235567538812691,0.07314756823697421,0.003295677881756477
BANK_004,SCN_0281,Healthy,Healthy,0.9773215834118283,0.022575389888440822,0.00010302669973139381
BANK_005,SCN_0281,Healthy,Healthy,0.9926615943196265,0.007308710094532692,2.9695585840432348e-05
BANK_006,SCN_0281,Stressed,Stressed,0.007136134717084244,0.9925705671632111,0.00029329811970473554
BANK_007,SCN_0281,Healthy,Healthy,0.9941766134924751,0.005813323506650966,1.0063000873779424e-05
BANK_008,SCN_0281,Healthy,Healthy,0.7287498422051567,0.26997640446743437,0.0012737533274094228
BANK_009,SCN_0281,Healthy,Healthy,0.9894517125527779,0.010289659661931747,0.0002586277852901405
BANK_010,SCN_0281,Healthy,Healthy,0.6878502216202985,0.3096348941730353,0.0025148842066663045
BANK_011,SCN_0281,Healthy,Healthy,0.9861313844803486,0.013830096460694087,3.85190589574575e-05
BANK_012,SCN_0281,Healthy,Healthy,0.993224547414723,0.006751299158981035,2.4153426296310142e-05
BANK_013,SCN_0281,Critical,Critical,0.0,0.00016420782552918536,0.9998357921744708
BANK_014,SCN_0281,Healthy,Healthy,0.8807544515801613,0.11633996381205723,0.0029055846077818176
BANK_015,SCN_0281,Stressed,Stressed,0.006755260503864446,0.9733654511749588,0.01987928832117741
BANK_016,SCN_0281,Healthy,Healthy,0.9941418728845474,0.005716340429357572,0.0001417866860953764
BANK_017,SCN_0281,Stressed,Stressed,0.10218557131128457,0.87646194789966,0.02135248078905691
BANK_018,SCN_0281,Healthy,Healthy,0.9631284668639912,0.03637170259666137,0.0004998305393478362
BANK_019,SCN_0281,Critical,Critical,0.0,0.00048031496062992123,0.99951968503937
BANK_020,SCN_0281,Stressed,Stressed,0.00042789953113375187,0.7999396868408954,0.19963241362797182
BANK_021,SCN_0281,Stressed,Stressed,0.025668377406200333,0.9609523145763252,0.01337930801747436
BANK_022,SCN_0281,Critical,Stressed,0.0011899236196679967,0.5733319788815207,0.42547809749881144
BANK_023,SCN_0281,Healthy,Healthy,0.9799862891331828,0.01975961018256566,0.00025410068425209644
BANK_024,SCN_0281,Healthy,Healthy,0.9808016845651916,0.01807652135148365,0.0011217940833246117
BANK_025,SCN_0281,Healthy,Healthy,0.8863176823570941,0.1111594306575996,0.002522886985305619
BANK_026,SCN_0281,Healthy,Healthy,0.9765424772918614,0.02324626352449838,0.00021125918364035034
BANK_027,SCN_0281,Healthy,Healthy,0.9611616203259131,0.03741938209379798,0.0014189975802885038
BANK_028,SCN_0281,Stressed,Stressed,0.012164443309387686,0.9786781882035753,0.009157368487037307
BANK_029,SCN_0281,Stressed,Stressed,0.08327680544778902,0.8929923832315962,0.023730811320615143
BANK_030,SCN_0281,Critical,Critical,0.0,0.0005289851887663165,0.9994710148112337
BANK_031,SCN_0281,Healthy,Healthy,0.9903368324774601,0.009485579464401336,0.00017758805813897856
BANK_032,SCN_0281,Healthy,Healthy,0.9867587284536774,0.013222393391415762,1.8878154906979613e-05
BANK_033,SCN_0281,Stressed,Stressed,0.10602512728220614,0.8517941975188321,0.04218067519896155
BANK_034,SCN_0281,Healthy,Healthy,0.9094729489339387,0.08808846131610924,0.0024385897499523204
BANK_035,SCN_0281,Healthy,Healthy,0.9891457503378895,0.0108092152366152,4.503442549523017e-05
BANK_036,SCN_0281,Healthy,Healthy,0.9791139761284471,0.020756724638508396,0.000129299233044834
BANK_037,SCN_0281,Healthy,Healthy,0.8425814557912101,0.1570641984670829,0.00035434574170739423
BANK_038,SCN_0281,Healthy,Healthy,0.9628917707999328,0.0369618052549032,0.00014642394516379366
BANK_039,SCN_0281,Healthy,Healthy,0.9975066099869029,0.002424473472509718,6.891654058727268e-05
BANK_040,SCN_0281,Healthy,Healthy,0.9895392336098312,0.010451555362981575,9.211027187305913e-06
BANK_001,SCN_0291,Healthy,Healthy,0.9586595897133886,0.03949426320365301,0.001846147082958853
BANK_002,SCN_0291,Healthy,Stressed,0.48741458084911593,0.4875118461611076,0.025073572989776333
BANK_003,SCN_0291,Stressed,Stressed,0.34203623063516897,0.6134723905185092,0.04449137884632155
BANK_004,SCN_0291,Healthy,Healthy,0.7361989896586689,0.2594640713765527,0.004336938964778502
BANK_005,SCN_0291,Healthy,Healthy,0.9830257712823456,0.015878430524973206,0.0010957981926811664
BANK_006,SCN_0291,Stressed,Stressed,0.010994956510020625,0.98316445613596,0.005840587354019845
BANK_007,SCN_0291,Healthy,Healthy,0.9886768836098654,0.011166850382199351,0.00015626600793534984
BANK_008,SCN_0291,Stressed,Stressed,0.02577207437105445,0.9537016821709347,0.02052624345801091
BANK_009,SCN_0291,Healthy,Healthy,0.6664877556943365,0.33088505489080505,0.0026271894148590957
BANK_010,SCN_0291,Stressed,Stressed,0.08547657609270967,0.7823637183003813,0.13215970560690932
BANK_011,SCN_0291,Healthy,Healthy,0.8885371076704346,0.108396392295981,0.0030665000335845655
BANK_012,SCN_0291,Healthy,Healthy,0.9922735203847882,0.007648136420343678,7.834319486832145e-05
BANK_013,SCN_0291,Critical,Critical,0.00016275595570074098,0.0002159087859223079,0.9996213352583769
BANK_014,SCN_0291,Stressed,Stressed,0.13470087805472702,0.8061311437864521,0.059167978158821743
BANK_015,SCN_0291,Stressed,Critical,0.0007907826498380868,0.3787309829420492,0.6204782344081126
BANK_016,SCN_0291,Healthy,Healthy,0.9837060769372468,0.015934661897053656,0.0003592611656994657
BANK_017,SCN_0291,Critical,Critical,0.018470503719188604,0.4647771608708012,0.5167523354100098
BANK_018,SCN_0291,Stressed,Stressed,0.0960390952842225,0.8858719144561514,0.018088990259626115
BANK_019,SCN_0291,Critical,Critical,0.0003567109204346153,0.0010561696613311372,0.9985871194182343
BANK_020,SCN_0291,Critical,Critical,4.363636363636364e-06,0.059878310375557305,0.9401173259880795
BANK_021,SCN_0291,Critical,Stressed,0.0014432302210727116,0.525849935042428,0.4727068347364991
BANK_022,SCN_0291,Critical,Critical,0.00016275595570074098,0.024026375036999042,0.9758108690073006
BANK_023,SCN_0291,Healthy,Healthy,0.8424299321453543,0.1510595610258364,0.006510506828808927
BANK_024,SCN_0291,Stressed,Stressed,0.012940101046467608,0.9780619159848667,0.008997982968665767
BANK_025,SCN_0291,Stressed,Stressed,0.24710834162280018,0.697810667396329,0.055080990980870215
BANK_026,SCN_0291,Healthy,Healthy,0.6789906010916587,0.3088505119609033,0.012158886947438913
BANK_027,SCN_0291,Healthy,Healthy,0.5354276017344154,0.4392220455316289,0.02535035273395562
BANK_028,SCN_0291,Stressed,Critical,0.0011047589250413146,0.3425482790208402,0.6563469620541199
BANK_029,SCN_0291,Stressed,Stressed,0.008951320607193197,0.578863553362355,0.4121851260304515
BANK_030,SCN_0291,Critical,Critical,0.00019720171798062755,0.0012136423191619072,0.9985891559628575
BANK_031,SCN_0291,Healthy,Healthy,0.9642370634644102,0.03184563560217227,0.003917300933417471
BANK_032,SCN_0291,Healthy,Healthy,0.8645161150626404,0.1323284640866192,0.00315542085074052
BANK_033,SCN_0291,Stressed,Stressed,0.029599163772597442,0.5327271414456309,0.43767369478177115
BANK_034,SCN_0291,Stressed,Stressed,0.19105660634145447,0.7421458031964472,0.06679759046209843
BANK_035,SCN_0291,Healthy,Healthy,0.9524306766729744,0.04398047492980642,0.003588848397219312
BANK_036,SCN_0291,Healthy,Healthy,0.7535084848231587,0.23698094952025112,0.009510565656590093
BANK_037,SCN_0291,Stressed,Stressed,0.0936783447889795,0.8546143670312372,0.05170728817978381
BANK_038,SCN_0291,Stressed,Stressed,0.1675930994030051,0.8078587533513837,0.02454814724561172
BANK_039,SCN_0291,Healthy,Healthy,0.9905566285557623,0.008363182764992094,0.001080188679245283
BANK_040,SCN_0291,Healthy,Healthy,0.8896449420317554,0.10992710856385583,0.00042794940438931116
BANK_001,SCN_0305,Healthy,Healthy,0.9559602572827484,0.0421935956342934,0.001846147082958853
BANK_002,SCN_0305,Healthy,Stressed,0.4724546593696219,0.49962544382784657,0.02791989680253117
BANK_003,SCN_0305,Stressed,Stressed,0.3340480524517915,0.6178853481395646,0.04806659940864349
BANK_004,SCN_0305,Stressed,Healthy,0.7489153798871223,0.24671731238454142,0.004367307728335985
BANK_005,SCN_0305,Healthy,Healthy,0.9858660945469316,0.013038107260387068,0.0010957981926811664
BANK_006,SCN_0305,Stressed,Stressed,0.010979607529225251,0.9822251619770871,0.006795230493688127
BANK_007,SCN_0305,Healthy,Healthy,0.987774742612783,0.012068991379281925,0.00015626600793534984
BANK_008,SCN_0305,Stressed,Stressed,0.022211893121199804,0.957055583196697,0.020732523682103196
BANK_009,SCN_0305,Healthy,Healthy,0.6156733629204674,0.38156806684538375,0.0027585702341489434
BANK_010,SCN_0305,Stressed,Stressed,0.08402254958093704,0.7780501900027446,0.13792726041631911
BANK_011,SCN_0305,Healthy,Healthy,0.8745046848441745,0.12227322896737997,0.003222086188446397
BANK_012,SCN_0305,Healthy,Healthy,0.9927961151888373,0.007125541616294482,7.834319486832145e-05
BANK_013,SCN_0305,Critical,Critical,0.00016275595570074098,0.0002159087859223079,0.9996213352583769
BANK_014,SCN_0305,Stressed,Stressed,0.11628031747245135,0.8221354658454335,0.06158421668211563
BANK_015,SCN_0305,Critical,Critical,0.0007565946156500527,0.48063070323874635,0.5186127021456037
BANK_016,SCN_0305,Healthy,Healthy,0.984416717062362,0.015224021771938457,0.0003592611656994657
BANK_017,SCN_0305,Critical,Stressed,0.016696210087857367,0.5578785554358676,0.4254252344762746
BANK_018,SCN_0305,Stressed,Stressed,0.08188093177543944,0.8989184888817611,0.01920057934279934
BANK_019,SCN_0305,Critical,Critical,0.0003567109204346153,0.0009390908829730644,0.9987041981965924
BANK_020,SCN_0305,Critical,Critical,4.363636363636364e-06,0.027380198896108866,0.9726154374675283
BANK_021,SCN_0305,Stressed,Critical,0.001184287660656922,0.3863590081794164,0.6124567041599268
BANK_022,SCN_0305,Critical,Critical,0.00016275595570074098,0.01327028723557477,0.9865669568087249
BANK_023,SCN_0305,Healthy,Healthy,0.7546781819488702,0.2376258265604368,0.007695991490692961
BANK_024,SCN_0305,Stressed,Stressed,0.010595818598040969,0.9798297769595619,0.009574404442397202
BANK_025,SCN_0305,Stressed,Stressed,0.21711839623081527,0.7235103410745414,0.059371262694643094
BANK_026,SCN_0305,Healthy,Healthy,0.6591851755984026,0.32830275706878936,0.012512067332808876
BANK_027,SCN_0305,Stressed,Stressed,0.4779465608529729,0.4928616627955252,0.029191776351501695
BANK_028,SCN_0305,Critical,Critical,0.0010348566051389947,0.28175942860774467,0.7172057147871171
BANK_029,SCN_0305,Stressed,Stressed,0.008205866453065931,0.5606409674254343,0.43115316612149934
BANK_030,SCN_0305,Critical,Critical,0.00019720171798062755,0.0012136423191619072,0.9985891559628575
BANK_031,SCN_0305,Healthy,Healthy,0.9642136975706981,0.03143929327307267,0.004347009156229142
BANK_032,SCN_0305,Healthy,Healthy,0.8024487685680984,0.19386213682489817,0.0036890946070033824
BANK_033,SCN_0305,Stressed,Stressed,0.028615329313030485,0.5104677631499016,0.46091690753706743
BANK_034,SCN_0305,Stressed,Stressed,0.1616791053114057,0.7643930237781181,0.07392787091047633
BANK_035,SCN_0305,Healthy,Healthy,0.9525119874272597,0.04389916417552111,0.003588848397219312
BANK_036,SCN_0305,Healthy,Healthy,0.71778920658665,0.2719127381855101,0.010298055227840318
BANK_037,SCN_0305,Stressed,Stressed,0.12209959458415638,0.7926056898659547,0.08529471554988884
BANK_038,SCN_0305,Stressed,Stressed,0.07786771690115196,0.89397295274383,0.028159330355018428
BANK_039,SCN_0305,Healthy,Healthy,0.9909976040690448,0.00792220725170964,0.001080188679245283
BANK_040,SCN_0305,Healthy,Healthy,0.8641876776844014,0.13534070478893942,0.00047161752666005353
BANK_001,SCN_0313,Healthy,Healthy,0.9950371416590004,0.004899700446262932,6.31578947368421e-05
BANK_002,SCN_0313,Healthy,Healthy,0.9524373450247161,0.04621122334197142,0.001351431633312454
BANK_003,SCN_0313,Healthy,Healthy,0.9335642581601398,0.06328423789353146,0.0031515039463288165
BANK_004,SCN_0313,Healthy,Healthy,0.9822088324403917,0.01771591747586205,7.525008374663907e-05
BANK_005,SCN_0313,Healthy,Healthy,0.9926435560078589,0.007326748406300377,2.9695585840432348e-05
BANK_006,SCN_0313,Stressed,Stressed,0.018311752124618195,0.9813583611439045,0.00032988673147734256
BANK_007,SCN_0313,Healthy,Healthy,0.9915635704207809,0.008384261315187337,5.216826403167416e-05
BANK_008,SCN_0313,Healthy,Healthy,0.8551044000095728,0.1441684348309259,0.0007271651595013817
BANK_009,SCN_0313,Healthy,Healthy,0.9881127192172668,0.011526279416431511,0.0003610013663014924
BANK_010,SCN_0313,Healthy,Healthy,0.8163487679148554,0.18150636068023146,0.002144871404914454
BANK_011,SCN_0313,Healthy,Healthy,0.9881753829760344,0.0118009427693267,2.367425463896897e-05
BANK_012,SCN_0313,Healthy,Healthy,0.993403074856555,0.006572771717149012,2.4153426296310142e-05
BANK_013,SCN_0313,Critical,Critical,0.0,0.0010484183518449748,0.9989515816481551
BANK_014,SCN_0313,Healthy,Healthy,0.8962541777278251,0.1013529436718363,0.002392878600338968
BANK_015,SCN_0313,Stressed,Stressed,0.009825175275617918,0.9702345657394916,0.019940258984891015
BANK_016,SCN_0313,Healthy,Healthy,0.9930590473054065,0.006788583997916432,0.00015236869667738698
BANK_017,SCN_0313,Stressed,Stressed,0.24560216827691989,0.7377325333542556,0.01666529836882399
BANK_018,SCN_0313,Healthy,Healthy,0.9631104285522235,0.03638974090842905,0.0004998305393478362
BANK_019,SCN_0313,Critical,Critical,0.0,0.00048031496062992123,0.99951968503937
BANK_020,SCN_0313,Critical,Stressed,0.008822540739687832,0.814844706639112,0.17633275262120024
BANK_021,SCN_0313,Stressed,Stressed,0.05670669992440067,0.9319758310275994,0.011317469048000281
BANK_022,SCN_0313,Stressed,Stressed,0.0027250113389662425,0.9410079687945597,0.056267019866474165
BANK_023,SCN_0313,Healthy,Healthy,0.9781382885196823,0.021622455600384515,0.00023925587993360787
BANK_024,SCN_0313,Healthy,Healthy,0.9782720369605835,0.021384969922672414,0.0003429931167438746
BANK_025,SCN_0313,Healthy,Healthy,0.9072593479224678,0.09050893088075673,0.002231721196774236
BANK_026,SCN_0313,Healthy,Healthy,0.9742879277635782,0.0254521000159992,0.00025997222042280145
BANK_027,SCN_0313,Healthy,Healthy,0.9635382019613423,0.03520624404469984,0.0012555539939573515
BANK_028,SCN_0313,Stressed,Stressed,0.1143663415041146,0.8782425197930892,0.007391138702797072
BANK_029,SCN_0313,Stressed,Stressed,0.16334010950683214,0.8151831839609609,0.021476706532207596
BANK_030,SCN_0313,Critical,Critical,0.00012234804112976703,0.003813207954227355,0.996064444004643
BANK_031,SCN_0313,Healthy,Healthy,0.9903187941656925,0.00950361777616902,0.00017758805813897856
BANK_032,SCN_0313,Healthy,Healthy,0.9868116154489548,0.013169506396138292,1.8878154906979613e-05
BANK_033,SCN_0313,Healthy,Stressed,0.1816609346251566,0.7804245570830903,0.037914508291753364
BANK_034,SCN_0313,Healthy,Healthy,0.9109912482942237,0.08657016195582427,0.0024385897499523204
BANK_035,SCN_0313,Healthy,Healthy,0.9866472180084707,0.013258846311672248,9.39356798572032e-05
BANK_036,SCN_0313,Healthy,Healthy,0.9782981825024272,0.021567095271035956,0.00013472222653724183
BANK_037,SCN_0313,Healthy,Healthy,0.9297017238930078,0.06998696716081348,0.0003113089461787496
BANK_038,SCN_0313,Healthy,Healthy,0.961815764354724,0.03803781170011203,0.00014642394516379366
BANK_039,SCN_0313,Healthy,Healthy,0.995707589161815,0.004121120716586363,0.00017129012159862458
BANK_040,SCN_0313,Healthy,Healthy,0.9867525342149682,0.013222982408035149,2.4483376996344792e-05
BANK_001,SCN_0317,Healthy,Healthy,0.993307911277916,0.006692088722084096,0.0
BANK_002,SCN_0317,Healthy,Healthy,0.9321303442466106,0.06646347371750028,0.0014061820358889435
BANK_003,SCN_0317,Healthy,Healthy,0.8568143075293474,0.13932084256912866,0.0038648499015238227
BANK_004,SCN_0317,Healthy,Healthy,0.9702381560363059,0.02965881726396313,0.00010302669973139381
BANK_005,SCN_0317,Healthy,Healthy,0.9912633464472267,0.008706957966932742,2.9695585840432348e-05
BANK_006,SCN_0317,Stressed,Stressed,0.005735756004587471,0.9937208371571213,0.0005434068382913102
BANK_007,SCN_0317,Healthy,Healthy,0.9917530968483119,0.00823684015081433,1.0063000873779424e-05
BANK_008,SCN_0317,Stressed,Stressed,0.04762646782402416,0.9473590969963409,0.005014435179635038
BANK_009,SCN_0317,Healthy,Healthy,0.9830512778785145,0.016646298715757457,0.00030242340572809675
BANK_010,SCN_0317,Stressed,Stressed,0.2718015873351951,0.7174842576751994,0.010714154989605255
BANK_011,SCN_0317,Healthy,Healthy,0.9829543131202849,0.01700716782075773,3.85190589574575e-05
BANK_012,SCN_0317,Healthy,Healthy,0.9927486454774832,0.0072272010962208385,2.4153426296310142e-05
BANK_013,SCN_0317,Critical,Critical,0.0,0.00016420782552918536,0.9998357921744708
BANK_014,SCN_0317,Healthy,Stressed,0.4891859321432925,0.5045275755148083,0.006286492341899153
BANK_015,SCN_0317,Stressed,Stressed,0.004151286281231364,0.9264114174621346,0.06943729625663478
BANK_016,SCN_0317,Healthy,Healthy,0.9925413940574623,0.007316819256442427,0.0001417866860953764
BANK_017,SCN_0317,Stressed,Stressed,0.0426054091086952,0.9292325608089145,0.028162030082391164
BANK_018,SCN_0317,Healthy,Healthy,0.9422143465645205,0.05706436840997161,0.0007212850255082046
BANK_019,SCN_0317,Critical,Critical,0.0,0.0002924901185770751,0.999707509881423
BANK_020,SCN_0317,Critical,Critical,0.0002830607837087318,0.17470733572634886,0.8250096034899426
BANK_021,SCN_0317,Critical,Stressed,0.017462728032438257,0.9170708315712753,0.06546644039628706
BANK_022,SCN_0317,Critical,Critical,0.0,0.22468125973203473,0.7753187402679651
BANK_023,SCN_0317,Healthy,Healthy,0.9722690683416007,0.027467292023431723,0.00026363963496751767
BANK_024,SCN_0317,Healthy,Healthy,0.9475319759282542,0.05117030136733351,0.0012977227044120648
BANK_025,SCN_0317,Stressed,Healthy,0.691021277804633,0.30471756228520125,0.004261159910165272
BANK_026,SCN_0317,Healthy,Healthy,0.9714494237693173,0.028333299223087516,0.00021727700759520828
BANK_027,SCN_0317,Healthy,Healthy,0.9387340290073465,0.059792223009787794,0.001473747982864993
BANK_028,SCN_0317,Stressed,Stressed,0.005835872749061507,0.9814199572542424,0.012744169996696947
BANK_029,SCN_0317,Stressed,Stressed,0.030007653108862872,0.9437482962744754,0.026244050616661158
BANK_030,SCN_0317,Critical,Critical,0.0,0.00012734584450402144,0.999872654155496
BANK_031,SCN_0317,Healthy,Healthy,0.9891455950596487,0.010676816882212555,0.00017758805813897856
BANK_032,SCN_0317,Healthy,Healthy,0.983663924486732,0.016327046714677614,9.028798590348542e-06
BANK_033,SCN_0317,Stressed,Stressed,0.082297777755879,0.8705890247358183,0.047113197508302264
BANK_034,SCN_0317,Healthy,Healthy,0.712494450997829,0.2836722203181632,0.0038333286840081075
BANK_035,SCN_0317,Healthy,Healthy,0.9850784409423493,0.014880045758915987,4.151329873466679e-05
BANK_036,SCN_0317,Healthy,Healthy,0.9764656334500497,0.023399049492951084,0.00013531705699969192
BANK_037,SCN_0317,Stressed,Stressed,0.27091373955210196,0.7203242740742958,0.008761986373602053
BANK_038,SCN_0317,Healthy,Healthy,0.7673788250962128,0.23188733158064567,0.0007338433231416385
BANK_039,SCN_0317,Healthy,Healthy,0.9976086244572714,0.0023913755427284323,0.0
BANK_040,SCN_0317,Healthy,Healthy,0.98845268391721,0.011541626182363408,5.689900426742532e-06
BANK_001,SCN_0318,Healthy,Healthy,0.8242349943365129,0.17326574022591862,0.002499265437569329
BANK_002,SCN_0318,Stressed,Stressed,0.2599425299742862,0.6713050332958505,0.06875243672986364
BANK_003,SCN_0318,Stressed,Stressed,0.1663992818983664,0.6956774699573604,0.13792324814427323
BANK_004,SCN_0318,Stressed,Stressed,0.4585399734855015,0.5306003070498845,0.010859719464613716
BANK_005,SCN_0318,Healthy,Healthy,0.9863787267084385,0.012175651777325654,0.0014456215142359366
BANK_006,SCN_0318,Stressed,Stressed,0.00609413303748656,0.9741479481201643,0.019757918842349297
BANK_007,SCN_0318,Healthy,Healthy,0.9892752364912076,0.01064798155654542,7.678195224719102e-05
BANK_008,SCN_0318,Stressed,Stressed,0.012421141597010932,0.9057537855396658,0.08182507286332366
BANK_009,SCN_0318,Healthy,Stressed,0.4433625727065807,0.5521450394301606,0.004492387863259024
BANK_010,SCN_0318,Stressed,Stressed,0.01760587700337891,0.5458846343516537,0.4365094886449672
BANK_011,SCN_0318,Healthy,Healthy,0.6477361221445552,0.3437741292900463,0.00848974856539862
BANK_012,SCN_0318,Healthy,Healthy,0.9916499058578727,0.008271750947258932,7.834319486832145e-05
BANK_013,SCN_0318,Critical,Critical,0.00015950920245398772,0.00018721396049851052,0.9996532768370475
BANK_014,SCN_0318,Critical,Stressed,0.02835914362165648,0.7514683155571951,0.2201725408211494
BANK_015,SCN_0318,Stressed,Critical,0.0007058191422803329,0.1999971676979826,0.7992970131597368
BANK_016,SCN_0318,Healthy,Healthy,0.9812340130213734,0.018259972965024372,0.0005060140136022505
BANK_017,SCN_0318,Stressed,Critical,0.005175907027348458,0.4486510783627386,0.5461730146099131
BANK_018,SCN_0318,Stressed,Stressed,0.0582906978406095,0.918310294364072,0.023399007795318588
BANK_019,SCN_0318,Critical,Critical,0.0003567109204346153,0.0009064568503390318,0.9987368322292264
BANK_020,SCN_0318,Critical,Critical,4.363636363636364e-06,0.010856376123240858,0.9891392602403961
BANK_021,SCN_0318,Critical,Critical,0.0006846256520411684,0.40692134852212897,0.5923940258258298
BANK_022,SCN_0318,Critical,Critical,0.00016275595570074098,0.006961452959719342,0.9928757910845804
BANK_023,SCN_0318,Stressed,Stressed,0.05622028089837656,0.9280714168740968,0.015708302227526835
BANK_024,SCN_0318,Stressed,Stressed,0.006796504424755953,0.9731027806516725,0.020100714923571048
BANK_025,SCN_0318,Stressed,Stressed,0.1330452408076628,0.7021155279825229,0.16483923120981486
BANK_026,SCN_0318,Healthy,Stressed,0.415303571191792,0.5639710299607936,0.020725398847414273
BANK_027,SCN_0318,Stressed,Stressed,0.25624109180003674,0.6665717386745261,0.07718716952543798
BANK_028,SCN_0318,Critical,Critical,0.000923821352431635,0.14599044137304282,0.853085737274526
BANK_029,SCN_0318,Stressed,Critical,0.004676473097804836,0.353397314102679,0.6419262127995168
BANK_030,SCN_0318,Critical,Critical,0.00019720171798062755,0.0012136423191619072,0.9985891559628575
BANK_031,SCN_0318,Healthy,Healthy,0.9621014122953515,0.03279582723121195,0.005102760473436665
BANK_032,SCN_0318,Stressed,Stressed,0.052008420143357006,0.9376407318490613,0.010350848007581662
BANK_033,SCN_0318,Critical,Critical,0.01676523315070344,0.3040458467578332,0.6791889200914637
BANK_034,SCN_0318,Stressed,Stressed,0.06616824354011419,0.7509199667438194,0.18291178971606661
BANK_035,SCN_0318,Healthy,Healthy,0.9319305341888146,0.06211018146800902,0.005959284343176172
BANK_036,SCN_0318,Healthy,Stressed,0.4283026435740722,0.5573309796737929,0.014366376752135002
BANK_037,SCN_0318,Stressed,Stressed,0.021484020475170618,0.6381730039191883,0.34034297560564125
BANK_038,SCN_0318,Stressed,Stressed,0.03061735442810903,0.8934244115311888,0.0759582340407024
BANK_039,SCN_0318,Healthy,Healthy,0.984420382288182,0.014499429032572883,0.001080188679245283
BANK_040,SCN_0318,Healthy,Healthy,0.5441583840597417,0.4524109788343481,0.003430637105910047
BANK_001,SCN_0322,Healthy,Healthy,0.7362157993164022,0.26121277029757506,0.0025714303860229376
BANK_002,SCN_0322,Healthy,Stressed,0.25262730825478624,0.6753225177959599,0.07205017394925438
BANK_003,SCN_0322,Stressed,Stressed,0.16623831604400063,0.6948720474589378,0.13888963649706176
BANK_004,SCN_0322,Healthy,Stressed,0.4291998768659878,0.5588062899917217,0.011993833142290364
BANK_005,SCN_0322,Healthy,Healthy,0.9861943555240673,0.01236002296169684,0.0014456215142359366
BANK_006,SCN_0322,Stressed,Stressed,0.005870847006584506,0.9761862917659901,0.017942861227425316
BANK_007,SCN_0322,Healthy,Healthy,0.9895418810332499,0.010297045826763619,0.00016107313998665461
BANK_008,SCN_0322,Stressed,Stressed,0.011639561607506864,0.9050122962856709,0.08334814210682263
BANK_009,SCN_0322,Healthy,Stressed,0.3306697215656214,0.6645809508438011,0.004749327590577645
BANK_010,SCN_0322,Stressed,Critical,0.014588552149129373,0.3469099224584668,0.6385015253924036
BANK_011,SCN_0322,Healthy,Healthy,0.49719917077386677,0.49304361609285247,0.009757213133280667
BANK_012,SCN_0322,Healthy,Healthy,0.9906059018845036,0.009315754920628048,7.834319486832145e-05
BANK_013,SCN_0322,Critical,Critical,0.00015950920245398772,0.00018721396049851052,0.9996532768370475
BANK_014,SCN_0322,Stressed,Stressed,0.025773404607024222,0.6855775927916634,0.28864900260131254
BANK_015,SCN_0322,Critical,Critical,0.0007058191422803329,0.04984425710968042,0.9494499237480394
BANK_016,SCN_0322,Healthy,Healthy,0.980944298904073,0.01846539589458523,0.0005903052013417141
BANK_017,SCN_0322,Critical,Critical,0.0048114622156598804,0.3508045515361279,0.644383986248212
BANK_018,SCN_0322,Stressed,Stressed,0.05770297772212759,0.9168231139626264,0.02547390831524604
BANK_019,SCN_0322,Critical,Critical,0.0003567109204346153,0.0009064568503390318,0.9987368322292264
BANK_020,SCN_0322,Critical,Critical,4.363636363636364e-06,0.010797798717383119,0.9891978376462538
BANK_021,SCN_0322,Stressed,Critical,0.0006665868161171038,0.2143303634508883,0.7850030497329946
BANK_022,SCN_0322,Critical,Critical,0.00016275595570074098,0.006832218585515275,0.9930050254587844
BANK_023,SCN_0322,Stressed,Stressed,0.054789639616122376,0.9297042153799593,0.015506145003918545
BANK_024,SCN_0322,Stressed,Stressed,0.006334293681085327,0.9442904950835811,0.049375211235333026
BANK_025,SCN_0322,Healthy,Stressed,0.13031914331150013,0.7081849949443593,0.161495861744141
BANK_026,SCN_0322,Healthy,Stressed,0.36826104310554814,0.6110011565998749,0.020737800294576794
BANK_027,SCN_0322,Healthy,Stressed,0.25085733802874677,0.6674638194572341,0.08167884251401963
BANK_028,SCN_0322,Stressed,Critical,0.000923821352431635,0.1655172454531328,0.8335589331944356
BANK_029,SCN_0322,Stressed,Critical,0.004446563990024808,0.2799423044754071,0.7156111315345683
BANK_030,SCN_0322,Critical,Critical,0.00019720171798062755,0.0012136423191619072,0.9985891559628575
BANK_031,SCN_0322,Healthy,Healthy,0.9617604161267691,0.03305253221205487,0.005187051661176128
BANK_032,SCN_0322,Stressed,Stressed,0.05134861865452327,0.93846505669102,0.010186324654456807
BANK_033,SCN_0322,Critical,Critical,0.016422182273099977,0.29515497300337495,0.6884228447235253
BANK_034,SCN_0322,Stressed,Stressed,0.057458951672872946,0.6942519955660679,0.24828905276105928
BANK_035,SCN_0322,Healthy,Healthy,0.9305697181667472,0.06338670630233706,0.006043575530915636
BANK_036,SCN_0322,Healthy,Stressed,0.4298980517031751,0.554607788470984,0.015494159825840894
BANK_037,SCN_0322,Stressed,Stressed,0.020708939620556633,0.5453308036091166,0.433960256770327
BANK_038,SCN_0322,Stressed,Stressed,0.028184890288425087,0.8953893928505349,0.07642571686104019
BANK_039,SCN_0322,Healthy,Healthy,0.984420382288182,0.014499429032572883,0.001080188679245283
BANK_040,SCN_0322,Healthy,Stressed,0.4107792286614477,0.5853989243886202,0.0038218469499319277
BANK_001,SCN_0324,Healthy,Healthy,0.7771459317238013,0.2203548028386296,0.002499265437569329
BANK_002,SCN_0324,Stressed,Stressed,0.2650761712923025,0.6658391960034507,0.06908463270424711
BANK_003,SCN_0324,Stressed,Stressed,0.16643072022922592,0.6949824701016076,0.13858680966916645
BANK_004,SCN_0324,Healthy,Stressed,0.4768996379274483,0.5120909382160461,0.011009423856505609
BANK_005,SCN_0324,Healthy,Healthy,0.9863787267084385,0.012175651777325654,0.0014456215142359366
BANK_006,SCN_0324,Stressed,Stressed,0.00609413303748656,0.974045213456454,0.01986065350605957
BANK_007,SCN_0324,Healthy,Healthy,0.9892752364912076,0.01064798155654542,7.678195224719102e-05
BANK_008,SCN_0324,Stressed,Stressed,0.012343016597010932,0.9061983391692968,0.08145864423369273
BANK_009,SCN_0324,Stressed,Stressed,0.4547983138700772,0.5407092982666638,0.004492387863259024
BANK_010,SCN_0324,Critical,Stressed,0.017385443045552663,0.584027979799079,0.39858657715536866
BANK_011,SCN_0324,Stressed,Healthy,0.6263937855755483,0.36511646585905344,0.00848974856539862
BANK_012,SCN_0324,Healthy,Healthy,0.9916499058578727,0.008271750947258932,7.834319486832145e-05
BANK_013,SCN_0324,Critical,Critical,0.00015950920245398772,0.00018721396049851052,0.9996532768370475
BANK_014,SCN_0324,Stressed,Stressed,0.02813398551010277,0.7583112978828506,0.21355471660704797
BANK_015,SCN_0324,Critical,Critical,0.0007058191422803329,0.1814274728759962,0.8178667079817233
BANK_016,SCN_0324,Healthy,Healthy,0.9812852950726555,0.01820869091374232,0.0005060140136022505
BANK_017,SCN_0324,Stressed,Critical,0.004937108635364976,0.40363992497969386,0.5914229663849409
BANK_018,SCN_0324,Stressed,Stressed,0.0582906978406095,0.918310294364072,0.023399007795318588
BANK_019,SCN_0324,Critical,Critical,0.0003567109204346153,0.0009064568503390318,0.9987368322292264
BANK_020,SCN_0324,Critical,Critical,4.363636363636364e-06,0.010797798717383119,0.9891978376462538
BANK_021,SCN_0324,Critical,Critical,0.0006745076081963118,0.19698646409726503,0.8023390282945393
BANK_022,SCN_0324,Critical,Critical,0.00016275595570074098,0.006832218585515275,0.9930050254587844
BANK_023,SCN_0324,Stressed,Stressed,0.0553284361839512,0.928963261588522,0.015708302227526835
BANK_024,SCN_0324,Stressed,Stressed,0.006768335410671446,0.9729295470111463,0.02030211757818184
BANK_025,SCN_0324,Stressed,Stressed,0.13331733221745293,0.7044261582126318,0.1622565095699158
BANK_026,SCN_0324,Stressed,Stressed,0.41145790996305387,0.5678166911895318,0.020725398847414273
BANK_027,SCN_0324,Healthy,Stressed,0.25746214069985646,0.6640114990958712,0.07852636020427309
BANK_028,SCN_0324,Critical,Critical,0.000923821352431635,0.1502147285481645,0.8488614500994041
BANK_029,SCN_0324,Critical,Critical,0.004398125496815697,0.2866042164149995,0.7089976580881852
BANK_030,SCN_0324,Critical,Critical,0.00019720171798062755,0.0012136423191619072,0.9985891559628575
BANK_031,SCN_0324,Healthy,Healthy,0.9621014122953515,0.03279582723121195,0.005102760473436665
BANK_032,SCN_0324,Stressed,Stressed,0.052008420143357006,0.9376407318490613,0.010350848007581662
BANK_033,SCN_0324,Critical,Critical,0.016697160599516838,0.3095073231828162,0.6737955162176672
BANK_034,SCN_0324,Stressed,Stressed,0.06559952474629012,0.7517949311057162,0.1826055441479941
BANK_035,SCN_0324,Healthy,Healthy,0.9319305341888146,0.06211018146800902,0.005959284343176172
BANK_036,SCN_0324,Stressed,Stressed,0.42761418272433177,0.5580194405235331,0.014366376752135002
BANK_037,SCN_0324,Stressed,Stressed,0.022398343755460105,0.5793240994003543,0.3982775568441857
BANK_038,SCN_0324,Critical,Stressed,0.03023649989957305,0.8954662088227554,0.07429729127767162
BANK_039,SCN_0324,Healthy,Healthy,0.984420382288182,0.014499429032572883,0.001080188679245283
BANK_040,SCN_0324,Healthy,Healthy,0.5351904983608393,0.46137886453325055,0.003430637105910047
BANK_001,SCN_0325,Healthy,Healthy,0.7965308715922621,0.2009698629701691,0.002499265437569329
BANK_002,SCN_0325,Stressed,Stressed,0.2650761712923025,0.6658391960034507,0.06908463270424711
BANK_003,SCN_0325,Stressed,Stressed,0.16643072022922592,0.6949824701016076,0.13858680966916645
BANK_004,SCN_0325,Stressed,Stressed,0.4712130994659099,0.5177774766775846,0.011009423856505609
BANK_005,SCN_0325,Healthy,Healthy,0.9863787267084385,0.012175651777325654,0.0014456215142359366
BANK_006,SCN_0325,Stressed,Stressed,0.00609413303748656,0.974045213456454,0.01986065350605957
BANK_007,SCN_0325,Healthy,Healthy,0.9892752364912076,0.01064798155654542,7.678195224719102e-05
BANK_008,SCN_0325,Stressed,Stressed,0.012343016597010932,0.9061983391692968,0.08145864423369273
BANK_009,SCN_0325,Healthy,Stressed,0.4576370235474965,0.5378705885892445,0.004492387863259024
BANK_010,SCN_0325,Critical,Stressed,0.017385443045552663,0.584027979799079,0.39858657715536866
BANK_011,SCN_0325,Healthy,Healthy,0.6293582081261777,0.36215204330842404,0.00848974856539862
BANK_012,SCN_0325,Healthy,Healthy,0.9916499058578727,0.008271750947258932,7.834319486832145e-05
BANK_013,SCN_0325,Critical,Critical,0.00015950920245398772,0.00018721396049851052,0.9996532768370475
BANK_014,SCN_0325,Stressed,Stressed,0.02813398551010277,0.7583112978828506,0.21355471660704797
BANK_015,SCN_0325,Critical,Critical,0.0007058191422803329,0.1814274728759962,0.8178667079817233
BANK_016,SCN_0325,Healthy,Healthy,0.9812852950726555,0.01820869091374232,0.0005060140136022505
BANK_017,SCN_0325,Critical,Critical,0.004937108635364976,0.4066480730155405,0.5884148183490944
BANK_018,SCN_0325,Stressed,Stressed,0.0582906978406095,0.918310294364072,0.023399007795318588
BANK_019,SCN_0325,Critical,Critical,0.0003567109204346153,0.0009064568503390318,0.9987368322292264
BANK_020,SCN_0325,Critical,Critical,4.363636363636364e-06,0.010797798717383119,0.9891978376462538
BANK_021,SCN_0325,Critical,Critical,0.0006745076081963118,0.19698646409726503,0.8023390282945393
BANK_022,SCN_0325,Critical,Critical,0.00016275595570074098,0.006832218585515275,0.9930050254587844
BANK_023,SCN_0325,Stressed,Stressed,0.05505570891122393,0.9292359888612494,0.015708302227526835
BANK_024,SCN_0325,Stressed,Stressed,0.006768335410671446,0.9729295470111463,0.02030211757818184
BANK_025,SCN_0325,Stressed,Stressed,0.13268399888411958,0.7045928248792984,0.16272317623658247
BANK_026,SCN_0325,Healthy,Stressed,0.4042072468402309,0.5750673543123546,0.020725398847414273
BANK_027,SCN_0325,Stressed,Stressed,0.2557478549855707,0.6656686419530141,0.07858350306141594
BANK_028,SCN_0325,Stressed,Critical,0.000923821352431635,0.1502147285481645,0.8488614500994041
BANK_029,SCN_0325,Critical,Critical,0.004398125496815697,0.2866042164149995,0.7089976580881852
BANK_030,SCN_0325,Critical,Critical,0.00019720171798062755,0.0012136423191619072,0.9985891559628575
BANK_031,SCN_0325,Healthy,Healthy,0.9621014122953515,0.03279582723121195,0.005102760473436665
BANK_032,SCN_0325,Stressed,Stressed,0.052008420143357006,0.9376407318490613,0.010350848007581662
BANK_033,SCN_0325,Stressed,Critical,0.016697160599516838,0.30979083901590293,0.6735120003845805
BANK_034,SCN_0325,Stressed,Stressed,0.06559952474629012,0.7517949311057162,0.1826055441479941
BANK_035,SCN_0325,Healthy,Healthy,0.9319305341888146,0.06211018146800902,0.005959284343176172
BANK_036,SCN_0325,Stressed,Stressed,0.4262524805966722,0.5593811426511928,0.014366376752135002
BANK_037,SCN_0325,Stressed,Stressed,0.022470825327941677,0.5824974125736675,0.395031762098391
BANK_038,SCN_0325,Stressed,Stressed,0.03023649989957305,0.8954662088227554,0.07429729127767162
BANK_039,SCN_0325,Healthy,Healthy,0.984420382288182,0.014499429032572883,0.001080188679245283
BANK_040,SCN_0325,Healthy,Healthy,0.540746015201722,0.45582334769236793,0.003430637105910047
BANK_001,SCN_0334,Healthy,Healthy,0.9941473274482223,0.0058526725517779035,0.0
BANK_002,SCN_0334,Healthy,Healthy,0.9367995741084852,0.06179424385562573,0.0014061820358889435
BANK_003,SCN_0334,Healthy,Healthy,0.886466625785575,0.10982407986845658,0.003709294345968267
BANK_004,SCN_0334,Healthy,Healthy,0.9725398236026849,0.027357149697584127,0.00010302669973139381
BANK_005,SCN_0334,Healthy,Healthy,0.9916029230896003,0.0083673813245592,2.9695585840432348e-05
BANK_006,SCN_0334,Stressed,Stressed,0.005137584773580284,0.9943190083881285,0.0005434068382913102
BANK_007,SCN_0334,Healthy,Healthy,0.9929151616062067,0.007074775392919468,1.0063000873779424e-05
BANK_008,SCN_0334,Stressed,Stressed,0.04762751451070407,0.9474292291308397,0.004943256358456217
BANK_009,SCN_0334,Healthy,Healthy,0.9836415692086661,0.01605600738560592,0.00030242340572809675
BANK_010,SCN_0334,Stressed,Stressed,0.27358408842318616,0.7162784555343794,0.01013745604243387
BANK_011,SCN_0334,Healthy,Healthy,0.9848073757382901,0.015154105202752581,3.85190589574575e-05
BANK_012,SCN_0334,Healthy,Healthy,0.9926109556482684,0.0073648909254358215,2.4153426296310142e-05
BANK_013,SCN_0334,Critical,Critical,0.0,0.00016420782552918536,0.9998357921744708
BANK_014,SCN_0334,Healthy,Healthy,0.5609640789702075,0.43326692366984776,0.00576899735994457
BANK_015,SCN_0334,Stressed,Stressed,0.004334595763793483,0.9532836347563008,0.04238176947990586
BANK_016,SCN_0334,Healthy,Healthy,0.9938483696718995,0.006009843642005407,0.0001417866860953764
BANK_017,SCN_0334,Stressed,Stressed,0.04300966820841975,0.9290656616928045,0.027924670098776503
BANK_018,SCN_0334,Healthy,Healthy,0.9536420071223262,0.04563670785216627,0.0007212850255082046
BANK_019,SCN_0334,Critical,Critical,0.0,0.0002924901185770751,0.999707509881423
BANK_020,SCN_0334,Critical,Critical,0.0002830607837087318,0.17254940539386224,0.8271675338224295
BANK_021,SCN_0334,Stressed,Stressed,0.020122849574939216,0.9299010228195187,0.04997612760554262
BANK_022,SCN_0334,Critical,Critical,0.0,0.2740868408410266,0.7259131591589737
BANK_023,SCN_0334,Healthy,Healthy,0.9758600906116008,0.02387626975343191,0.00026363963496751767
BANK_024,SCN_0334,Healthy,Healthy,0.9516307742438341,0.04709650305175357,0.0012727227044120647
BANK_025,SCN_0334,Healthy,Healthy,0.7873680060723827,0.20936538750333225,0.003266606424284909
BANK_026,SCN_0334,Healthy,Healthy,0.9727943894188825,0.026988333573522497,0.00021727700759520828
BANK_027,SCN_0334,Healthy,Healthy,0.947522314354362,0.05100393766277282,0.001473747982864993
BANK_028,SCN_0334,Stressed,Stressed,0.0058992761122982325,0.9815127748219407,0.012587949065762027
BANK_029,SCN_0334,Stressed,Stressed,0.03018037832057284,0.9436875710627657,0.02613205061666116
BANK_030,SCN_0334,Critical,Critical,0.0,0.00012734584450402144,0.999872654155496
BANK_031,SCN_0334,Healthy,Healthy,0.9897268441349604,0.01009556780690088,0.00017758805813897856
BANK_032,SCN_0334,Healthy,Healthy,0.9862017405881682,0.013789230613241645,9.028798590348542e-06
BANK_033,SCN_0334,Stressed,Stressed,0.08235984954295217,0.8716205648559272,0.04601958560112027
BANK_034,SCN_0334,Healthy,Healthy,0.7931595609570191,0.20350644156520092,0.003333997477780349
BANK_035,SCN_0334,Healthy,Healthy,0.9869905279478076,0.012967958753457671,4.151329873466679e-05
BANK_036,SCN_0334,Healthy,Healthy,0.9771994237595261,0.022665259183474562,0.00013531705699969192
BANK_037,SCN_0334,Healthy,Stressed,0.298446293036838,0.6930546684532525,0.008499038509909351
BANK_038,SCN_0334,Healthy,Healthy,0.8818410765992236,0.1175283248611635,0.0006305985396137407
BANK_039,SCN_0334,Healthy,Healthy,0.9978208234243215,0.002179176575678424,0.0
BANK_040,SCN_0334,Healthy,Healthy,0.9899415965423436,0.010052713557229935,5.689900426742532e-06
BANK_001,SCN_0335,Healthy,Healthy,0.9946047536996356,0.005395246300364603,0.0
BANK_002,SCN_0335,Healthy,Healthy,0.9393019132461065,0.05934665512058104,0.001351431633312454
BANK_003,SCN_0335,Healthy,Healthy,0.8910499612011676,0.10542234822644889,0.0035276905723833616
BANK_004,SCN_0335,Healthy,Healthy,0.9726360701171217,0.02726090318314732,0.00010302669973139381
BANK_005,SCN_0335,Healthy,Healthy,0.9916819059523463,0.008288398461813118,2.9695585840432348e-05
BANK_006,SCN_0335,Stressed,Stressed,0.005137584773580284,0.9943190083881285,0.0005434068382913102
BANK_007,SCN_0335,Healthy,Healthy,0.9929200877145812,0.007069849284545084,1.0063000873779424e-05
BANK_008,SCN_0335,Stressed,Stressed,0.052605850731594475,0.9427996903594236,0.0045944589089819835
BANK_009,SCN_0335,Healthy,Healthy,0.9838331064849491,0.01586447010932288,0.00030242340572809675
BANK_010,SCN_0335,Healthy,Stressed,0.31937710802362757,0.6720250247186598,0.008597867257712288
BANK_011,SCN_0335,Healthy,Healthy,0.9848517795704598,0.015109701370582703,3.85190589574575e-05
BANK_012,SCN_0335,Healthy,Healthy,0.9926490122257272,0.007326834347976874,2.4153426296310142e-05
BANK_013,SCN_0335,Critical,Critical,0.0,0.00016420782552918536,0.9998357921744708
BANK_014,SCN_0335,Stressed,Healthy,0.6027140882988424,0.3919353011074263,0.005350610593731718
BANK_015,SCN_0335,Stressed,Stressed,0.00420970124902555,0.9536085292710689,0.04218176947990586
BANK_016,SCN_0335,Healthy,Healthy,0.9939089757325055,0.005949237581399345,0.0001417866860953764
BANK_017,SCN_0335,Stressed,Stressed,0.053135365341810695,0.920028514083074,0.026836120575116616
BANK_018,SCN_0335,Healthy,Healthy,0.9563761056822397,0.04299914021231272,0.0006247541054478729
BANK_019,SCN_0335,Critical,Critical,0.0,0.0002924901185770751,0.999707509881423
BANK_020,SCN_0335,Critical,Critical,0.0002830607837087318,0.15627327163801663,0.8434436675782747
BANK_021,SCN_0335,Stressed,Stressed,0.020991373755047123,0.9303782253445436,0.048630400900409716
BANK_022,SCN_0335,Critical,Critical,0.0,0.24112294603895226,0.7588770539610488
BANK_023,SCN_0335,Healthy,Healthy,0.9759390734743468,0.023797286890685828,0.00026363963496751767
BANK_024,SCN_0335,Healthy,Healthy,0.9274448869633225,0.07130412946269991,0.0012509835739772824
BANK_025,SCN_0335,Healthy,Healthy,0.7921210413196778,0.20490772848471187,0.0029712301956101826
BANK_026,SCN_0335,Healthy,Healthy,0.9729873197761963,0.026795403216208578,0.00021727700759520828
BANK_027,SCN_0335,Healthy,Healthy,0.9491931362644122,0.049387866155298964,0.0014189975802885038
BANK_028,SCN_0335,Stressed,Stressed,0.005996952113716169,0.9814572040836806,0.012545843802604132
BANK_029,SCN_0335,Stressed,Stressed,0.030148120256056708,0.9437198291272817,0.02613205061666116
BANK_030,SCN_0335,Critical,Critical,0.0,0.00012734584450402144,0.999872654155496
BANK_031,SCN_0335,Healthy,Healthy,0.9899243306699693,0.009898081271891901,0.00017758805813897856
BANK_032,SCN_0335,Healthy,Healthy,0.9867281146659593,0.013262856535450526,9.028798590348542e-06
BANK_033,SCN_0335,Stressed,Stressed,0.0823107911433577,0.8722022729014051,0.04548693595523698
BANK_034,SCN_0335,Healthy,Healthy,0.8146398025060678,0.1824792879819133,0.0028809095120195197
BANK_035,SCN_0335,Healthy,Healthy,0.9866917963612201,0.01326669034004533,4.151329873466679e-05
BANK_036,SCN_0335,Healthy,Healthy,0.9771107803549762,0.022753902588024524,0.00013531705699969192
BANK_037,SCN_0335,Stressed,Stressed,0.43525234301298066,0.5580191071402076,0.006728549846811396
BANK_038,SCN_0335,Healthy,Healthy,0.8866027339029423,0.11282141796002129,0.0005758481370372512
BANK_039,SCN_0335,Healthy,Healthy,0.9978643016851911,0.002135698314808859,0.0
BANK_040,SCN_0335,Healthy,Healthy,0.9899341515166974,0.01006015858287617,5.689900426742532e-06
BANK_001,SCN_0337,Healthy,Healthy,0.9657416221344447,0.0324122307825971,0.001846147082958853
BANK_002,SCN_0337,Healthy,Healthy,0.5239445987460726,0.45508768788685483,0.020967713367072507
BANK_003,SCN_0337,Stressed,Stressed,0.36434728406865047,0.5968307345099221,0.038821981421427114
BANK_004,SCN_0337,Healthy,Healthy,0.7769798432443897,0.21888709296509412,0.0041330637905164
BANK_005,SCN_0337,Healthy,Healthy,0.9832940835441124,0.01561011826320656,0.0010957981926811664
BANK_006,SCN_0337,Stressed,Stressed,0.011081030426021215,0.9835041422179548,0.0054148273560246105
BANK_007,SCN_0337,Healthy,Healthy,0.9859731223392557,0.013870611652809504,0.00015626600793534984
BANK_008,SCN_0337,Stressed,Stressed,0.026005713659176054,0.9545171913925453,0.019477094948278425
BANK_009,SCN_0337,Healthy,Healthy,0.7734329776975877,0.22424297190100592,0.0023240504014061807
BANK_010,SCN_0337,Stressed,Stressed,0.08467693336247507,0.8153933174885897,0.0999297491489353
BANK_011,SCN_0337,Healthy,Healthy,0.9106797750043341,0.0868451970355685,0.0024750279600976566
BANK_012,SCN_0337,Healthy,Healthy,0.9899500677272381,0.009964632556154825,8.529971660745188e-05
BANK_013,SCN_0337,Critical,Critical,0.00016275595570074098,0.0002159087859223079,0.9996213352583769
BANK_014,SCN_0337,Stressed,Stressed,0.16149358170203837,0.7861287478433442,0.05237767045461817
BANK_015,SCN_0337,Critical,Stressed,0.000966685996687346,0.5043193139961419,0.4947140000071706
BANK_016,SCN_0337,Healthy,Healthy,0.9824156629082439,0.017271791254523623,0.00031254583723231246
BANK_017,SCN_0337,Stressed,Stressed,0.02034601308892861,0.6429655704584625,0.3366884164526089
BANK_018,SCN_0337,Stressed,Stressed,0.13906290350541736,0.8454253527443768,0.01551174375020554
BANK_019,SCN_0337,Critical,Critical,0.0003567109204346153,0.0010561696613311372,0.9985871194182343
BANK_020,SCN_0337,Critical,Critical,4.363636363636364e-06,0.05966684982478012,0.9403287865388568
BANK_021,SCN_0337,Stressed,Stressed,0.002311956324653264,0.5406398012925213,0.4570482423828253
BANK_022,SCN_0337,Critical,Critical,0.00016275595570074098,0.02313972118308458,0.976697522861215
BANK_023,SCN_0337,Healthy,Healthy,0.8599021245075531,0.13405775116118793,0.006040124331258992
BANK_024,SCN_0337,Stressed,Stressed,0.015730620326454982,0.9754818860663177,0.008787493607227517
BANK_025,SCN_0337,Stressed,Stressed,0.2636264117675117,0.6865794996009505,0.04979408863153711
BANK_026,SCN_0337,Healthy,Healthy,0.760398599649915,0.22878961637218287,0.010811783977902778
BANK_027,SCN_0337,Stressed,Healthy,0.565989194992326,0.4118934233442942,0.022117381663379513
BANK_028,SCN_0337,Critical,Stressed,0.0011316745241780521,0.6680734118766062,0.33079491359921515
BANK_029,SCN_0337,Critical,Stressed,0.011659905124499607,0.7084601468762035,0.2798799479992965
BANK_030,SCN_0337,Critical,Critical,0.00019720171798062755,0.0012136423191619072,0.9985891559628575
BANK_031,SCN_0337,Healthy,Healthy,0.9638862271621257,0.03254632624637688,0.0035674465914974033
BANK_032,SCN_0337,Healthy,Healthy,0.8804278310553428,0.11698444112763702,0.0025877278170202563
BANK_033,SCN_0337,Critical,Stressed,0.03482071162496839,0.5632494680146072,0.4019298203604241
BANK_034,SCN_0337,Stressed,Stressed,0.21038497263843717,0.7284495404704933,0.06116548689106993
BANK_035,SCN_0337,Healthy,Healthy,0.9582920581142695,0.03861389059607015,0.003094051289660399
BANK_036,SCN_0337,Stressed,Healthy,0.8042125778469691,0.18756021837083012,0.008227203782200682
BANK_037,SCN_0337,Stressed,Stressed,0.09505419599333621,0.8560556007111375,0.04889020329552705
BANK_038,SCN_0337,Healthy,Stressed,0.21759492643927547,0.7605996860774222,0.021805387483302137
BANK_039,SCN_0337,Healthy,Healthy,0.9906907537421544,0.008229057578599971,0.001080188679245283
BANK_040,SCN_0337,Healthy,Healthy,0.912801989484765,0.08680289693174192,0.00039511358349378876
BANK_001,SCN_0342,Healthy,Healthy,0.8109174432870719,0.1865832912753597,0.002499265437569329
BANK_002,SCN_0342,Stressed,Stressed,0.2599425299742862,0.6713050332958505,0.06875243672986364
BANK_003,SCN_0342,Critical,Stressed,0.1663992818983664,0.6956774699573604,0.13792324814427323
BANK_004,SCN_0342,Healthy,Stressed,0.4579949185404465,0.5311453619949394,0.010859719464613716
BANK_005,SCN_0342,Healthy,Healthy,0.9863787267084385,0.012175651777325654,0.0014456215142359366
BANK_006,SCN_0342,Stressed,Stressed,0.00609413303748656,0.9741479481201643,0.019757918842349297
BANK_007,SCN_0342,Healthy,Healthy,0.9892752364912076,0.01064798155654542,7.678195224719102e-05
BANK_008,SCN_0342,Stressed,Stressed,0.012421141597010932,0.9038235802610736,0.08375527814191605
BANK_009,SCN_0342,Stressed,Stressed,0.44399893634294435,0.5515086757937969,0.004492387863259024
BANK_010,SCN_0342,Stressed,Stressed,0.01760587700337891,0.5458846343516537,0.4365094886449672
BANK_011,SCN_0342,Healthy,Healthy,0.6456918039627371,0.34581844747186447,0.00848974856539862
BANK_012,SCN_0342,Healthy,Healthy,0.9916499058578727,0.008271750947258932,7.834319486832145e-05
BANK_013,SCN_0342,Critical,Critical,0.00015950920245398772,0.00018721396049851052,0.9996532768370475
BANK_014,SCN_0342,Stressed,Stressed,0.02835914362165648,0.7514683155571951,0.2201725408211494
BANK_015,SCN_0342,Stressed,Critical,0.0007058191422803329,0.1999971676979826,0.7992970131597368
BANK_016,SCN_0342,Healthy,Healthy,0.9812340130213734,0.018259972965024372,0.0005060140136022505
BANK_017,SCN_0342,Stressed,Critical,0.005175907027348458,0.4486510783627386,0.5461730146099131
BANK_018,SCN_0342,Stressed,Stressed,0.05842915937907105,0.9181718328256104,0.023399007795318588
BANK_019,SCN_0342,Critical,Critical,0.0003567109204346153,0.0009064568503390318,0.9987368322292264
BANK_020,SCN_0342,Critical,Critical,4.363636363636364e-06,0.010856376123240858,0.9891392602403961
BANK_021,SCN_0342,Critical,Critical,0.0006846256520411684,0.42222347877924243,0.5770918955687163
BANK_022,SCN_0342,Critical,Critical,0.00016275595570074098,0.006961452959719342,0.9928757910845804
BANK_023,SCN_0342,Stressed,Stressed,0.05622028089837656,0.9280714168740968,0.015708302227526835
BANK_024,SCN_0342,Stressed,Stressed,0.006796504424755953,0.9731027806516725,0.020100714923571048
BANK_025,SCN_0342,Stressed,Stressed,0.1330452408076628,0.7021155279825229,0.16483923120981486
BANK_026,SCN_0342,Stressed,Stressed,0.415303571191792,0.5639710299607936,0.020725398847414273
BANK_027,SCN_0342,Healthy,Stressed,0.25624109180003674,0.6665717386745261,0.07718716952543798
BANK_028,SCN_0342,Critical,Critical,0.000923821352431635,0.14599044137304282,0.853085737274526
BANK_029,SCN_0342,Stressed,Critical,0.004676473097804836,0.353397314102679,0.6419262127995168
BANK_030,SCN_0342,Critical,Critical,0.00019720171798062755,0.0012136423191619072,0.9985891559628575
BANK_031,SCN_0342,Healthy,Healthy,0.9621014122953515,0.03279582723121195,0.005102760473436665
BANK_032,SCN_0342,Stressed,Stressed,0.052008420143357006,0.9376407318490613,0.010350848007581662
BANK_033,SCN_0342,Critical,Critical,0.01676523315070344,0.3040458467578332,0.6791889200914637
BANK_034,SCN_0342,Stressed,Stressed,0.0664563093837356,0.7512948780535966,0.182248812562668
BANK_035,SCN_0342,Healthy,Healthy,0.9319305341888146,0.06211018146800902,0.005959284343176172
BANK_036,SCN_0342,Healthy,Stressed,0.4283026435740722,0.5573309796737929,0.014366376752135002
BANK_037,SCN_0342,Stressed,Stressed,0.021730849205389955,0.6386275455169145,0.3396416052776959
BANK_038,SCN_0342,Stressed,Stressed,0.03085603755568105,0.895650709316211,0.0734932531281078
BANK_039,SCN_0342,Healthy,Healthy,0.984420382288182,0.014499429032572883,0.001080188679245283
BANK_040,SCN_0342,Healthy,Healthy,0.5482580020887716,0.4483113608053183,0.003430637105910047
BANK_001,SCN_0348,Healthy,Healthy,0.994807476214231,0.005192523785769006,0.0
BANK_002,SCN_0348,Healthy,Healthy,0.9523380222790733,0.046310546087614264,0.001351431633312454
BANK_003,SCN_0348,Healthy,Healthy,0.9236748075831818,0.07302951453506158,0.003295677881756477
BANK_004,SCN_0348,Healthy,Healthy,0.9773017814316304,0.022595191868638845,0.00010302669973139381
BANK_005,SCN_0348,Healthy,Healthy,0.9926417923394285,0.007328512074730712,2.9695585840432348e-05
BANK_006,SCN_0348,Stressed,Stressed,0.007558470570055935,0.9921949841154076,0.00024654531453642537
BANK_007,SCN_0348,Healthy,Healthy,0.993335491997148,0.006654445001978069,1.0063000873779424e-05
BANK_008,SCN_0348,Healthy,Healthy,0.73046145458382,0.26826479208877124,0.0012737533274094228
BANK_009,SCN_0348,Healthy,Healthy,0.9894517125527779,0.010289659661931747,0.0002586277852901405
BANK_010,SCN_0348,Healthy,Healthy,0.700544049453573,0.2969410663397607,0.0025148842066663045
BANK_011,SCN_0348,Healthy,Healthy,0.9861115825001507,0.013849898440892105,3.85190589574575e-05
BANK_012,SCN_0348,Healthy,Healthy,0.993224547414723,0.006751299158981035,2.4153426296310142e-05
BANK_013,SCN_0348,Critical,Critical,0.0,0.00016420782552918536,0.9998357921744708
BANK_014,SCN_0348,Healthy,Healthy,0.8808397384119205,0.11625467698029805,0.0029055846077818176
BANK_015,SCN_0348,Stressed,Stressed,0.007862785752957782,0.9725559343723803,0.01958127987466232
BANK_016,SCN_0348,Healthy,Healthy,0.9941220709043493,0.005736142409555592,0.0001417866860953764
BANK_017,SCN_0348,Stressed,Stressed,0.15296821926580031,0.8271648650231267,0.019866915711073917
BANK_018,SCN_0348,Healthy,Healthy,0.9631086648837932,0.03639150457685939,0.0004998305393478362
BANK_019,SCN_0348,Critical,Critical,0.0,0.00048031496062992123,0.99951968503937
BANK_020,SCN_0348,Stressed,Stressed,0.00042789953113375187,0.7057192838555585,0.2938528166133081
BANK_021,SCN_0348,Stressed,Stressed,0.027967697065157785,0.958850831062578,0.013181471872264183
BANK_022,SCN_0348,Stressed,Stressed,0.0011899236196679967,0.8335986090213712,0.1652114673589608
BANK_023,SCN_0348,Healthy,Healthy,0.9799862891331828,0.01975961018256566,0.00025410068425209644
BANK_024,SCN_0348,Healthy,Healthy,0.9807818825849935,0.01809632333168167,0.0011217940833246117
BANK_025,SCN_0348,Healthy,Healthy,0.8863363025221865,0.11114081049250708,0.002522886985305619
BANK_026,SCN_0348,Healthy,Healthy,0.9765424772918614,0.02324626352449838,0.00021125918364035034
BANK_027,SCN_0348,Healthy,Healthy,0.9611616203259131,0.03741938209379798,0.0014189975802885038
BANK_028,SCN_0348,Stressed,Stressed,0.024611644159064878,0.9665969362502369,0.008791419590698612
BANK_029,SCN_0348,Stressed,Stressed,0.09660202086397662,0.8800848902983877,0.02331308883763622
BANK_030,SCN_0348,Critical,Critical,0.0,0.0005289851887663165,0.9994710148112337
BANK_031,SCN_0348,Healthy,Healthy,0.990317030497262,0.009505381444599356,0.00017758805813897856
BANK_032,SCN_0348,Healthy,Healthy,0.9867587284536774,0.013222393391415762,1.8878154906979613e-05
BANK_033,SCN_0348,Stressed,Stressed,0.13356845758153554,0.8257085324833796,0.04072300993508461
BANK_034,SCN_0348,Healthy,Healthy,0.9093996150760426,0.08816179517400523,0.0024385897499523204
BANK_035,SCN_0348,Healthy,Healthy,0.9891457503378895,0.0108092152366152,4.503442549523017e-05
BANK_036,SCN_0348,Healthy,Healthy,0.9791139761284471,0.020756724638508396,0.000129299233044834
BANK_037,SCN_0348,Healthy,Healthy,0.8483316690526366,0.15131398520565653,0.00035434574170739423
BANK_038,SCN_0348,Healthy,Healthy,0.9628917707999328,0.0369618052549032,0.00014642394516379366
BANK_039,SCN_0348,Healthy,Healthy,0.9974868080067049,0.002444275452707738,6.891654058727268e-05
BANK_040,SCN_0348,Healthy,Healthy,0.9894059002764979,0.010584888696314907,9.211027187305913e-06
BANK_001,SCN_0353,Healthy,Healthy,0.9940845993056454,0.005915400694354685,0.0
BANK_002,SCN_0353,Healthy,Healthy,0.9490858327262052,0.049562735640482365,0.001351431633312454
BANK_003,SCN_0353,Healthy,Healthy,0.9154769426684893,0.08114313308215125,0.003379924249359307
BANK_004,SCN_0353,Healthy,Healthy,0.9765216981510918,0.023375275149177557,0.00010302669973139381
BANK_005,SCN_0353,Healthy,Healthy,0.9925791899167129,0.007391114497446367,2.9695585840432348e-05
BANK_006,SCN_0353,Stressed,Stressed,0.007446061473636407,0.992169614696333,0.00038432383003056994
BANK_007,SCN_0353,Healthy,Healthy,0.9941335854673171,0.005856351531808895,1.0063000873779424e-05
BANK_008,SCN_0353,Stressed,Stressed,0.2437760911112002,0.7535683111559732,0.002655597732825855
BANK_009,SCN_0353,Healthy,Healthy,0.9890764768844913,0.010664895330218265,0.0002586277852901405
BANK_010,SCN_0353,Healthy,Stressed,0.4939830538677063,0.5018473507327945,0.004169595399499124
BANK_011,SCN_0353,Healthy,Healthy,0.9858982574915091,0.014063223449533804,3.85190589574575e-05
BANK_012,SCN_0353,Healthy,Healthy,0.9928198769344743,0.007155969639229912,2.4153426296310142e-05
BANK_013,SCN_0353,Critical,Critical,0.0,0.00016420782552918536,0.9998357921744708
BANK_014,SCN_0353,Healthy,Healthy,0.8079409855700683,0.18908118345454691,0.0029778309753846466
BANK_015,SCN_0353,Stressed,Stressed,0.005057601570252374,0.9740401244358624,0.02090227399388555
BANK_016,SCN_0353,Healthy,Healthy,0.9940812668239412,0.005776946489963633,0.0001417866860953764
BANK_017,SCN_0353,Stressed,Stressed,0.08747234930691568,0.8892853879265401,0.023242262766544744
BANK_018,SCN_0353,Healthy,Healthy,0.9590165768953036,0.04027167702990418,0.0007117460747927833
BANK_019,SCN_0353,Critical,Critical,0.0,0.00048031496062992123,0.99951968503937
BANK_020,SCN_0353,Critical,Stressed,0.00042789953113375187,0.5490866036400064,0.4504854968288599
BANK_021,SCN_0353,Stressed,Stressed,0.02523743031532991,0.9591766742016493,0.015585895483020477
BANK_022,SCN_0353,Critical,Stressed,0.0011899236196679967,0.5788387866649294,0.41997128971540304
BANK_023,SCN_0353,Healthy,Healthy,0.9796690454008715,0.020076853914876965,0.00025410068425209644
BANK_024,SCN_0353,Healthy,Healthy,0.975603511678491,0.023252955107749544,0.0011435332137593943
BANK_025,SCN_0353,Healthy,Healthy,0.871416052509391,0.12594728805021257,0.0026366594403954393
BANK_026,SCN_0353,Healthy,Healthy,0.9764846426742015,0.023304098142158263,0.00021125918364035034
BANK_027,SCN_0353,Healthy,Healthy,0.9595904377081352,0.03899056471157617,0.0014189975802885038
BANK_028,SCN_0353,Stressed,Stressed,0.012025513470636972,0.9783349740827724,0.009639512446591194
BANK_029,SCN_0353,Stressed,Stressed,0.04330342595448606,0.9315003779535991,0.025196196091914203
BANK_030,SCN_0353,Critical,Critical,0.0,0.0005289851887663165,0.9994710148112337
BANK_031,SCN_0353,Healthy,Healthy,0.990275055098244,0.009547356843617537,0.00017758805813897856
BANK_032,SCN_0353,Healthy,Healthy,0.9839505917015382,0.016030530143554947,1.8878154906979613e-05
BANK_033,SCN_0353,Stressed,Stressed,0.08769425615910996,0.8676641139403164,0.04464162990057317
BANK_034,SCN_0353,Healthy,Healthy,0.8606582582211804,0.13632945497854465,0.0030122868002751962
BANK_035,SCN_0353,Healthy,Healthy,0.989276533385308,0.01067843218919681,4.503442549523017e-05
BANK_036,SCN_0353,Healthy,Healthy,0.9791853953703312,0.020685305396624293,0.000129299233044834
BANK_037,SCN_0353,Healthy,Healthy,0.6123824193358434,0.3845980122033656,0.003019568460791645
BANK_038,SCN_0353,Healthy,Healthy,0.9483271593439108,0.051526416710925414,0.00014642394516379366
BANK_039,SCN_0353,Healthy,Healthy,0.9975066099869029,0.002424473472509718,6.891654058727268e-05
BANK_040,SCN_0353,Healthy,Healthy,0.9896985473258423,0.010292241646970526,9.211027187305913e-06
BANK_001,SCN_0357,Healthy,Healthy,0.993307911277916,0.006692088722084096,0.0
BANK_002,SCN_0357,Healthy,Healthy,0.9331757328075085,0.06541808515660218,0.0014061820358889435
BANK_003,SCN_0357,Healthy,Healthy,0.8723379506091656,0.1239527550448659,0.003709294345968267
BANK_004,SCN_0357,Healthy,Healthy,0.9711906049630137,0.028706368337255254,0.00010302669973139381
BANK_005,SCN_0357,Healthy,Healthy,0.9912633464472267,0.008706957966932742,2.9695585840432348e-05
BANK_006,SCN_0357,Stressed,Stressed,0.005735756004587471,0.9937208371571213,0.0005434068382913102
BANK_007,SCN_0357,Healthy,Healthy,0.9903950010645513,0.009594935934574994,1.0063000873779424e-05
BANK_008,SCN_0357,Stressed,Stressed,0.04763912605187227,0.9474176175896715,0.004943256358456217
BANK_009,SCN_0357,Healthy,Healthy,0.9834094422573554,0.016288134336916497,0.00030242340572809675
BANK_010,SCN_0357,Stressed,Stressed,0.2760418008808766,0.713820743076689,0.01013745604243387
BANK_011,SCN_0357,Healthy,Healthy,0.9809543131202849,0.019007167820757738,3.85190589574575e-05
BANK_012,SCN_0357,Healthy,Healthy,0.9930302781305445,0.006945568443159613,2.4153426296310142e-05
BANK_013,SCN_0357,Critical,Critical,0.0,0.00016420782552918536,0.9998357921744708
BANK_014,SCN_0357,Stressed,Healthy,0.5302227364632649,0.46394673254407043,0.005830530992664644
BANK_015,SCN_0357,Stressed,Stressed,0.004166631549773563,0.9092120942590622,0.08662127419116482
BANK_016,SCN_0357,Healthy,Healthy,0.9935024809339058,0.006355732379998939,0.0001417866860953764
BANK_017,SCN_0357,Stressed,Stressed,0.0428891862807089,0.9290354301364686,0.02807538358282332
BANK_018,SCN_0357,Healthy,Healthy,0.9459107167029132,0.05336799827157907,0.0007212850255082046
BANK_019,SCN_0357,Critical,Critical,0.0,0.0002924901185770751,0.999707509881423
BANK_020,SCN_0357,Stressed,Critical,0.0002830607837087318,0.16017396535743475,0.8395429738588567
BANK_021,SCN_0357,Stressed,Stressed,0.01977258465965535,0.9287454619431881,0.0514819533971571
BANK_022,SCN_0357,Critical,Critical,0.0,0.2746848359596202,0.7253151640403799
BANK_023,SCN_0357,Healthy,Healthy,0.9730240241653937,0.0267123361996388,0.00026363963496751767
BANK_024,SCN_0357,Healthy,Healthy,0.9499650072201351,0.04876227007545254,0.0012727227044120647
BANK_025,SCN_0357,Healthy,Healthy,0.6966159047975107,0.29952534817031806,0.0038587470321709985
BANK_026,SCN_0357,Healthy,Healthy,0.9717331636067156,0.028049559385689135,0.00021727700759520828
BANK_027,SCN_0357,Healthy,Healthy,0.929343341248022,0.06918291076911241,0.001473747982864993
BANK_028,SCN_0357,Stressed,Stressed,0.005880502785691544,0.9815098090181126,0.012609688196196808
BANK_029,SCN_0357,Stressed,Stressed,0.030007653108862872,0.9437482962744754,0.026244050616661158
BANK_030,SCN_0357,Critical,Critical,0.0,0.00012734584450402144,0.999872654155496
BANK_031,SCN_0357,Healthy,Healthy,0.9891455950596487,0.010676816882212555,0.00017758805813897856
BANK_032,SCN_0357,Healthy,Healthy,0.9844692531895617,0.015521718011848016,9.028798590348542e-06
BANK_033,SCN_0357,Stressed,Stressed,0.08203300014461708,0.871484833075815,0.046482166779567576
BANK_034,SCN_0357,Stressed,Healthy,0.7161442781934205,0.2805089038159791,0.003346817990600862
BANK_035,SCN_0357,Healthy,Healthy,0.9850784409423493,0.014880045758915987,4.151329873466679e-05
BANK_036,SCN_0357,Healthy,Healthy,0.9764656334500497,0.023399049492951084,0.00013531705699969192
BANK_037,SCN_0357,Stressed,Stressed,0.30279293814305624,0.6887080233470343,0.008499038509909351
BANK_038,SCN_0357,Healthy,Healthy,0.8721175642552876,0.12725183720509947,0.0006305985396137407
BANK_039,SCN_0357,Healthy,Healthy,0.9976086244572714,0.0023913755427284323,0.0
BANK_040,SCN_0357,Healthy,Healthy,0.9888325776007622,0.01116173249881119,5.689900426742532e-06
BANK_001,SCN_0362,Healthy,Healthy,0.9948010659578209,0.005198934042179263,0.0
BANK_002,SCN_0362,Healthy,Healthy,0.9527966161538403,0.04585195221284733,0.001351431633312454
BANK_003,SCN_0362,Healthy,Healthy,0.9225069780926439,0.07413966960699483,0.0033533523003611283
BANK_004,SCN_0362,Healthy,Healthy,0.9773215834118283,0.022575389888440822,0.00010302669973139381
BANK_005,SCN_0362,Healthy,Healthy,0.9926615943196265,0.007308710094532692,2.9695585840432348e-05
BANK_006,SCN_0362,Stressed,Stressed,0.0069647843002250374,0.9926654638187425,0.00036975188103239133
BANK_007,SCN_0362,Healthy,Healthy,0.9941331352316055,0.0058568017675205315,1.0063000873779424e-05
BANK_008,SCN_0362,Stressed,Stressed,0.35335850999029444,0.6445441297782626,0.002097360231441944
BANK_009,SCN_0362,Healthy,Healthy,0.9894453022963676,0.010296069918342005,0.0002586277852901405
BANK_010,SCN_0362,Healthy,Healthy,0.6660682775556271,0.33125010198161714,0.002681620462755379
BANK_011,SCN_0362,Healthy,Healthy,0.9860875888599107,0.013873892081132043,3.85190589574575e-05
BANK_012,SCN_0362,Healthy,Healthy,0.993224547414723,0.006751299158981035,2.4153426296310142e-05
BANK_013,SCN_0362,Critical,Critical,0.0,0.00016420782552918536,0.9998357921744708
BANK_014,SCN_0362,Healthy,Healthy,0.8640923325253486,0.13294440844826547,0.0029632590263864683
BANK_015,SCN_0362,Stressed,Stressed,0.005035056433558638,0.9743296151792505,0.020635328387190992
BANK_016,SCN_0362,Healthy,Healthy,0.9941418728845474,0.005716340429357572,0.0001417866860953764
BANK_017,SCN_0362,Stressed,Stressed,0.08932915843349577,0.8884347133550691,0.0222361282114361
BANK_018,SCN_0362,Healthy,Healthy,0.9631284668639912,0.03637170259666137,0.0004998305393478362
BANK_019,SCN_0362,Critical,Critical,0.0,0.00048031496062992123,0.99951968503937
BANK_020,SCN_0362,Critical,Critical,0.00042789953113375187,0.38311015405691384,0.6164619464119527
BANK_021,SCN_0362,Stressed,Stressed,0.022819032955151544,0.9627203450308863,0.014460622013962043
BANK_022,SCN_0362,Stressed,Critical,0.0011899236196679967,0.4815909691658745,0.5172191072144575
BANK_023,SCN_0362,Healthy,Healthy,0.9799862891331828,0.01975961018256566,0.00025410068425209644
BANK_024,SCN_0362,Healthy,Healthy,0.9808016845651916,0.01807652135148365,0.0011217940833246117
BANK_025,SCN_0362,Healthy,Healthy,0.8815591317758353,0.11591798123885835,0.002522886985305619
BANK_026,SCN_0362,Healthy,Healthy,0.9765360670354511,0.02325267378090864,0.00021125918364035034
BANK_027,SCN_0362,Healthy,Healthy,0.9615192328388726,0.03706176958083863,0.0014189975802885038
BANK_028,SCN_0362,Stressed,Stressed,0.010950644385957515,0.9795672082845424,0.00948214732950036
BANK_029,SCN_0362,Stressed,Stressed,0.04520922123341973,0.929638647335034,0.025152131431545762
BANK_030,SCN_0362,Critical,Critical,0.0,0.0005289851887663165,0.9994710148112337
BANK_031,SCN_0362,Healthy,Healthy,0.9903256592931026,0.009496752648758879,0.00017758805813897856
BANK_032,SCN_0362,Healthy,Healthy,0.9866710091554317,0.013310112689661377,1.8878154906979613e-05
BANK_033,SCN_0362,Stressed,Stressed,0.08698826892777071,0.8688332868010377,0.044178444271191164
BANK_034,SCN_0362,Healthy,Healthy,0.9056757000656438,0.09185230726164854,0.0024719926727080617
BANK_035,SCN_0362,Healthy,Healthy,0.989134577153532,0.010820388420972743,4.503442549523017e-05
BANK_036,SCN_0362,Healthy,Healthy,0.9791139761284471,0.020756724638508396,0.000129299233044834
BANK_037,SCN_0362,Healthy,Healthy,0.8188653384941631,0.18026064877900624,0.0008740127268309099
BANK_038,SCN_0362,Healthy,Healthy,0.9608257457492078,0.039027830305628335,0.00014642394516379366
BANK_039,SCN_0362,Healthy,Healthy,0.9975066099869029,0.002424473472509718,6.891654058727268e-05
BANK_040,SCN_0362,Healthy,Healthy,0.9895392336098312,0.010451555362981575,9.211027187305913e-06
BANK_001,SCN_0363,Healthy,Healthy,0.8867086700000695,0.11114188788391662,0.0021494421160145587
BANK_002,SCN_0363,Stressed,Stressed,0.2868814700794404,0.6507536032023286,0.06236492671823115
BANK_003,SCN_0363,Stressed,Stressed,0.19205006632815566,0.6870916947478978,0.12085823892394659
BANK_004,SCN_0363,Healthy,Stressed,0.4940823194461803,0.4968414993376499,0.009076181216169722
BANK_005,SCN_0363,Healthy,Healthy,0.9871520776015721,0.011752124205746827,0.0010957981926811664
BANK_006,SCN_0363,Stressed,Stressed,0.008093990837631624,0.9740384857202855,0.01786752344208314
BANK_007,SCN_0363,Healthy,Healthy,0.9889568166837565,0.010966401363996488,7.678195224719102e-05
BANK_008,SCN_0363,Stressed,Stressed,0.012842366398206292,0.9099625941281226,0.07719503947367151
BANK_009,SCN_0363,Stressed,Stressed,0.4768001491847447,0.5194510068534294,0.0037488439618260897
BANK_010,SCN_0363,Stressed,Stressed,0.021370967061169664,0.6417008222685333,0.3369282106702971
BANK_011,SCN_0363,Healthy,Healthy,0.6972356489904978,0.29565803734918783,0.007106313660314985
BANK_012,SCN_0363,Healthy,Healthy,0.9918354641436448,0.008086192661486871,7.834319486832145e-05
BANK_013,SCN_0363,Critical,Critical,0.00015950920245398772,0.00018721396049851052,0.9996532768370475
BANK_014,SCN_0363,Stressed,Stressed,0.03082984426352952,0.6961710533914679,0.272999102345003
BANK_015,SCN_0363,Stressed,Critical,0.0007058191422803329,0.19055634004022376,0.8087378408174957
BANK_016,SCN_0363,Healthy,Healthy,0.9808404673277983,0.018653518658599332,0.0005060140136022505
BANK_017,SCN_0363,Critical,Critical,0.005194112660160815,0.34240051570901053,0.6524053716308281
BANK_018,SCN_0363,Stressed,Stressed,0.06076124305214725,0.9167593805711427,0.022479376376710065
BANK_019,SCN_0363,Critical,Critical,0.0003567109204346153,0.0009064568503390318,0.9987368322292264
BANK_020,SCN_0363,Critical,Critical,4.363636363636364e-06,0.026152897597903794,0.9738427387657329
BANK_021,SCN_0363,Stressed,Critical,0.0003538299575115683,0.26380394253759004,0.7358422275048989
BANK_022,SCN_0363,Critical,Critical,0.00016275595570074098,0.021433725273937193,0.9784035187703625
BANK_023,SCN_0363,Stressed,Stressed,0.10678493722799602,0.8791824997364656,0.014032563035538901
BANK_024,SCN_0363,Stressed,Stressed,0.006810099195997782,0.9729808093343961,0.02020909146960574
BANK_025,SCN_0363,Healthy,Stressed,0.1401854273348761,0.7155428518414795,0.14427172082364462
BANK_026,SCN_0363,Stressed,Stressed,0.46258978828855896,0.5188329627301266,0.018577248981314277
BANK_027,SCN_0363,Stressed,Stressed,0.27247279415721287,0.655982290983374,0.07154491485941385
BANK_028,SCN_0363,Critical,Critical,0.0009821546857649683,0.22608338579663953,0.7729344595175964
BANK_029,SCN_0363,Stressed,Critical,0.004687126153448094,0.33782743459502157,0.657485439251531
BANK_030,SCN_0363,Critical,Critical,0.00019720171798062755,0.0012136423191619072,0.9985891559628575
BANK_031,SCN_0363,Healthy,Healthy,0.9612794438285717,0.033617795697991726,0.005102760473436665
BANK_032,SCN_0363,Stressed,Stressed,0.12947733628993147,0.860835540459243,0.009687123250825339
BANK_033,SCN_0363,Critical,Critical,0.019000505751499808,0.35345003119150203,0.6275494630569984
BANK_034,SCN_0363,Stressed,Stressed,0.06916448711440722,0.7507937245093548,0.1800417883762383
BANK_035,SCN_0363,Healthy,Healthy,0.937096656873332,0.05739204161424904,0.005511301512418948
BANK_036,SCN_0363,Healthy,Healthy,0.5039512617469696,0.4827908666985486,0.013257871554481849
BANK_037,SCN_0363,Stressed,Stressed,0.022109294573583595,0.6148646028521525,0.3630261025742641
BANK_038,SCN_0363,Stressed,Stressed,0.03260777412919071,0.8983509039111215,0.06904132195968767
BANK_039,SCN_0363,Healthy,Healthy,0.9767228319821364,0.02219697933861832,0.001080188679245283
BANK_040,SCN_0363,Healthy,Healthy,0.5886893388716377,0.40852398889135294,0.002786672237009559
BANK_001,SCN_0372,Healthy,Healthy,0.9657416221344447,0.0324122307825971,0.001846147082958853
BANK_002,SCN_0372,Stressed,Healthy,0.5401940932303312,0.4401754566101731,0.019630450159495483
BANK_003,SCN_0372,Stressed,Stressed,0.38198576309204935,0.5825857856698489,0.035428451238101344
BANK_004,SCN_0372,Healthy,Healthy,0.7824275477826775,0.21380174012398617,0.003770712093336636
BANK_005,SCN_0372,Healthy,Healthy,0.9832683635802131,0.015635838227105896,0.0010957981926811664
BANK_006,SCN_0372,Stressed,Stressed,0.009646096697435495,0.9852872512122615,0.005066652090303669
BANK_007,SCN_0372,Healthy,Healthy,0.9851445995552968,0.014699134436768556,0.00015626600793534984
BANK_008,SCN_0372,Stressed,Stressed,0.02620255326988399,0.9551160017405966,0.018681444989519184
BANK_009,SCN_0372,Healthy,Healthy,0.7766169259500795,0.22110032799634036,0.0022827460535800935
BANK_010,SCN_0372,Stressed,Stressed,0.08624216701892279,0.8180279031486501,0.09572992983242731
BANK_011,SCN_0372,Healthy,Healthy,0.9126788654140227,0.08487110662587989,0.0024500279600976568
BANK_012,SCN_0372,Healthy,Healthy,0.9892321408801736,0.010682559403219164,8.529971660745188e-05
BANK_013,SCN_0372,Critical,Critical,0.00016275595570074098,0.0002159087859223079,0.9996213352583769
BANK_014,SCN_0372,Stressed,Stressed,0.17483116527028159,0.7750190160644477,0.05014981866527145
BANK_015,SCN_0372,Stressed,Stressed,0.0010241050131589813,0.4999886313187426,0.4989872636680983
BANK_016,SCN_0372,Healthy,Healthy,0.9819241767862595,0.017763277376508006,0.00031254583723231246
BANK_017,SCN_0372,Stressed,Stressed,0.021758195908721335,0.7290551930937091,0.2491866109975699
BANK_018,SCN_0372,Stressed,Stressed,0.16286865434956752,0.8220821298841682,0.015049215766264005
BANK_019,SCN_0372,Critical,Critical,0.0002980471507442296,0.0006792006227651407,0.9990227522264906
BANK_020,SCN_0372,Critical,Critical,4.363636363636364e-06,0.059962449191018015,0.9400331871726189
BANK_021,SCN_0372,Critical,Stressed,0.00243836893692651,0.5468349627598572,0.4507266683032162
BANK_022,SCN_0372,Critical,Critical,0.00016275595570074098,0.02340953232163965,0.97642771172266
BANK_023,SCN_0372,Healthy,Healthy,0.8665178186372521,0.12785796499193852,0.0056242163708095875
BANK_024,SCN_0372,Stressed,Stressed,0.018893663272380005,0.9723883006741098,0.008718036053510346
BANK_025,SCN_0372,Stressed,Stressed,0.27877615042643306,0.6746955053013567,0.04652834427221009
BANK_026,SCN_0372,Stressed,Healthy,0.7748484681598942,0.21542413286215847,0.009727398977947856
BANK_027,SCN_0372,Stressed,Healthy,0.5649886357660601,0.41567846669250835,0.01933289754143158
BANK_028,SCN_0372,Stressed,Stressed,0.001529315749585765,0.670947050450264,0.32752363380014976
BANK_029,SCN_0372,Critical,Stressed,0.01303070531206505,0.7639619734997627,0.22300732118817174
BANK_030,SCN_0372,Critical,Critical,0.00013853794829024187,0.0008366732805959105,0.9990247887711139
BANK_031,SCN_0372,Healthy,Healthy,0.9626867662259818,0.03374578718252093,0.0035674465914974033
BANK_032,SCN_0372,Healthy,Healthy,0.8889847011737585,0.10884376564692357,0.0021715331793179774
BANK_033,SCN_0372,Stressed,Stressed,0.03677619330302455,0.5853590934821187,0.37786471321485654
BANK_034,SCN_0372,Stressed,Stressed,0.22676456393251512,0.7133864893522534,0.0598489467152319
BANK_035,SCN_0372,Healthy,Healthy,0.9581743850775762,0.038731563632763526,0.003094051289660399
BANK_036,SCN_0372,Stressed,Healthy,0.8123736109444144,0.17982853864560644,0.007797850409979041
BANK_037,SCN_0372,Stressed,Stressed,0.0966648675032337,0.8554419943909523,0.047893138105814796
BANK_038,SCN_0372,Stressed,Stressed,0.22957250599289358,0.749589945051379,0.020837548955726922
BANK_039,SCN_0372,Healthy,Healthy,0.990574480151308,0.008345331169446493,0.001080188679245283
BANK_040,SCN_0372,Healthy,Healthy,0.9174420360410394,0.08224140663873716,0.00031655732022414974
BANK_001,SCN_0375,Healthy,Healthy,0.9817851072007692,0.018186230378849054,2.8662420382165606e-05
BANK_002,SCN_0375,Stressed,Healthy,0.8337489080097292,0.16152446581913252,0.004726626171138607
BANK_003,SCN_0375,Stressed,Healthy,0.7023243290870351,0.28665628405829063,0.011019386854674108
BANK_004,SCN_0375,Healthy,Healthy,0.9017894126177985,0.09787447184789894,0.00033611553430253706
BANK_005,SCN_0375,Healthy,Healthy,0.9836547406823309,0.01631556373182832,2.9695585840432348e-05
BANK_006,SCN_0375,Stressed,Stressed,0.009656923263307872,0.989500297698528,0.0008427790381641903
BANK_007,SCN_0375,Healthy,Healthy,0.9868675885426462,0.013122348456479985,1.0063000873779424e-05
BANK_008,SCN_0375,Stressed,Stressed,0.052487615753933875,0.9379660781775024,0.00954630606856304
BANK_009,SCN_0375,Healthy,Healthy,0.9018888963548773,0.09780036999008708,0.0003107336550355759
BANK_010,SCN_0375,Stressed,Stressed,0.16951900337706283,0.8075341452704967,0.022946851352439727
BANK_011,SCN_0375,Healthy,Healthy,0.967596051478222,0.03231166844600488,9.228007577328724e-05
BANK_012,SCN_0375,Healthy,Healthy,0.9850928357002846,0.014883010873419665,2.4153426296310142e-05
BANK_013,SCN_0375,Critical,Critical,0.0,0.00016420782552918536,0.9998357921744708
BANK_014,SCN_0375,Healthy,Stressed,0.4037143107573656,0.5828298015197739,0.013455887722860308
BANK_015,SCN_0375,Stressed,Stressed,0.004095339049549424,0.8870751907589054,0.10882947019154608
BANK_016,SCN_0375,Healthy,Healthy,0.9873128148184298,0.012545398495474735,0.0001417866860953764
BANK_017,SCN_0375,Stressed,Stressed,0.03877346712053405,0.9145366557399077,0.04668987713955899
BANK_018,SCN_0375,Healthy,Healthy,0.6775561547852804,0.32018788553999056,0.002255959674729691
BANK_019,SCN_0375,Critical,Critical,0.0,0.00011749503183178578,0.9998825049681682
BANK_020,SCN_0375,Stressed,Critical,0.0002571428571428571,0.12074004777535496,0.8790028093675021
BANK_021,SCN_0375,Stressed,Stressed,0.013224995232069846,0.75273406744281,0.2340409373251199
BANK_022,SCN_0375,Critical,Critical,0.0,0.08406543946619759,0.9159345605338018
BANK_023,SCN_0375,Healthy,Healthy,0.9599271646853079,0.03955488605094683,0.0005179492637452316
BANK_024,SCN_0375,Healthy,Healthy,0.5598539345214608,0.43735267668096245,0.002793388797577397
BANK_025,SCN_0375,Healthy,Healthy,0.5528261028939166,0.43300509880732824,0.014168798298755132
BANK_026,SCN_0375,Healthy,Healthy,0.927175862828556,0.07260686016384844,0.00021727700759520828
BANK_027,SCN_0375,Healthy,Healthy,0.8418196808655171,0.15494864110686668,0.003231678027615723
BANK_028,SCN_0375,Stressed,Stressed,0.004579543422376314,0.9402154731137575,0.05520498346386737
BANK_029,SCN_0375,Stressed,Stressed,0.026811392210283724,0.9332667499789777,0.03992185781073834
BANK_030,SCN_0375,Critical,Critical,0.0,0.00012734584450402144,0.999872654155496
BANK_031,SCN_0375,Healthy,Healthy,0.9810045179178191,0.01872720189993714,0.0002682801822439905
BANK_032,SCN_0375,Healthy,Healthy,0.9727201747257397,0.027196550535994516,8.327473826552254e-05
BANK_033,SCN_0375,Stressed,Stressed,0.07570423164359254,0.8562266181881829,0.06806915016822393
BANK_034,SCN_0375,Stressed,Healthy,0.5278957413406524,0.45685486552224325,0.01524939313710432
BANK_035,SCN_0375,Healthy,Healthy,0.9746563763492996,0.024556063429798186,0.0007875602209021496
BANK_036,SCN_0375,Healthy,Healthy,0.9440262375486442,0.05554810979663325,0.000425652654722565
BANK_037,SCN_0375,Stressed,Stressed,0.2262499787584692,0.7551944330528356,0.01855558818869517
BANK_038,SCN_0375,Healthy,Healthy,0.6537059792348964,0.3413264118625155,0.004967608902588815
BANK_039,SCN_0375,Healthy,Healthy,0.9915164678357883,0.008483532164211762,0.0
BANK_040,SCN_0375,Healthy,Healthy,0.976139062532332,0.023855247567241035,5.689900426742532e-06
BANK_001,SCN_0378,Healthy,Healthy,0.7496968231235132,0.24773174649046437,0.0025714303860229376
BANK_002,SCN_0378,Stressed,Stressed,0.25239061734895984,0.675217829135925,0.07239155351511549
BANK_003,SCN_0378,Stressed,Stressed,0.16637115778413228,0.6935238159481317,0.14010502626773594
BANK_004,SCN_0378,Healthy,Stressed,0.4238423769725386,0.5641637898851707,0.011993833142290364
BANK_005,SCN_0378,Healthy,Healthy,0.9861943555240673,0.01236002296169684,0.0014456215142359366
BANK_006,SCN_0378,Stressed,Stressed,0.005804581946343542,0.9763670146575564,0.017828403396100014
BANK_007,SCN_0378,Healthy,Healthy,0.9895418810332499,0.010297045826763619,0.00016107313998665461
BANK_008,SCN_0378,Stressed,Stressed,0.011639561607506864,0.9050122962856709,0.08334814210682263
BANK_009,SCN_0378,Stressed,Stressed,0.33415257288668776,0.6610980995227348,0.004749327590577645
BANK_010,SCN_0378,Stressed,Critical,0.014588552149129373,0.3469099224584668,0.6385015253924036
BANK_011,SCN_0378,Healthy,Stressed,0.4903838319216859,0.4998589549450333,0.009757213133280667
BANK_012,SCN_0378,Healthy,Healthy,0.9906059018845036,0.009315754920628048,7.834319486832145e-05
BANK_013,SCN_0378,Critical,Critical,0.00015950920245398772,0.00018721396049851052,0.9996532768370475
BANK_014,SCN_0378,Critical,Stressed,0.025729701382409976,0.6870461282644758,0.2872241703531144
BANK_015,SCN_0378,Stressed,Critical,0.0007058191422803329,0.04984425710968042,0.9494499237480394
BANK_016,SCN_0378,Healthy,Healthy,0.980944298904073,0.01846539589458523,0.0005903052013417141
BANK_017,SCN_0378,Critical,Critical,0.0048114622156598804,0.3495463875655267,0.6456421502188131
BANK_018,SCN_0378,Stressed,Stressed,0.05770297772212759,0.9168231139626264,0.02547390831524604
BANK_019,SCN_0378,Critical,Critical,0.0003567109204346153,0.0009064568503390318,0.9987368322292264
BANK_020,SCN_0378,Critical,Critical,4.363636363636364e-06,0.010797798717383119,0.9891978376462538
BANK_021,SCN_0378,Critical,Critical,0.0006665868161171038,0.204371464035654,0.7949619491482292
BANK_022,SCN_0378,Critical,Critical,0.00016275595570074098,0.006832218585515275,0.9930050254587844
BANK_023,SCN_0378,Stressed,Stressed,0.054723374555881416,0.9298849382715255,0.015391687172593245
BANK_024,SCN_0378,Stressed,Stressed,0.006334293681085327,0.958816542422538,0.03484916389637605
BANK_025,SCN_0378,Healthy,Stressed,0.12762888496808442,0.7106075123655647,0.16176360266635137
BANK_026,SCN_0378,Healthy,Stressed,0.36826104310554814,0.6110011565998749,0.020737800294576794
BANK_027,SCN_0378,Stressed,Stressed,0.25016963271305703,0.6644434806219873,0.0853868866649562
BANK_028,SCN_0378,Critical,Critical,0.000923821352431635,0.19687367052463023,0.8022025081229378
BANK_029,SCN_0378,Critical,Critical,0.004446563990024808,0.27360497938311457,0.7219484566268609
BANK_030,SCN_0378,Critical,Critical,0.00019720171798062755,0.0012136423191619072,0.9985891559628575
BANK_031,SCN_0378,Healthy,Healthy,0.9617604161267691,0.03305253221205487,0.005187051661176128
BANK_032,SCN_0378,Stressed,Stressed,0.05146696897889768,0.9384611641979708,0.010071866823131504
BANK_033,SCN_0378,Stressed,Critical,0.016422182273099977,0.2927075658584633,0.6908702518684369
BANK_034,SCN_0378,Stressed,Stressed,0.05737727596461496,0.7070359935982495,0.2355867304371356
BANK_035,SCN_0378,Healthy,Healthy,0.9319333545303836,0.062023069938700694,0.006043575530915636
BANK_036,SCN_0378,Stressed,Stressed,0.43095918569113845,0.5535466544830207,0.015494159825840894
BANK_037,SCN_0378,Stressed,Stressed,0.020517901791283513,0.536016226027924,0.4434658721807928
BANK_038,SCN_0378,Stressed,Stressed,0.028184890288425087,0.8953893928505349,0.07642571686104019
BANK_039,SCN_0378,Healthy,Healthy,0.984420382288182,0.014499429032572883,0.001080188679245283
BANK_040,SCN_0378,Healthy,Stressed,0.40182580382991956,0.5943523492201485,0.0038218469499319277
BANK_001,SCN_0382,Healthy,Healthy,0.9817851072007692,0.018186230378849054,2.8662420382165606e-05
BANK_002,SCN_0382,Healthy,Healthy,0.8318206540414753,0.16345271978738643,0.004726626171138607
BANK_003,SCN_0382,Stressed,Healthy,0.6997351892248486,0.289245423920477,0.011019386854674108
BANK_004,SCN_0382,Stressed,Healthy,0.9043457832741693,0.09531810119152823,0.00033611553430253706
BANK_005,SCN_0382,Healthy,Healthy,0.9836547406823309,0.01631556373182832,2.9695585840432348e-05
BANK_006,SCN_0382,Stressed,Stressed,0.009788902958739345,0.9893683180030965,0.0008427790381641903
BANK_007,SCN_0382,Healthy,Healthy,0.9868675885426462,0.013122348456479985,1.0063000873779424e-05
BANK_008,SCN_0382,Stressed,Stressed,0.052487615753933875,0.9379660781775024,0.00954630606856304
BANK_009,SCN_0382,Healthy,Healthy,0.9098888963548775,0.08980036999008705,0.0003107336550355759
BANK_010,SCN_0382,Healthy,Stressed,0.17751728806641812,0.7994108605811413,0.023071851352439728
BANK_011,SCN_0382,Healthy,Healthy,0.9708817657639364,0.029025954160290593,9.228007577328724e-05
BANK_012,SCN_0382,Healthy,Healthy,0.9870928357002846,0.012883010873419665,2.4153426296310142e-05
BANK_013,SCN_0382,Critical,Critical,0.0,0.00016420782552918536,0.9998357921744708
BANK_014,SCN_0382,Stressed,Stressed,0.4054283379066868,0.5809745978998645,0.013597064193448541
BANK_015,SCN_0382,Stressed,Stressed,0.004095339049549424,0.8870751907589054,0.10882947019154608
BANK_016,SCN_0382,Healthy,Healthy,0.9873128148184298,0.012545398495474735,0.0001417866860953764
BANK_017,SCN_0382,Stressed,Stressed,0.03877346712053405,0.9145366557399077,0.04668987713955899
BANK_018,SCN_0382,Stressed,Healthy,0.7209919111637987,0.2767521291614723,0.002255959674729691
BANK_019,SCN_0382,Critical,Critical,0.0,0.00011749503183178578,0.9998825049681682
BANK_020,SCN_0382,Critical,Critical,0.0002571428571428571,0.135436139385735,0.8643067177571221
BANK_021,SCN_0382,Stressed,Stressed,0.013224995232069846,0.75273406744281,0.2340409373251199
BANK_022,SCN_0382,Critical,Critical,0.0,0.08651260928274083,0.9134873907172587
BANK_023,SCN_0382,Healthy,Healthy,0.9602913103435714,0.039190740392683526,0.0005179492637452316
BANK_024,SCN_0382,Stressed,Healthy,0.5641762062453058,0.43303040495711753,0.002793388797577397
BANK_025,SCN_0382,Stressed,Healthy,0.5538261028939166,0.4320050988073283,0.014168798298755132
BANK_026,SCN_0382,Healthy,Healthy,0.9291758628285561,0.07060686016384844,0.00021727700759520828
BANK_027,SCN_0382,Healthy,Healthy,0.8341412098811637,0.16262711209122002,0.003231678027615723
BANK_028,SCN_0382,Stressed,Stressed,0.004579543422376314,0.9410726159709003,0.054347840606724505
BANK_029,SCN_0382,Stressed,Stressed,0.026811392210283724,0.9332667499789777,0.03992185781073834
BANK_030,SCN_0382,Critical,Critical,0.0,0.00012734584450402144,0.999872654155496
BANK_031,SCN_0382,Healthy,Healthy,0.9810045179178191,0.01872720189993714,0.0002682801822439905
BANK_032,SCN_0382,Healthy,Healthy,0.973005889011454,0.02691083625028023,8.327473826552254e-05
BANK_033,SCN_0382,Stressed,Stressed,0.07548227235125406,0.854308136116188,0.07020959153255708
BANK_034,SCN_0382,Healthy,Healthy,0.5285452037062438,0.4562054031566518,0.01524939313710432
BANK_035,SCN_0382,Healthy,Healthy,0.9746563763492996,0.024556063429798186,0.0007875602209021496
BANK_036,SCN_0382,Healthy,Healthy,0.9443119518343586,0.05526239551091896,0.000425652654722565
BANK_037,SCN_0382,Stressed,Stressed,0.22516576331637703,0.7561536484949278,0.01868058818869517
BANK_038,SCN_0382,Healthy,Healthy,0.6648007844297015,0.33023160666771034,0.004967608902588815
BANK_039,SCN_0382,Healthy,Healthy,0.9915164678357883,0.008483532164211762,0.0
BANK_040,SCN_0382,Healthy,Healthy,0.9764247768180463,0.023569533281526753,5.689900426742532e-06
BANK_001,SCN_0385,Healthy,Healthy,0.9642312745094451,0.03392257840759677,0.001846147082958853
BANK_002,SCN_0385,Healthy,Healthy,0.50187475579734,0.4744177430630934,0.023707501139566288
BANK_003,SCN_0385,Healthy,Stressed,0.35227421355327754,0.6050090052637538,0.04271678118296845
BANK_004,SCN_0385,Healthy,Healthy,0.7392794216865941,0.2565407991944224,0.004179779118983554
BANK_005,SCN_0385,Healthy,Healthy,0.9843569427583513,0.01454725904896761,0.0010957981926811664
BANK_006,SCN_0385,Stressed,Stressed,0.011256110914781448,0.9830046147136099,0.005739274371609302
BANK_007,SCN_0385,Healthy,Healthy,0.9884924745524792,0.011351259439585827,0.00015626600793534984
BANK_008,SCN_0385,Stressed,Stressed,0.026060564408801286,0.9539730126403606,0.01996642295083799
BANK_009,SCN_0385,Healthy,Healthy,0.7589789578940476,0.23839385269109328,0.0026271894148590957
BANK_010,SCN_0385,Stressed,Stressed,0.08921936300193402,0.7820630161287081,0.12871762086935815
BANK_011,SCN_0385,Healthy,Healthy,0.9003410425485789,0.09674961726363153,0.0029093401877896166
BANK_012,SCN_0385,Healthy,Healthy,0.9909260706494932,0.008995586155638648,7.834319486832145e-05
BANK_013,SCN_0385,Critical,Critical,0.00016275595570074098,0.0002159087859223079,0.9996213352583769
BANK_014,SCN_0385,Stressed,Stressed,0.14438400836996632,0.7998586166931609,0.05575737493687358
BANK_015,SCN_0385,Stressed,Critical,0.0008044812799750732,0.3916567210546105,0.6075387976654141
BANK_016,SCN_0385,Healthy,Healthy,0.9828306940629782,0.016810044771322107,0.0003592611656994657
BANK_017,SCN_0385,Stressed,Stressed,0.02856722335613432,0.5253073087544184,0.4461254678894467
BANK_018,SCN_0385,Stressed,Stressed,0.11379185987841658,0.8697018310919421,0.016506309029641442
BANK_019,SCN_0385,Critical,Critical,0.0003567109204346153,0.0010561696613311372,0.9985871194182343
BANK_020,SCN_0385,Critical,Critical,4.363636363636364e-06,0.06210540974721868,0.9378902266164182
BANK_021,SCN_0385,Critical,Stressed,0.0016911290420075767,0.53451901555318,0.4637898554048124
BANK_022,SCN_0385,Critical,Critical,0.00016275595570074098,0.02336907894358916,0.9764681651007106
BANK_023,SCN_0385,Healthy,Healthy,0.8477320350177362,0.14595801775281625,0.0063099472294472604
BANK_024,SCN_0385,Stressed,Stressed,0.013775923034463509,0.9772260939968708,0.008997982968665767
BANK_025,SCN_0385,Healthy,Stressed,0.2508275432192317,0.6955547167142955,0.05361774006647206
BANK_026,SCN_0385,Healthy,Healthy,0.7190962637111953,0.26962795404838663,0.011275782240418376
BANK_027,SCN_0385,Healthy,Healthy,0.5495971926446264,0.4261168751632042,0.02428593219216939
BANK_028,SCN_0385,Stressed,Critical,0.0011047589250413146,0.40956455851928064,0.5893306825556786
BANK_029,SCN_0385,Stressed,Stressed,0.00951190055599643,0.6176676308130551,0.37282046863094787
BANK_030,SCN_0385,Critical,Critical,0.00019720171798062755,0.0012136423191619072,0.9985891559628575
BANK_031,SCN_0385,Healthy,Healthy,0.9634011142240364,0.0326815848425461,0.003917300933417471
BANK_032,SCN_0385,Healthy,Healthy,0.872882900541235,0.12422623262829187,0.002890866830473171
BANK_033,SCN_0385,Stressed,Stressed,0.03096265924639332,0.5272699636599647,0.44176737709364183
BANK_034,SCN_0385,Healthy,Stressed,0.20848577848294234,0.7282317063826769,0.06328251513438125
BANK_035,SCN_0385,Healthy,Healthy,0.9546426586091209,0.04179929183870317,0.0035580495521760004
BANK_036,SCN_0385,Healthy,Healthy,0.7798466274854612,0.21132233996134767,0.008831032553190859
BANK_037,SCN_0385,Stressed,Stressed,0.0947144545794437,0.8558410886176094,0.049444456802947366
BANK_038,SCN_0385,Stressed,Stressed,0.1972679195578293,0.7799311810181048,0.02280089942406587
BANK_039,SCN_0385,Healthy,Healthy,0.9905647272558218,0.00835508406493276,0.001080188679245283
BANK_040,SCN_0385,Healthy,Healthy,0.901058854434187,0.0985460319823198,0.00039511358349378876
BANK_001,SCN_0389,Healthy,Healthy,0.9932971004671052,0.006702899532894907,0.0
BANK_002,SCN_0389,Healthy,Healthy,0.9278697183848927,0.07072409957921817,0.0014061820358889435
BANK_003,SCN_0389,Healthy,Healthy,0.8165454192520561,0.17927466566144784,0.004179915086495599
BANK_004,SCN_0389,Healthy,Healthy,0.9684122556184896,0.031484717681779344,0.00010302669973139381
BANK_005,SCN_0389,Healthy,Healthy,0.9911798184631118,0.008790485951047611,2.9695585840432348e-05
BANK_006,SCN_0389,Stressed,Stressed,0.005735756004587471,0.9937208371571213,0.0005434068382913102
BANK_007,SCN_0389,Healthy,Healthy,0.9909381245305026,0.00905181246862353,1.0063000873779424e-05
BANK_008,SCN_0389,Stressed,Stressed,0.04718601666116612,0.9477136434017222,0.005100339937111941
BANK_009,SCN_0389,Healthy,Healthy,0.9828427899046422,0.0168547866896297,0.00030242340572809675
BANK_010,SCN_0389,Stressed,Stressed,0.23682322954376617,0.7512296040750794,0.011947166381154133
BANK_011,SCN_0389,Healthy,Healthy,0.982910981984271,0.017050498956771794,3.85190589574575e-05
BANK_012,SCN_0389,Healthy,Healthy,0.9922292075175362,0.007746639056167814,2.4153426296310142e-05
BANK_013,SCN_0389,Critical,Critical,0.0,0.00016420782552918536,0.9998357921744708
BANK_014,SCN_0389,Healthy,Stressed,0.46631300700052797,0.5264820772389319,0.007204915760539881
BANK_015,SCN_0389,Stressed,Stressed,0.004151286281231364,0.9264114174621346,0.06943729625663478
BANK_016,SCN_0389,Healthy,Healthy,0.9923941830352399,0.007464030278664675,0.0001417866860953764
BANK_017,SCN_0389,Stressed,Stressed,0.04230507184518158,0.9291810232513232,0.028513904903496024
BANK_018,SCN_0389,Healthy,Healthy,0.9366696257405372,0.06260908923395445,0.0007212850255082046
BANK_019,SCN_0389,Critical,Critical,0.0,0.0002924901185770751,0.999707509881423
BANK_020,SCN_0389,Critical,Critical,0.0002830607837087318,0.22429938036910024,0.775417558847191
BANK_021,SCN_0389,Stressed,Stressed,0.016957036193413082,0.9148218812395826,0.06822108256700488
BANK_022,SCN_0389,Critical,Critical,0.0,0.29444897923419644,0.705551020765803
BANK_023,SCN_0389,Healthy,Healthy,0.9715391737565854,0.028197186608447153,0.00026363963496751767
BANK_024,SCN_0389,Healthy,Healthy,0.9387932662620501,0.059847661340285845,0.0013590723976635982
BANK_025,SCN_0389,Healthy,Healthy,0.6422506828577272,0.3518828872484882,0.005866429893784336
BANK_026,SCN_0389,Healthy,Healthy,0.9720031704926638,0.027779552499741,0.00021727700759520828
BANK_027,SCN_0389,Healthy,Healthy,0.9365464976946692,0.06197975432246505,0.001473747982864993
BANK_028,SCN_0389,Stressed,Stressed,0.005803614684545378,0.98108078674733,0.01311559856812552
BANK_029,SCN_0389,Stressed,Stressed,0.02988559822211345,0.9436502511409257,0.026464150636960483
BANK_030,SCN_0389,Critical,Critical,0.0,0.00012734584450402144,0.999872654155496
BANK_031,SCN_0389,Healthy,Healthy,0.9890620670755338,0.010760344866327426,0.00017758805813897856
BANK_032,SCN_0389,Healthy,Healthy,0.9845033854957929,0.015487585705616818,9.028798590348542e-06
BANK_033,SCN_0389,Stressed,Stressed,0.08097459025708573,0.8664418635813734,0.052583546161540214
BANK_034,SCN_0389,Stressed,Healthy,0.6646059753161545,0.33053664731950094,0.004857377364344326
BANK_035,SCN_0389,Healthy,Healthy,0.9849949129582344,0.014963573743030856,4.151329873466679e-05
BANK_036,SCN_0389,Healthy,Healthy,0.9757806551172358,0.02408402782576473,0.00013531705699969192
BANK_037,SCN_0389,Stressed,Stressed,0.2587832415175704,0.731732424818524,0.009484333663905654
BANK_038,SCN_0389,Healthy,Healthy,0.7527232760991202,0.24616312559708373,0.0011135983037959252
BANK_039,SCN_0389,Healthy,Healthy,0.9975978136464606,0.002402186353539243,0.0
BANK_040,SCN_0389,Healthy,Healthy,0.9881474294758201,0.011846880623753213,5.689900426742532e-06
BANK_001,SCN_0392,Healthy,Healthy,0.9948010659578209,0.005198934042179263,0.0
BANK_002,SCN_0392,Healthy,Healthy,0.9526061399633641,0.04604242840332352,0.001351431633312454
BANK_003,SCN_0392,Healthy,Healthy,0.9221683537540195,0.07447829394561915,0.0033533523003611283
BANK_004,SCN_0392,Healthy,Healthy,0.9773215834118283,0.022575389888440822,0.00010302669973139381
BANK_005,SCN_0392,Healthy,Healthy,0.9926615943196265,0.007308710094532692,2.9695585840432348e-05
BANK_006,SCN_0392,Stressed,Stressed,0.007353282485343005,0.9922769656336247,0.00036975188103239133
BANK_007,SCN_0392,Healthy,Healthy,0.9941331352316055,0.0058568017675205315,1.0063000873779424e-05
BANK_008,SCN_0392,Stressed,Stressed,0.3364549471469985,0.6613058000761599,0.002239252776840382
BANK_009,SCN_0392,Healthy,Healthy,0.9894453022963676,0.010296069918342005,0.0002586277852901405
BANK_010,SCN_0392,Healthy,Healthy,0.6094769615117165,0.38753861385786464,0.0029844246304184504
BANK_011,SCN_0392,Healthy,Healthy,0.9860875888599107,0.013873892081132043,3.85190589574575e-05
BANK_012,SCN_0392,Healthy,Healthy,0.993224547414723,0.006751299158981035,2.4153426296310142e-05
BANK_013,SCN_0392,Critical,Critical,0.0,0.00016420782552918536,0.9998357921744708
BANK_014,SCN_0392,Healthy,Healthy,0.8560037353746577,0.1410330055989562,0.0029632590263864683
BANK_015,SCN_0392,Stressed,Stressed,0.005035056433558638,0.9743296151792505,0.020635328387190992
BANK_016,SCN_0392,Healthy,Healthy,0.9941418728845474,0.005716340429357572,0.0001417866860953764
BANK_017,SCN_0392,Stressed,Stressed,0.09127250493541691,0.8864913668531478,0.0222361282114361
BANK_018,SCN_0392,Healthy,Healthy,0.9631284668639912,0.03637170259666137,0.0004998305393478362
BANK_019,SCN_0392,Critical,Critical,0.0,0.00048031496062992123,0.99951968503937
BANK_020,SCN_0392,Critical,Critical,0.00042789953113375187,0.41479641868978123,0.5847756817790851
BANK_021,SCN_0392,Stressed,Stressed,0.022721708739097787,0.9624906734528447,0.014787617808057443
BANK_022,SCN_0392,Stressed,Critical,0.0011899236196679967,0.4815909691658745,0.5172191072144575
BANK_023,SCN_0392,Healthy,Healthy,0.9799862891331828,0.01975961018256566,0.00025410068425209644
BANK_024,SCN_0392,Healthy,Healthy,0.9803480763177689,0.018530129598906327,0.0011217940833246117
BANK_025,SCN_0392,Healthy,Healthy,0.8806899868052487,0.11678712620944488,0.002522886985305619
BANK_026,SCN_0392,Healthy,Healthy,0.9765360670354511,0.02325267378090864,0.00021125918364035034
BANK_027,SCN_0392,Healthy,Healthy,0.9613287566483963,0.03725224577131482,0.0014189975802885038
BANK_028,SCN_0392,Stressed,Stressed,0.05290311694770821,0.9375359134150527,0.009560969637239654
BANK_029,SCN_0392,Stressed,Stressed,0.04371249594807092,0.9311178799090125,0.025169624142916024
BANK_030,SCN_0392,Critical,Critical,0.0,0.0005289851887663165,0.9994710148112337
BANK_031,SCN_0392,Healthy,Healthy,0.9903256592931026,0.009496752648758879,0.00017758805813897856
BANK_032,SCN_0392,Healthy,Healthy,0.9850458641093005,0.014935257735792656,1.8878154906979613e-05
BANK_033,SCN_0392,Stressed,Stressed,0.08656758893163431,0.8691766049433417,0.044255806125023604
BANK_034,SCN_0392,Healthy,Healthy,0.904528922419314,0.0929990849079783,0.0024719926727080617
BANK_035,SCN_0392,Healthy,Healthy,0.989134577153532,0.010820388420972743,4.503442549523017e-05
BANK_036,SCN_0392,Healthy,Healthy,0.9791139761284471,0.020756724638508396,0.000129299233044834
BANK_037,SCN_0392,Healthy,Healthy,0.7989622862156547,0.2001637010575149,0.0008740127268309099
BANK_038,SCN_0392,Healthy,Healthy,0.9583650806660295,0.041488495388806355,0.00014642394516379366
BANK_039,SCN_0392,Healthy,Healthy,0.9975066099869029,0.002424473472509718,6.891654058727268e-05
BANK_040,SCN_0392,Healthy,Healthy,0.9895392336098312,0.010451555362981575,9.211027187305913e-06
BANK_001,SCN_0395,Healthy,Healthy,0.897254910279555,0.10086668457297114,0.001878405147474982
BANK_002,SCN_0395,Healthy,Stressed,0.4181603418253219,0.5446001019301611,0.037239556244517025
BANK_003,SCN_0395,Healthy,Stressed,0.28114675304378606,0.6552167664065515,0.06363648054966205
BANK_004,SCN_0395,Healthy,Healthy,0.6867572581821507,0.30631123404940036,0.00693150776844927
BANK_005,SCN_0395,Healthy,Healthy,0.9830015128707011,0.015902688936617563,0.0010957981926811664
BANK_006,SCN_0395,Stressed,Stressed,0.008499856253249734,0.9839875656770175,0.007512578069733066
BANK_007,SCN_0395,Healthy,Healthy,0.9869893016404737,0.01285443235159112,0.00015626600793534984
BANK_008,SCN_0395,Stressed,Stressed,0.021096906855101995,0.9555962125448572,0.023306880600040818
BANK_009,SCN_0395,Healthy,Healthy,0.5605896164810305,0.4360928237957566,0.0033175597232125713
BANK_010,SCN_0395,Healthy,Stressed,0.07638776431517172,0.7704654307987199,0.15314680488610902
BANK_011,SCN_0395,Healthy,Healthy,0.8350478366465132,0.15999094340231923,0.004961219951168193
BANK_012,SCN_0395,Healthy,Healthy,0.9917131435080879,0.0082085132970438,7.834319486832145e-05
BANK_013,SCN_0395,Critical,Critical,0.00016275595570074098,0.00020344772673227673,0.999633796317567
BANK_014,SCN_0395,Stressed,Stressed,0.10057426546640415,0.8286546975971557,0.07077103693644111
BANK_015,SCN_0395,Critical,Critical,0.000748902307957745,0.3292863505521302,0.6699647471399122
BANK_016,SCN_0395,Healthy,Healthy,0.983918525361032,0.015623312374367251,0.00045816226460056457
BANK_017,SCN_0395,Stressed,Stressed,0.01659677832510901,0.5121114167225129,0.4712918049523778
BANK_018,SCN_0395,Stressed,Stressed,0.07384942230847934,0.9067998522567153,0.019350725434805073
BANK_019,SCN_0395,Critical,Critical,0.0003567109204346153,0.0009390908829730644,0.9987041981965924
BANK_020,SCN_0395,Critical,Critical,4.363636363636364e-06,0.026175870070833027,0.9738197662928041
BANK_021,SCN_0395,Critical,Critical,0.0014531978229415875,0.4913550837568748,0.5071917184201835
BANK_022,SCN_0395,Critical,Critical,0.00016275595570074098,0.0374761619121099,0.9623610821321896
BANK_023,SCN_0395,Healthy,Healthy,0.5074259746596527,0.4808898729676725,0.011684152372675225
BANK_024,SCN_0395,Stressed,Stressed,0.00867197501695701,0.9813915489133298,0.0099364760697133
BANK_025,SCN_0395,Stressed,Stressed,0.20957244963825272,0.7170773792632879,0.07335017109845918
BANK_026,SCN_0395,Healthy,Healthy,0.5712093033820224,0.41347240407841523,0.015318292539562565
BANK_027,SCN_0395,Stressed,Stressed,0.3715271141060462,0.5865394633124428,0.04193342258151042
BANK_028,SCN_0395,Critical,Critical,0.0009666710550568927,0.29184982143125493,0.7071835075136891
BANK_029,SCN_0395,Stressed,Stressed,0.008331582038909957,0.5245301675328512,0.4671382504282387
BANK_030,SCN_0395,Critical,Critical,0.00019720171798062755,0.0012136423191619072,0.9985891559628575
BANK_031,SCN_0395,Healthy,Healthy,0.9636645601746857,0.03142062800281293,0.004914811822501536
BANK_032,SCN_0395,Healthy,Stressed,0.47200958091581047,0.520544478708687,0.007445940375502489
BANK_033,SCN_0395,Stressed,Stressed,0.025545416122510857,0.49139379199314676,0.4830607918843422
BANK_034,SCN_0395,Stressed,Stressed,0.14282045978691826,0.7690881736083546,0.08809136660472737
BANK_035,SCN_0395,Healthy,Healthy,0.9457358471600315,0.04960544416330837,0.00465870867666043
BANK_036,SCN_0395,Healthy,Healthy,0.6320839791635205,0.35625850851705104,0.011657512319428895
BANK_037,SCN_0395,Stressed,Stressed,0.10522824280118438,0.8028465958871992,0.09192516131161622
BANK_038,SCN_0395,Stressed,Stressed,0.0713326906722732,0.8973136456623239,0.03135366366540346
BANK_039,SCN_0395,Healthy,Healthy,0.9903710691813756,0.008548742139379062,0.001080188679245283
BANK_040,SCN_0395,Healthy,Healthy,0.7841099277144306,0.21502129835445266,0.0008687739311176969
BANK_001,SCN_0407,Healthy,Healthy,0.9035834216729945,0.09429939427550738,0.00211718405149843
BANK_002,SCN_0407,Healthy,Stressed,0.3372485002048852,0.6101009368413532,0.05265056295376134
BANK_003,SCN_0407,Stressed,Stressed,0.2223045707222049,0.6732747156097079,0.1044207136680872
BANK_004,SCN_0407,Healthy,Healthy,0.5947521582348713,0.3969575449053555,0.008290296859773364
BANK_005,SCN_0407,Healthy,Healthy,0.9866043815998785,0.012299820207440304,0.0010957981926811664
BANK_006,SCN_0407,Stressed,Stressed,0.009197265264954414,0.9729059566551747,0.017896778079871396
BANK_007,SCN_0407,Healthy,Healthy,0.986977328486879,0.012945889560873875,7.678195224719102e-05
BANK_008,SCN_0407,Stressed,Stressed,0.015291228513524234,0.9109410520482563,0.07376771943822019
BANK_009,SCN_0407,Stressed,Healthy,0.5043008895759734,0.4921817838347009,0.0035173265893255297
BANK_010,SCN_0407,Critical,Stressed,0.027888946333832116,0.6023029544084076,0.3698080992577602
BANK_011,SCN_0407,Healthy,Healthy,0.728601149488324,0.264776763981759,0.006622086529916887
BANK_012,SCN_0407,Healthy,Healthy,0.9910597232425818,0.008861933562549933,7.834319486832145e-05
BANK_013,SCN_0407,Critical,Critical,0.00015950920245398772,0.00028721396049851056,0.9995532768370475
BANK_014,SCN_0407,Stressed,Stressed,0.04788089537128929,0.7155108086513218,0.23660829597738897
BANK_015,SCN_0407,Critical,Critical,0.0007784687149299056,0.36286332880066696,0.6363582024844033
BANK_016,SCN_0407,Healthy,Healthy,0.9800691739751776,0.0195237131101212,0.0004071129147011516
BANK_017,SCN_0407,Critical,Critical,0.006441167563281033,0.41943619349031747,0.5741226389464013
BANK_018,SCN_0407,Stressed,Stressed,0.07282424612426946,0.9044883465609356,0.022687407314795193
BANK_019,SCN_0407,Critical,Critical,0.0003567109204346153,0.001023535628697105,0.9986197534508683
BANK_020,SCN_0407,Critical,Critical,4.363636363636364e-06,0.05948266053880438,0.9405129758248324
BANK_021,SCN_0407,Stressed,Critical,0.00043567351078369304,0.3283925301610788,0.671171796328138
BANK_022,SCN_0407,Critical,Critical,0.00016275595570074098,0.04201108251918568,0.957826161525114
BANK_023,SCN_0407,Healthy,Stressed,0.331507550494962,0.6570075211585781,0.011484928346460204
BANK_024,SCN_0407,Stressed,Stressed,0.008959584748420792,0.9715175259400025,0.01952288931157629
BANK_025,SCN_0407,Stressed,Stressed,0.16961602543942902,0.7038189638105156,0.1265650107500554
BANK_026,SCN_0407,Healthy,Healthy,0.5356232779055594,0.44722027584373863,0.017156446250702197
BANK_027,SCN_0407,Healthy,Stressed,0.33720817683821114,0.607288604465226,0.05550321869656307
BANK_028,SCN_0407,Stressed,Critical,0.0009821546857649683,0.19935263800582312,0.7996652073084123
BANK_029,SCN_0407,Critical,Critical,0.004975178291886417,0.391899143181425,0.6031256785266891
BANK_030,SCN_0407,Critical,Critical,0.00019720171798062755,0.0015336423191619074,0.9982691559628575
BANK_031,SCN_0407,Healthy,Healthy,0.9614407092406178,0.034024332952217934,0.004534957807164271
BANK_032,SCN_0407,Stressed,Stressed,0.35688297011194475,0.6352211108494754,0.00789591903857945
BANK_033,SCN_0407,Stressed,Critical,0.020941027339271518,0.4033229303571213,0.5757360423036074
BANK_034,SCN_0407,Stressed,Stressed,0.09019147243677442,0.7438384769878273,0.16597005057539826
BANK_035,SCN_0407,Healthy,Healthy,0.9383148212715351,0.057243737495487244,0.00444144123297783
BANK_036,SCN_0407,Healthy,Healthy,0.5598504536262048,0.4280163997047595,0.012133146669035852
BANK_037,SCN_0407,Stressed,Stressed,0.02962227312194925,0.6608695175466449,0.309508209331406
BANK_038,SCN_0407,Stressed,Stressed,0.056786371574798114,0.879730969965035,0.06348265846016651
BANK_039,SCN_0407,Healthy,Healthy,0.9409257760665716,0.057994035254183215,0.001080188679245283
BANK_040,SCN_0407,Healthy,Healthy,0.6239720979478935,0.37340336179990863,0.0026245402521978393
BANK_001,SCN_0409,Healthy,Healthy,0.9654710858793824,0.032682767037659474,0.001846147082958853
BANK_002,SCN_0409,Healthy,Healthy,0.5111141571219294,0.4660544630650833,0.02283137981298709
BANK_003,SCN_0409,Healthy,Stressed,0.3661905318772903,0.5926710931879607,0.041138374934748596
BANK_004,SCN_0409,Healthy,Healthy,0.7721390168109143,0.22372791939856934,0.0041330637905164
BANK_005,SCN_0409,Healthy,Healthy,0.9841174609957307,0.014786740811588149,0.0010957981926811664
BANK_006,SCN_0409,Stressed,Stressed,0.011548793841610717,0.9827600601290267,0.005691146029363313
BANK_007,SCN_0409,Healthy,Healthy,0.98800123463962,0.011842499352445204,0.00015626600793534984
BANK_008,SCN_0409,Stressed,Stressed,0.02547303478903313,0.9547794356296972,0.019747529581269595
BANK_009,SCN_0409,Healthy,Healthy,0.7714365594355268,0.22623939016306688,0.0023240504014061807
BANK_010,SCN_0409,Stressed,Stressed,0.09217664807817437,0.7746010154107453,0.13322233651108067
BANK_011,SCN_0409,Healthy,Healthy,0.9072316510836808,0.09029332095622175,0.0024750279600976566
BANK_012,SCN_0409,Healthy,Healthy,0.9907624092289742,0.009152291054418654,8.529971660745188e-05
BANK_013,SCN_0409,Critical,Critical,0.00016275595570074098,0.0002159087859223079,0.9996213352583769
BANK_014,SCN_0409,Stressed,Stressed,0.1458505034683812,0.7990247343930916,0.05512476213852787
BANK_015,SCN_0409,Stressed,Critical,0.0008330527085465018,0.39158770690147426,0.607579240389979
BANK_016,SCN_0409,Healthy,Healthy,0.9839487473363808,0.015738706826386742,0.00031254583723231246
BANK_017,SCN_0409,Stressed,Stressed,0.022145436466903624,0.5848929229561379,0.3929616405769585
BANK_018,SCN_0409,Stressed,Stressed,0.12923245322399501,0.8550439592678201,0.015723587508184835
BANK_019,SCN_0409,Critical,Critical,0.0003567109204346153,0.0010561696613311372,0.9985871194182343
BANK_020,SCN_0409,Critical,Critical,4.363636363636364e-06,0.05921775726833977,0.9407778790952972
BANK_021,SCN_0409,Stressed,Stressed,0.0016971440796015615,0.5222329508760672,0.47606990504433117
BANK_022,SCN_0409,Stressed,Critical,0.00016275595570074098,0.02336907894358916,0.9764681651007106
BANK_023,SCN_0409,Healthy,Healthy,0.853838152634049,0.1398986154649708,0.006263231900980107
BANK_024,SCN_0409,Stressed,Stressed,0.018456417539958008,0.9726213557051918,0.008922226754850193
BANK_025,SCN_0409,Stressed,Stressed,0.25174854750528963,0.6961886857965885,0.05206276669812128
BANK_026,SCN_0409,Healthy,Healthy,0.7310410882032948,0.258147127818803,0.010811783977902778
BANK_027,SCN_0409,Healthy,Healthy,0.5588499398742071,0.41777071028987894,0.023379349835913932
BANK_028,SCN_0409,Stressed,Critical,0.0011047589250413146,0.4688720114031672,0.5300232296717916
BANK_029,SCN_0409,Stressed,Stressed,0.009602464711076715,0.6194175128628947,0.3709800224260278
BANK_030,SCN_0409,Critical,Critical,0.00019720171798062755,0.0012136423191619072,0.9985891559628575
BANK_031,SCN_0409,Healthy,Healthy,0.9656647874661028,0.030767765942399754,0.0035674465914974033
BANK_032,SCN_0409,Healthy,Healthy,0.8767369944295234,0.12067527775345653,0.0025877278170202563
BANK_033,SCN_0409,Stressed,Stressed,0.030653674486127706,0.5158572473940425,0.4534890781198296
BANK_034,SCN_0409,Healthy,Stressed,0.20556716300622285,0.7318414593698722,0.0625913776239053
BANK_035,SCN_0409,Healthy,Healthy,0.9583675894565236,0.038538359253816296,0.003094051289660399
BANK_036,SCN_0409,Healthy,Healthy,0.7945404219921226,0.19709254371720225,0.008367034290675259
BANK_037,SCN_0409,Stressed,Stressed,0.09467465887601477,0.8562533196466405,0.049072021477345226
BANK_038,SCN_0409,Healthy,Stressed,0.20806515003691234,0.7696785450115802,0.02225630495150761
BANK_039,SCN_0409,Healthy,Healthy,0.9907783966976988,0.008141414623055591,0.001080188679245283
BANK_040,SCN_0409,Healthy,Healthy,0.9043262610172683,0.09527862539923868,0.00039511358349378876
BANK_001,SCN_0410,Healthy,Healthy,0.9743492939812485,0.025650706018752054,0.0
BANK_002,SCN_0410,Healthy,Healthy,0.6144696862871326,0.37337140072894637,0.012158912983921142
BANK_003,SCN_0410,Stressed,Healthy,0.5465209010505391,0.4289943095749794,0.024484789374481553
BANK_004,SCN_0410,Healthy,Healthy,0.7592101814809583,0.2381632905111736,0.002626528007868159
BANK_005,SCN_0410,Healthy,Healthy,0.9815943561277853,0.01805579424657058,0.00034984962564431766
BANK_006,SCN_0410,Stressed,Stressed,0.012237122974129528,0.9838728305086738,0.0038900465171970234
BANK_007,SCN_0410,Healthy,Healthy,0.9843027587355316,0.015535031720129409,0.0001622095443395103
BANK_008,SCN_0410,Stressed,Stressed,0.03248169686369169,0.9533308030805869,0.01418750005572148
BANK_009,SCN_0410,Healthy,Healthy,0.832487458776691,0.16630480506859324,0.0012077361547158222
BANK_010,SCN_0410,Stressed,Stressed,0.10383262835653623,0.8259450712728278,0.07022230037063645
BANK_011,SCN_0410,Healthy,Healthy,0.931532083624026,0.06676936014142006,0.0016985562345540545
BANK_012,SCN_0410,Healthy,Healthy,0.9862731696250161,0.013695463242646493,3.1367132337788954e-05
BANK_013,SCN_0410,Critical,Critical,0.0,0.00017666888471921653,0.9998233311152808
BANK_014,SCN_0410,Healthy,Stressed,0.26226903458776085,0.699447541589233,0.03828342382300651
BANK_015,SCN_0410,Stressed,Stressed,0.001383229098266706,0.5886644951225853,0.4099522757791481
BANK_016,SCN_0410,Healthy,Healthy,0.9818506720036636,0.017878316367507162,0.00027101162882935126
BANK_017,SCN_0410,Stressed,Stressed,0.02291172101384388,0.7370275966870459,0.2400606822991113
BANK_018,SCN_0410,Healthy,Healthy,0.5847162837199396,0.4058697531998908,0.009413963080169866
BANK_019,SCN_0410,Critical,Critical,0.0001341743119266055,0.0005664791507198144,0.9992993465373536
BANK_020,SCN_0410,Critical,Critical,0.0,0.13980130021506296,0.8601986997849376
BANK_021,SCN_0410,Critical,Stressed,0.005215670256903405,0.8086705265931396,0.18611380314995604
BANK_022,SCN_0410,Critical,Critical,0.0,0.026835076436216847,0.9731649235637835
BANK_023,SCN_0410,Healthy,Healthy,0.8909450891499481,0.10439235680602915,0.004662554044022864
BANK_024,SCN_0410,Healthy,Stressed,0.2627515941152254,0.7316656788456634,0.005582727039111731
BANK_025,SCN_0410,Stressed,Stressed,0.42002193579804464,0.5476760556272,0.032302008574755244
BANK_026,SCN_0410,Healthy,Healthy,0.8291890727549839,0.16343965646956912,0.00737127077544729
BANK_027,SCN_0410,Stressed,Healthy,0.660660201424409,0.32652907964974914,0.012810718925842544
BANK_028,SCN_0410,Stressed,Stressed,0.001688849984495298,0.6306194643531166,0.36769168566238797
BANK_029,SCN_0410,Stressed,Stressed,0.01779363913849752,0.7954531995547512,0.1867531613067512
BANK_030,SCN_0410,Critical,Critical,0.0001341743119266055,0.0007805019924246223,0.9990853236956487
BANK_031,SCN_0410,Healthy,Healthy,0.9670261303107428,0.030795591454147776,0.0021782782351097607
BANK_032,SCN_0410,Healthy,Healthy,0.9126336192627206,0.08555895524878908,0.0018074254884907293
BANK_033,SCN_0410,Stressed,Stressed,0.04950965410725961,0.6806126705676692,0.2698776753250702
BANK_034,SCN_0410,Stressed,Stressed,0.35588688629835535,0.6032271338704475,0.04088597983119752
BANK_035,SCN_0410,Healthy,Healthy,0.9655432673460949,0.03321632995918624,0.0012404026947192795
BANK_036,SCN_0410,Healthy,Healthy,0.8530320260613014,0.14185107914027645,0.005116894798421757
BANK_037,SCN_0410,Stressed,Stressed,0.1828779684603474,0.7844792156088937,0.032642815930759246
BANK_038,SCN_0410,Healthy,Stressed,0.43485507750533964,0.5521875140061069,0.012957408488553037
BANK_039,SCN_0410,Healthy,Healthy,0.9914815207704031,0.008518479229596877,0.0
BANK_040,SCN_0410,Healthy,Healthy,0.9350622850417377,0.0647250677503982,0.00021264720786459918
BANK_001,SCN_0411,Healthy,Healthy,0.9932971004671052,0.006702899532894907,0.0
BANK_002,SCN_0411,Healthy,Healthy,0.9301145764788509,0.06847924148526001,0.0014061820358889435
BANK_003,SCN_0411,Healthy,Healthy,0.8255311346041775,0.17036988028946187,0.004098985106360419
BANK_004,SCN_0411,Healthy,Healthy,0.9692349959925927,0.03066197730767634,0.00010302669973139381
BANK_005,SCN_0411,Healthy,Healthy,0.9912525356364158,0.008717768777743553,2.9695585840432348e-05
BANK_006,SCN_0411,Stressed,Stressed,0.005735756004587471,0.9937208371571213,0.0005434068382913102
BANK_007,SCN_0411,Healthy,Healthy,0.9911890945481393,0.008800842450986843,1.0063000873779424e-05
BANK_008,SCN_0411,Stressed,Stressed,0.046830307462646416,0.948133518227284,0.005036174310069821
BANK_009,SCN_0411,Healthy,Healthy,0.9830404670677036,0.016657109526568268,0.00030242340572809675
BANK_010,SCN_0411,Stressed,Stressed,0.2704764285945286,0.7180882973585576,0.011435274046913893
BANK_011,SCN_0411,Healthy,Healthy,0.9829435023094741,0.017017978631568544,3.85190589574575e-05
BANK_012,SCN_0411,Healthy,Healthy,0.9922617278427396,0.007714118730964561,2.4153426296310142e-05
BANK_013,SCN_0411,Critical,Critical,0.0,0.00016420782552918536,0.9998357921744708
BANK_014,SCN_0411,Healthy,Stressed,0.48219740779656606,0.5114746252071569,0.006327966996277034
BANK_015,SCN_0411,Stressed,Stressed,0.004151286281231364,0.9264114174621346,0.06943729625663478
BANK_016,SCN_0411,Healthy,Healthy,0.9925305832466514,0.0073276300672532385,0.0001417866860953764
BANK_017,SCN_0411,Stressed,Stressed,0.0426054091086952,0.9292325608089145,0.028162030082391164
BANK_018,SCN_0411,Healthy,Healthy,0.9396893214193627,0.0595893935551293,0.0007212850255082046
BANK_019,SCN_0411,Critical,Critical,0.0,0.0002924901185770751,0.999707509881423
BANK_020,SCN_0411,Critical,Critical,0.0002830607837087318,0.21453597397324772,0.7851809652430436
BANK_021,SCN_0411,Stressed,Stressed,0.017462728032438257,0.9162560167564605,0.06628125521110186
BANK_022,SCN_0411,Critical,Critical,0.0,0.22768065970935228,0.7723193402906473
BANK_023,SCN_0411,Healthy,Healthy,0.9715371195989981,0.02819924076603435,0.00026363963496751767
BANK_024,SCN_0411,Healthy,Healthy,0.9466609405747191,0.052041336720868865,0.0012977227044120648
BANK_025,SCN_0411,Stressed,Healthy,0.6626544714589784,0.3323481008389306,0.004997427702090549
BANK_026,SCN_0411,Healthy,Healthy,0.9713951393455641,0.02838758364684063,0.00021727700759520828
BANK_027,SCN_0411,Healthy,Healthy,0.9369210151553434,0.061605236861790875,0.001473747982864993
BANK_028,SCN_0411,Stressed,Stressed,0.005835872749061507,0.9814199572542424,0.012744169996696947
BANK_029,SCN_0411,Stressed,Stressed,0.030007653108862872,0.9437482962744754,0.026244050616661158
BANK_030,SCN_0411,Critical,Critical,0.0,0.00012734584450402144,0.999872654155496
BANK_031,SCN_0411,Healthy,Healthy,0.9891347842488378,0.010687627693023368,0.00017758805813897856
BANK_032,SCN_0411,Healthy,Healthy,0.9838953543486931,0.016095616852716446,9.028798590348542e-06
BANK_033,SCN_0411,Stressed,Stressed,0.082297777755879,0.8705890247358183,0.047113197508302264
BANK_034,SCN_0411,Healthy,Healthy,0.7040819127337095,0.2917691692286704,0.004148918037620274
BANK_035,SCN_0411,Healthy,Healthy,0.9850676301315385,0.014890856569726798,4.151329873466679e-05
BANK_036,SCN_0411,Healthy,Healthy,0.9759318276335575,0.02393285530944327,0.00013531705699969192
BANK_037,SCN_0411,Healthy,Stressed,0.27211297299559845,0.7187877121467524,0.009099314857649003
BANK_038,SCN_0411,Healthy,Healthy,0.7481472403570603,0.250803326966186,0.0010494326767538059
BANK_039,SCN_0411,Healthy,Healthy,0.9975978136464606,0.002402186353539243,0.0
BANK_040,SCN_0411,Healthy,Healthy,0.9883983994934569,0.011595910606116528,5.689900426742532e-06
BANK_001,SCN_0415,Healthy,Healthy,0.9686441726640459,0.031327164915572504,2.8662420382165606e-05
BANK_002,SCN_0415,Healthy,Healthy,0.5674984760953808,0.41873897997390686,0.013762543930712112
BANK_003,SCN_0415,Healthy,Stressed,0.482963362737944,0.4876628314123952,0.02937380584966113
BANK_004,SCN_0415,Healthy,Healthy,0.7498942059582547,0.24724617719930647,0.002859616842439302
BANK_005,SCN_0415,Healthy,Healthy,0.9815946400610442,0.01805551031331156,0.00034984962564431766
BANK_006,SCN_0415,Stressed,Stressed,0.009912275411745369,0.9858327032472953,0.00425502134095988
BANK_007,SCN_0415,Healthy,Healthy,0.9844119376485034,0.01542585280715778,0.0001622095443395103
BANK_008,SCN_0415,Stressed,Stressed,0.028326034501836513,0.9555383376097981,0.016135627888365357
BANK_009,SCN_0415,Healthy,Healthy,0.8030021504684032,0.19578180312757332,0.0012160464040233017
BANK_010,SCN_0415,Stressed,Stressed,0.09745142265170738,0.8235418150028279,0.07900676234546515
BANK_011,SCN_0415,Healthy,Healthy,0.9267409379529179,0.07152209988208467,0.0017369621649975236
BANK_012,SCN_0415,Healthy,Healthy,0.9862289135145662,0.013739719353096388,3.1367132337788954e-05
BANK_013,SCN_0415,Critical,Critical,0.0,0.00017666888471921653,0.9998233311152808
BANK_014,SCN_0415,Stressed,Stressed,0.22261521674776885,0.7348137193350801,0.042571063917151625
BANK_015,SCN_0415,Stressed,Stressed,0.001383229098266706,0.5635682675393253,0.4350485033624084
BANK_016,SCN_0415,Healthy,Healthy,0.9805537709022574,0.01917521746891316,0.00027101162882935126
BANK_017,SCN_0415,Stressed,Stressed,0.022064800065157295,0.7808905098554473,0.1970446900793962
BANK_018,SCN_0415,Healthy,Stressed,0.24558323111094799,0.742925390487738,0.011491378401313736
BANK_019,SCN_0415,Critical,Critical,0.0001341743119266055,0.0014236220078626713,0.9984422036802107
BANK_020,SCN_0415,Critical,Critical,0.0,0.10759995209500688,0.8924000479049934
BANK_021,SCN_0415,Stressed,Stressed,0.004284931806261302,0.7927677462909845,0.20294732190275377
BANK_022,SCN_0415,Critical,Critical,0.0,0.02647655973502067,0.9735234402649797
BANK_023,SCN_0415,Healthy,Healthy,0.8831216960039131,0.11196144032328656,0.004916863672800577
BANK_024,SCN_0415,Stressed,Stressed,0.029009946507279446,0.9630985409467099,0.007891512546010749
BANK_025,SCN_0415,Stressed,Stressed,0.31767713439903195,0.6427787634682632,0.03954410213270433
BANK_026,SCN_0415,Stressed,Healthy,0.8094658946132158,0.18316283461133717,0.00737127077544729
BANK_027,SCN_0415,Healthy,Healthy,0.5914905162291416,0.39409936017870967,0.01441012359214898
BANK_028,SCN_0415,Stressed,Stressed,0.0013997308289367526,0.5657038698516433,0.4328963993194194
BANK_029,SCN_0415,Stressed,Stressed,0.016526559750664176,0.8016320453244521,0.18184139492488344
BANK_030,SCN_0415,Critical,Critical,0.0001341743119266055,0.0007805019924246223,0.9990853236956487
BANK_031,SCN_0415,Healthy,Healthy,0.9627366031982232,0.03499442644256243,0.002268970359214773
BANK_032,SCN_0415,Healthy,Healthy,0.9052584937874246,0.09285983478440955,0.0018816714281659032
BANK_033,SCN_0415,Stressed,Stressed,0.04654631760261406,0.6814009478817464,0.27205273451563805
BANK_034,SCN_0415,Stressed,Stressed,0.2770494409177572,0.6719931188661648,0.05095744021607824
BANK_035,SCN_0415,Healthy,Healthy,0.9613282597209106,0.03668529066220266,0.001986449616886762
BANK_036,SCN_0415,Healthy,Healthy,0.8388969483121889,0.15569582129166587,0.005407230396144628
BANK_037,SCN_0415,Healthy,Stressed,0.13111300053009378,0.8289411923790291,0.03994580709087815
BANK_038,SCN_0415,Healthy,Stressed,0.293373614693247,0.690323314285297,0.016303071021456176
BANK_039,SCN_0415,Healthy,Healthy,0.9903574661603317,0.009642533839668255,0.0
BANK_040,SCN_0415,Healthy,Healthy,0.9295920489998913,0.07019530379224453,0.00021264720786459918
BANK_001,SCN_0416,Healthy,Healthy,0.9586595897133886,0.03949426320365301,0.001846147082958853
BANK_002,SCN_0416,Healthy,Healthy,0.49052195176683167,0.48440447524339186,0.025073572989776333
BANK_003,SCN_0416,Healthy,Stressed,0.3429381914194827,0.6125704297341955,0.04449137884632155
BANK_004,SCN_0416,Healthy,Healthy,0.7345545452142245,0.26110851582099714,0.004336938964778502
BANK_005,SCN_0416,Healthy,Healthy,0.9830257712823456,0.015878430524973206,0.0010957981926811664
BANK_006,SCN_0416,Stressed,Stressed,0.010994956510020625,0.98316445613596,0.005840587354019845
BANK_007,SCN_0416,Healthy,Healthy,0.9886768836098654,0.011166850382199351,0.00015626600793534984
BANK_008,SCN_0416,Stressed,Stressed,0.02597207437105445,0.9535016821709346,0.02052624345801091
BANK_009,SCN_0416,Healthy,Healthy,0.6687513920579726,0.3286214185271686,0.0026271894148590957
BANK_010,SCN_0416,Stressed,Stressed,0.08547657609270967,0.7823637183003813,0.13215970560690932
BANK_011,SCN_0416,Healthy,Healthy,0.8945983871317139,0.10233511283470152,0.0030665000335845655
BANK_012,SCN_0416,Healthy,Healthy,0.9922735203847882,0.007648136420343678,7.834319486832145e-05
BANK_013,SCN_0416,Critical,Critical,0.00016275595570074098,0.0002159087859223079,0.9996213352583769
BANK_014,SCN_0416,Stressed,Stressed,0.13470087805472702,0.8061311437864521,0.059167978158821743
BANK_015,SCN_0416,Stressed,Critical,0.0007907826498380868,0.37966520813714394,0.6195440092130177
BANK_016,SCN_0416,Healthy,Healthy,0.9837060769372468,0.015934661897053656,0.0003592611656994657
BANK_017,SCN_0416,Critical,Critical,0.018834140082824972,0.46554988814352843,0.5156159717736462
BANK_018,SCN_0416,Stressed,Stressed,0.09698257354509206,0.8849284361952819,0.018088990259626115
BANK_019,SCN_0416,Critical,Critical,0.0003567109204346153,0.0010561696613311372,0.9985871194182343
BANK_020,SCN_0416,Critical,Critical,4.363636363636364e-06,0.059878310375557305,0.9401173259880795
BANK_021,SCN_0416,Stressed,Stressed,0.0014432302210727116,0.5291714360267135,0.46938533375221375
BANK_022,SCN_0416,Critical,Critical,0.00016275595570074098,0.024026375036999042,0.9758108690073006
BANK_023,SCN_0416,Healthy,Healthy,0.8424299321453543,0.1510595610258364,0.006510506828808927
BANK_024,SCN_0416,Stressed,Stressed,0.012940101046467608,0.9780619159848667,0.008997982968665767
BANK_025,SCN_0416,Stressed,Stressed,0.24710834162280018,0.697810667396329,0.055080990980870215
BANK_026,SCN_0416,Healthy,Healthy,0.6789906010916587,0.3088505119609033,0.012158886947438913
BANK_027,SCN_0416,Healthy,Healthy,0.5354276017344154,0.4392220455316289,0.02535035273395562
BANK_028,SCN_0416,Stressed,Critical,0.0011047589250413146,0.3396597655073267,0.6592354755676332
BANK_029,SCN_0416,Stressed,Stressed,0.008951320607193197,0.578863553362355,0.4121851260304515
BANK_030,SCN_0416,Critical,Critical,0.00019720171798062755,0.0012136423191619072,0.9985891559628575
BANK_031,SCN_0416,Healthy,Healthy,0.9642096662041362,0.031873032862446235,0.003917300933417471
BANK_032,SCN_0416,Healthy,Healthy,0.8645161150626404,0.1323284640866192,0.00315542085074052
BANK_033,SCN_0416,Stressed,Stressed,0.029599163772597442,0.5327271414456309,0.43767369478177115
BANK_034,SCN_0416,Stressed,Stressed,0.19355633964845798,0.7396980179413919,0.06674564241015038
BANK_035,SCN_0416,Healthy,Healthy,0.9524032794127004,0.04400787219008039,0.003588848397219312
BANK_036,SCN_0416,Healthy,Healthy,0.7554313254671884,0.23505810887622144,0.009510565656590093
BANK_037,SCN_0416,Stressed,Stressed,0.0936783447889795,0.8546143670312372,0.05170728817978381
BANK_038,SCN_0416,Healthy,Stressed,0.17126368763829916,0.8041881651160895,0.02454814724561172
BANK_039,SCN_0416,Healthy,Healthy,0.9905566285557623,0.008363182764992094,0.001080188679245283
BANK_040,SCN_0416,Healthy,Healthy,0.8896449420317554,0.10992710856385583,0.00042794940438931116
BANK_001,SCN_0432,Healthy,Healthy,0.7291406717759202,0.26828789783805684,0.0025714303860229376
BANK_002,SCN_0432,Healthy,Stressed,0.2536795671765784,0.6720303916081204,0.07429004121530165
BANK_003,SCN_0432,Critical,Stressed,0.16581238585430771,0.6950400440183073,0.13914757012738505
BANK_004,SCN_0432,Stressed,Stressed,0.43318806067863536,0.5548181061790741,0.011993833142290364
BANK_005,SCN_0432,Healthy,Healthy,0.9861980938418242,0.01235628464393983,0.0014456215142359366
BANK_006,SCN_0432,Critical,Stressed,0.005804581946343542,0.9763670146575564,0.017828403396100014
BANK_007,SCN_0432,Healthy,Healthy,0.9895418810332499,0.010297045826763619,0.00016107313998665461
BANK_008,SCN_0432,Stressed,Stressed,0.011639561607506864,0.9050122962856709,0.08334814210682263
BANK_009,SCN_0432,Stressed,Stressed,0.33576143425005667,0.6594892381593658,0.004749327590577645
BANK_010,SCN_0432,Critical,Critical,0.014588552149129373,0.4370211799286923,0.5483902679221785
BANK_011,SCN_0432,Healthy,Healthy,0.4981197307081643,0.49212305615855495,0.009757213133280667
BANK_012,SCN_0432,Healthy,Healthy,0.9906059018845036,0.009315754920628048,7.834319486832145e-05
BANK_013,SCN_0432,Critical,Critical,0.00015950920245398772,0.00018721396049851052,0.9996532768370475
BANK_014,SCN_0432,Critical,Stressed,0.025729701382409976,0.6930482597128519,0.2812220389047386
BANK_015,SCN_0432,Critical,Critical,0.0007058191422803329,0.04984425710968042,0.9494499237480394
BANK_016,SCN_0432,Healthy,Healthy,0.980944298904073,0.01846539589458523,0.0005903052013417141
BANK_017,SCN_0432,Critical,Critical,0.004799557453755119,0.35290691726144785,0.642293525284797
BANK_018,SCN_0432,Stressed,Stressed,0.05770297772212759,0.9168231139626264,0.02547390831524604
BANK_019,SCN_0432,Critical,Critical,0.0003567109204346153,0.0009064568503390318,0.9987368322292264
BANK_020,SCN_0432,Critical,Critical,4.363636363636364e-06,0.010797798717383119,0.9891978376462538
BANK_021,SCN_0432,Critical,Critical,0.0006665868161171038,0.20350880009053063,0.7958246130933525
BANK_022,SCN_0432,Critical,Critical,0.00016275595570074098,0.006832218585515275,0.9930050254587844
BANK_023,SCN_0432,Stressed,Stressed,0.054723374555881416,0.9298849382715255,0.015391687172593245
BANK_024,SCN_0432,Stressed,Stressed,0.006334293681085327,0.958816542422538,0.03484916389637605
BANK_025,SCN_0432,Stressed,Stressed,0.12738756552363997,0.7104026512544536,0.16220978322190693
BANK_026,SCN_0432,Healthy,Stressed,0.36772810593067823,0.6115340937747449,0.020737800294576794
BANK_027,SCN_0432,Critical,Stressed,0.24936782426298898,0.6385076039278272,0.11212457180918353
BANK_028,SCN_0432,Critical,Critical,0.000923821352431635,0.1921581150258877,0.8069180636216807
BANK_029,SCN_0432,Stressed,Critical,0.004446563990024808,0.27144821291244187,0.7241052230975336
BANK_030,SCN_0432,Critical,Critical,0.00019720171798062755,0.0012136423191619072,0.9985891559628575
BANK_031,SCN_0432,Healthy,Healthy,0.9617604161267691,0.03305253221205487,0.005187051661176128
BANK_032,SCN_0432,Stressed,Stressed,0.05146696897889768,0.9384611641979708,0.010071866823131504
BANK_033,SCN_0432,Critical,Critical,0.016422182273099977,0.2964312356365718,0.6871465820903285
BANK_034,SCN_0432,Critical,Stressed,0.05737727596461496,0.7068743774366333,0.23574834659875177
BANK_035,SCN_0432,Healthy,Healthy,0.9321438808461731,0.06181254362291122,0.006043575530915636
BANK_036,SCN_0432,Stressed,Stressed,0.4291768020801257,0.5553290380940336,0.015494159825840894
BANK_037,SCN_0432,Stressed,Stressed,0.02023451722435036,0.5822001408763854,0.3975653418992643
BANK_038,SCN_0432,Stressed,Stressed,0.028184890288425087,0.8953893928505349,0.07642571686104019
BANK_039,SCN_0432,Healthy,Healthy,0.9844241206059388,0.014495690714815872,0.001080188679245283
BANK_040,SCN_0432,Stressed,Stressed,0.3753884305570715,0.6207897224929965,0.0038218469499319277
BANK_001,SCN_0439,Healthy,Healthy,0.9750343344918849,0.024965665508115593,0.0
BANK_002,SCN_0439,Healthy,Healthy,0.6431407698819956,0.34499804440681053,0.011861185711193867
BANK_003,SCN_0439,Healthy,Healthy,0.5455522137020117,0.4308511554504709,0.0235966308475175
BANK_004,SCN_0439,Healthy,Healthy,0.7861969572607345,0.2111765147313975,0.002626528007868159
BANK_005,SCN_0439,Healthy,Healthy,0.9844276551898686,0.015222495184487136,0.00034984962564431766
BANK_006,SCN_0439,Stressed,Stressed,0.01807321535099444,0.9780798052220863,0.003846979426919633
BANK_007,SCN_0439,Healthy,Healthy,0.985083751718832,0.014754038736829001,0.0001622095443395103
BANK_008,SCN_0439,Stressed,Stressed,0.036911736383927064,0.9503546720701705,0.012733591545902772
BANK_009,SCN_0439,Healthy,Healthy,0.835325851301595,0.16346641254368927,0.0012077361547158222
BANK_010,SCN_0439,Stressed,Stressed,0.11393086473034043,0.8186055095897452,0.06746362567991498
BANK_011,SCN_0439,Healthy,Healthy,0.9345674272623332,0.06373401650311265,0.0016985562345540545
BANK_012,SCN_0439,Healthy,Healthy,0.987008768482032,0.012959864385630506,3.1367132337788954e-05
BANK_013,SCN_0439,Critical,Critical,0.0,0.00017666888471921653,0.9998233311152808
BANK_014,SCN_0439,Healthy,Stressed,0.2798633070498738,0.6839718751574555,0.03616481779267112
BANK_015,SCN_0439,Stressed,Stressed,0.0014823174081792729,0.6229373747513979,0.3755803078404227
BANK_016,SCN_0439,Healthy,Healthy,0.983225828055231,0.016503160315939833,0.00027101162882935126
BANK_017,SCN_0439,Stressed,Stressed,0.024156488619429376,0.6406968884947808,0.33514662288578984
BANK_018,SCN_0439,Healthy,Healthy,0.60580437852647,0.38487840400310375,0.00931721747042645
BANK_019,SCN_0439,Critical,Critical,0.0001341743119266055,0.0008143830454277971,0.9990514426426456
BANK_020,SCN_0439,Critical,Critical,2.591792656587473e-05,0.3743203727979776,0.625653709275457
BANK_021,SCN_0439,Stressed,Stressed,0.006126401243921969,0.8190111652821174,0.17486243347396008
BANK_022,SCN_0439,Critical,Critical,0.0,0.09341509776007273,0.9065849022399277
BANK_023,SCN_0439,Healthy,Healthy,0.8932034794656304,0.1021339664903469,0.004662554044022864
BANK_024,SCN_0439,Healthy,Stressed,0.45120813989882175,0.5438916915590811,0.004900168542097198
BANK_025,SCN_0439,Stressed,Stressed,0.4347749239484081,0.5344274381196099,0.030797637931981887
BANK_026,SCN_0439,Healthy,Healthy,0.8311664153793531,0.16146231384520007,0.00737127077544729
BANK_027,SCN_0439,Healthy,Healthy,0.6778687993114769,0.30940229994449925,0.01272890074402436
BANK_028,SCN_0439,Stressed,Stressed,0.0021023285212575936,0.6569550629270392,0.3409426085517027
BANK_029,SCN_0439,Stressed,Stressed,0.01870265061359346,0.7960284979915737,0.18526885139483265
BANK_030,SCN_0439,Critical,Critical,0.0001341743119266055,0.0007805019924246223,0.9990853236956487
BANK_031,SCN_0439,Healthy,Healthy,0.967938992956763,0.029882728808127795,0.0021782782351097607
BANK_032,SCN_0439,Healthy,Healthy,0.9136396861003381,0.08455288841117163,0.0018074254884907293
BANK_033,SCN_0439,Stressed,Stressed,0.05034145306988938,0.6865715053852941,0.26308704154481555
BANK_034,SCN_0439,Stressed,Stressed,0.38119326290972816,0.5794803997626724,0.03932633732759981
BANK_035,SCN_0439,Healthy,Healthy,0.968215800269752,0.030543797035528973,0.0012404026947192795
BANK_036,SCN_0439,Healthy,Healthy,0.8553228646209572,0.1395602405806208,0.005116894798421757
BANK_037,SCN_0439,Stressed,Stressed,0.1853326047171721,0.7839669366883065,0.030700458594521793
BANK_038,SCN_0439,Stressed,Stressed,0.4670907370268328,0.5206046427033223,0.012304620269844913
BANK_039,SCN_0439,Healthy,Healthy,0.9916052844386201,0.008394715561379842,0.0
BANK_040,SCN_0439,Healthy,Healthy,0.9361139056018505,0.06367344719028557,0.00021264720786459918
BANK_001,SCN_0441,Healthy,Healthy,0.9557874342808151,0.042366418636226685,0.001846147082958853
BANK_002,SCN_0441,Stressed,Stressed,0.4740161874938658,0.49811433587166987,0.027869476634463944
BANK_003,SCN_0441,Stressed,Stressed,0.33462183072602625,0.6174309728504044,0.04794719642356887
BANK_004,SCN_0441,Healthy,Healthy,0.7500354537578069,0.24559723851385692,0.004367307728335985
BANK_005,SCN_0441,Healthy,Healthy,0.9858660945469316,0.013038107260387068,0.0010957981926811664
BANK_006,SCN_0441,Stressed,Stressed,0.010979607529225251,0.9822251619770871,0.006795230493688127
BANK_007,SCN_0441,Healthy,Healthy,0.9879175997556401,0.011926134236424784,0.00015626600793534984
BANK_008,SCN_0441,Stressed,Stressed,0.022211893121199804,0.957055583196697,0.020732523682103196
BANK_009,SCN_0441,Stressed,Healthy,0.6203653409858354,0.37687608878001577,0.0027585702341489434
BANK_010,SCN_0441,Stressed,Stressed,0.08402254958093704,0.7780501900027446,0.13792726041631911
BANK_011,SCN_0441,Healthy,Healthy,0.8748844024832783,0.12189351132827603,0.003222086188446397
BANK_012,SCN_0441,Healthy,Healthy,0.9927961151888373,0.007125541616294482,7.834319486832145e-05
BANK_013,SCN_0441,Critical,Critical,0.00016275595570074098,0.0002159087859223079,0.9996213352583769
BANK_014,SCN_0441,Stressed,Stressed,0.11735963401921393,0.8209713171643783,0.061669048816408195
BANK_015,SCN_0441,Critical,Critical,0.0007565946156500527,0.48063070323874635,0.5186127021456037
BANK_016,SCN_0441,Healthy,Healthy,0.984416717062362,0.015224021771938457,0.0003592611656994657
BANK_017,SCN_0441,Critical,Stressed,0.01636844941892022,0.5660083168925115,0.417623233688568
BANK_018,SCN_0441,Stressed,Stressed,0.08331268559117577,0.8974867350660248,0.01920057934279934
BANK_019,SCN_0441,Critical,Critical,0.0003567109204346153,0.0010129638185481277,0.9986303252610174
BANK_020,SCN_0441,Critical,Critical,4.363636363636364e-06,0.03978879121403614,0.9602068451496011
BANK_021,SCN_0441,Stressed,Critical,0.001184287660656922,0.3765522979094226,0.622263414429921
BANK_022,SCN_0441,Critical,Critical,0.00016275595570074098,0.013298065013352544,0.986539179030947
BANK_023,SCN_0441,Healthy,Healthy,0.8165899606020082,0.17571404790729855,0.007695991490692961
BANK_024,SCN_0441,Stressed,Stressed,0.0105765878288102,0.9799323410621259,0.009491071109063871
BANK_025,SCN_0441,Stressed,Stressed,0.2182750299176422,0.722437040721048,0.059287929361309756
BANK_026,SCN_0441,Stressed,Healthy,0.6615360200848596,0.3259519125823324,0.012512067332808876
BANK_027,SCN_0441,Stressed,Stressed,0.4808166510085175,0.49057190599380907,0.0286114429976732
BANK_028,SCN_0441,Stressed,Critical,0.0010348566051389947,0.28175942860774467,0.7172057147871171
BANK_029,SCN_0441,Stressed,Stressed,0.008205866453065931,0.5622511814995708,0.4295429520473629
BANK_030,SCN_0441,Critical,Critical,0.00019720171798062755,0.0012136423191619072,0.9985891559628575
BANK_031,SCN_0441,Healthy,Healthy,0.9642359197929204,0.03141707105085045,0.004347009156229142
BANK_032,SCN_0441,Healthy,Healthy,0.8388134963850629,0.15749740900793374,0.0036890946070033824
BANK_033,SCN_0441,Stressed,Stressed,0.028670645404984513,0.5121401994408517,0.4591891551541634
BANK_034,SCN_0441,Stressed,Stressed,0.16229669222347115,0.7641189951482613,0.07358431262826774
BANK_035,SCN_0441,Healthy,Healthy,0.9525119874272597,0.04389916417552111,0.003588848397219312
BANK_036,SCN_0441,Healthy,Healthy,0.7202409054656407,0.26946103930651955,0.010298055227840318
BANK_037,SCN_0441,Stressed,Stressed,0.11699029288047541,0.8054150826291425,0.07759462449038221
BANK_038,SCN_0441,Stressed,Stressed,0.07818694767038274,0.8937370553079327,0.028075997021685097
BANK_039,SCN_0441,Healthy,Healthy,0.9910198262912672,0.007899985029487418,0.001080188679245283
BANK_040,SCN_0441,Healthy,Healthy,0.8657019351854603,0.13382644728788035,0.00047161752666005353
BANK_001,SCN_0451,Healthy,Healthy,0.9655404516356665,0.032613401281375264,0.001846147082958853
BANK_002,SCN_0451,Stressed,Healthy,0.5632067533581689,0.42022777347967855,0.016565473162152112
BANK_003,SCN_0451,Stressed,Stressed,0.4679216527683231,0.5002208137422656,0.03185753348941162
BANK_004,SCN_0451,Healthy,Healthy,0.7806697492777414,0.21597249018970988,0.003357760532548883
BANK_005,SCN_0451,Healthy,Healthy,0.9827127616403504,0.016943332270409645,0.0003439060892401572
BANK_006,SCN_0451,Stressed,Stressed,0.01008478239324928,0.985303619905171,0.004611597701580285
BANK_007,SCN_0451,Healthy,Healthy,0.9850201348700841,0.014823599121981206,0.00015626600793534984
BANK_008,SCN_0451,Stressed,Stressed,0.02968836730160972,0.9532611095697914,0.017050523128598893
BANK_009,SCN_0451,Healthy,Healthy,0.7479727481580322,0.24975905124293318,0.002268200599034639
BANK_010,SCN_0451,Stressed,Stressed,0.08822351943685593,0.8246482879728447,0.08712819259029955
BANK_011,SCN_0451,Healthy,Healthy,0.9198441944350576,0.07784358676783429,0.00231221879710826
BANK_012,SCN_0451,Healthy,Healthy,0.9864168017513113,0.013551831116351271,3.1367132337788954e-05
BANK_013,SCN_0451,Critical,Critical,0.00016275595570074098,0.0002159087859223079,0.9996213352583769
BANK_014,SCN_0451,Stressed,Stressed,0.2153211455991544,0.7392796349384412,0.04539921946240523
BANK_015,SCN_0451,Critical,Stressed,0.001333221487649309,0.5863535076512533,0.41231327086109815
BANK_016,SCN_0451,Healthy,Healthy,0.9818487595513348,0.01788617235623992,0.0002650680924251908
BANK_017,SCN_0451,Stressed,Stressed,0.022534747278025385,0.736304863747102,0.2411603889748733
BANK_018,SCN_0451,Stressed,Stressed,0.19267266877878111,0.7938336843541143,0.013493646867104301
BANK_019,SCN_0451,Critical,Critical,0.0002980471507442296,0.0006472857291481194,0.9990546671201076
BANK_020,SCN_0451,Critical,Critical,4.363636363636364e-06,0.06872442364538284,0.9312712127182541
BANK_021,SCN_0451,Stressed,Stressed,0.004318848558253285,0.565645225744255,0.43003592569749155
BANK_022,SCN_0451,Critical,Critical,0.00016275595570074098,0.024130234644188744,0.9757070094001109
BANK_023,SCN_0451,Healthy,Healthy,0.8794296659024697,0.11563723923922181,0.004933094858308655
BANK_024,SCN_0451,Stressed,Stressed,0.02319474189670589,0.9682368278635428,0.008568430239751491
BANK_025,SCN_0451,Stressed,Stressed,0.2909756083722904,0.6671363408088251,0.04188805081888413
BANK_026,SCN_0451,Healthy,Healthy,0.7956559979391712,0.19624762601600435,0.008096376044824792
BANK_027,SCN_0451,Stressed,Healthy,0.5791447226094044,0.40477939141271907,0.016075885977876313
BANK_028,SCN_0451,Critical,Stressed,0.0016956459734087145,0.5877308159152084,0.4105735381113826
BANK_029,SCN_0451,Critical,Stressed,0.014726442335645872,0.788500749618061,0.19677280804629269
BANK_030,SCN_0451,Critical,Critical,0.00013853794829024187,0.0008366732805959105,0.9990247887711139
BANK_031,SCN_0451,Healthy,Healthy,0.9624261385830482,0.03488845027000933,0.002685411146942808
BANK_032,SCN_0451,Healthy,Healthy,0.8957423437964174,0.10208612302426463,0.0021715331793179774
BANK_033,SCN_0451,Stressed,Stressed,0.03965282696734928,0.6167772895186905,0.3435698835139594
BANK_034,SCN_0451,Stressed,Stressed,0.2506397790790585,0.6949014733060463,0.05445874761489515
BANK_035,SCN_0451,Healthy,Healthy,0.9606954187029093,0.03704513462194546,0.002259446675145329
BANK_036,SCN_0451,Healthy,Healthy,0.8277041763635201,0.16596152478757945,0.0063342988488999325
BANK_037,SCN_0451,Stressed,Stressed,0.1315001521566226,0.8249782539299174,0.04352159391346114
BANK_038,SCN_0451,Healthy,Stressed,0.2850640584519503,0.6969261602835329,0.018009781264516533
BANK_039,SCN_0451,Healthy,Healthy,0.9878890671474361,0.01103074417331852,0.001080188679245283
BANK_040,SCN_0451,Healthy,Healthy,0.9241651547354378,0.075622198056698,0.00021264720786459918
BANK_001,SCN_0452,Stressed,Healthy,0.7496968231235132,0.24773174649046437,0.0025714303860229376
BANK_002,SCN_0452,Healthy,Stressed,0.25239061734895984,0.675217829135925,0.07239155351511549
BANK_003,SCN_0452,Stressed,Stressed,0.16637115778413228,0.6935238159481317,0.14010502626773594
BANK_004,SCN_0452,Healthy,Stressed,0.4238423769725386,0.5641637898851707,0.011993833142290364
BANK_005,SCN_0452,Healthy,Healthy,0.9861943555240673,0.01236002296169684,0.0014456215142359366
BANK_006,SCN_0452,Stressed,Stressed,0.005804581946343542,0.9763670146575564,0.017828403396100014
BANK_007,SCN_0452,Healthy,Healthy,0.9895418810332499,0.010297045826763619,0.00016107313998665461
BANK_008,SCN_0452,Stressed,Stressed,0.011639561607506864,0.9050122962856709,0.08334814210682263
BANK_009,SCN_0452,Healthy,Stressed,0.33415257288668776,0.6610980995227348,0.004749327590577645
BANK_010,SCN_0452,Stressed,Critical,0.014588552149129373,0.3469099224584668,0.6385015253924036
BANK_011,SCN_0452,Healthy,Stressed,0.4903838319216859,0.4998589549450333,0.009757213133280667
BANK_012,SCN_0452,Healthy,Healthy,0.9906059018845036,0.009315754920628048,7.834319486832145e-05
BANK_013,SCN_0452,Critical,Critical,0.00015950920245398772,0.00018721396049851052,0.9996532768370475
BANK_014,SCN_0452,Critical,Stressed,0.025729701382409976,0.6870461282644758,0.2872241703531144
BANK_015,SCN_0452,Critical,Critical,0.0007058191422803329,0.04984425710968042,0.9494499237480394
BANK_016,SCN_0452,Healthy,Healthy,0.980944298904073,0.01846539589458523,0.0005903052013417141
BANK_017,SCN_0452,Stressed,Critical,0.0048114622156598804,0.3495463875655267,0.6456421502188131
BANK_018,SCN_0452,Stressed,Stressed,0.05770297772212759,0.9168231139626264,0.02547390831524604
BANK_019,SCN_0452,Critical,Critical,0.0003567109204346153,0.0009064568503390318,0.9987368322292264
BANK_020,SCN_0452,Critical,Critical,4.363636363636364e-06,0.010797798717383119,0.9891978376462538
BANK_021,SCN_0452,Critical,Critical,0.0006665868161171038,0.204371464035654,0.7949619491482292
BANK_022,SCN_0452,Critical,Critical,0.00016275595570074098,0.006832218585515275,0.9930050254587844
BANK_023,SCN_0452,Stressed,Stressed,0.054723374555881416,0.9298849382715255,0.015391687172593245
BANK_024,SCN_0452,Stressed,Stressed,0.006334293681085327,0.958816542422538,0.03484916389637605
BANK_025,SCN_0452,Stressed,Stressed,0.12762888496808442,0.7106075123655647,0.16176360266635137
BANK_026,SCN_0452,Healthy,Stressed,0.36826104310554814,0.6110011565998749,0.020737800294576794
BANK_027,SCN_0452,Stressed,Stressed,0.25016963271305703,0.6644434806219873,0.0853868866649562
BANK_028,SCN_0452,Stressed,Critical,0.000923821352431635,0.19687367052463023,0.8022025081229378
BANK_029,SCN_0452,Stressed,Critical,0.004446563990024808,0.27360497938311457,0.7219484566268609
BANK_030,SCN_0452,Critical,Critical,0.00019720171798062755,0.0012136423191619072,0.9985891559628575
BANK_031,SCN_0452,Healthy,Healthy,0.9617604161267691,0.03305253221205487,0.005187051661176128
BANK_032,SCN_0452,Stressed,Stressed,0.05146696897889768,0.9384611641979708,0.010071866823131504
BANK_033,SCN_0452,Stressed,Critical,0.016422182273099977,0.2927075658584633,0.6908702518684369
BANK_034,SCN_0452,Stressed,Stressed,0.05737727596461496,0.7070359935982495,0.2355867304371356
BANK_035,SCN_0452,Healthy,Healthy,0.9319333545303836,0.062023069938700694,0.006043575530915636
BANK_036,SCN_0452,Stressed,Stressed,0.43095918569113845,0.5535466544830207,0.015494159825840894
BANK_037,SCN_0452,Stressed,Stressed,0.020517901791283513,0.536016226027924,0.4434658721807928
BANK_038,SCN_0452,Stressed,Stressed,0.028184890288425087,0.8953893928505349,0.07642571686104019
BANK_039,SCN_0452,Healthy,Healthy,0.984420382288182,0.014499429032572883,0.001080188679245283
BANK_040,SCN_0452,Healthy,Stressed,0.40182580382991956,0.5943523492201485,0.0038218469499319277
BANK_001,SCN_0456,Healthy,Healthy,0.8645467058669186,0.1333038520170679,0.0021494421160145587
BANK_002,SCN_0456,Healthy,Stressed,0.26717789190933566,0.6668873245764375,0.06593478351422709
BANK_003,SCN_0456,Healthy,Stressed,0.17220980906570732,0.6977297828852581,0.13006040804903454
BANK_004,SCN_0456,Stressed,Stressed,0.44733810170722943,0.5418021788281563,0.010859719464613716
BANK_005,SCN_0456,Healthy,Healthy,0.987027828702001,0.011876373105317818,0.0010957981926811664
BANK_006,SCN_0456,Stressed,Stressed,0.006120471256002858,0.9752941322900865,0.01858539645391082
BANK_007,SCN_0456,Healthy,Healthy,0.989198148894842,0.010725069152910719,7.678195224719102e-05
BANK_008,SCN_0456,Stressed,Stressed,0.01241068811053515,0.909568294560967,0.07802101732849838
BANK_009,SCN_0456,Healthy,Stressed,0.48564876868766804,0.510231247111672,0.004119984200659899
BANK_010,SCN_0456,Stressed,Stressed,0.01987662828232307,0.6057994498432783,0.3743239218743993
BANK_011,SCN_0456,Healthy,Healthy,0.653252878266302,0.3383555326775021,0.008391589056196167
BANK_012,SCN_0456,Healthy,Healthy,0.9916499058578727,0.008271750947258932,7.834319486832145e-05
BANK_013,SCN_0456,Critical,Critical,0.00015950920245398772,0.00018721396049851052,0.9996532768370475
BANK_014,SCN_0456,Stressed,Stressed,0.030142350948203483,0.7458561968215591,0.22400145223023815
BANK_015,SCN_0456,Stressed,Critical,0.0007058191422803329,0.1907134427201354,0.8085807381375839
BANK_016,SCN_0456,Healthy,Healthy,0.9811608152200715,0.018333170766326064,0.0005060140136022505
BANK_017,SCN_0456,Stressed,Critical,0.0052232481011825725,0.33671815281198897,0.6580585990868278
BANK_018,SCN_0456,Stressed,Stressed,0.05908444531653446,0.9177329358404409,0.0231826188430246
BANK_019,SCN_0456,Critical,Critical,0.0003567109204346153,0.0009064568503390318,0.9987368322292264
BANK_020,SCN_0456,Critical,Critical,4.363636363636364e-06,0.010966902439030332,0.9890287339246066
BANK_021,SCN_0456,Critical,Critical,0.0006846256520411684,0.281664196307866,0.7176511780400932
BANK_022,SCN_0456,Critical,Critical,0.00016275595570074098,0.023295794239454434,0.9765414498048453
BANK_023,SCN_0456,Stressed,Stressed,0.06294407814549309,0.9216667658422341,0.015389156012273213
BANK_024,SCN_0456,Stressed,Stressed,0.006932548175589619,0.9728320445653306,0.02023540725907943
BANK_025,SCN_0456,Healthy,Stressed,0.13580542642439114,0.7083721296935165,0.15582244388209263
BANK_026,SCN_0456,Healthy,Stressed,0.4337031796912791,0.5462604788474622,0.020036341461258537
BANK_027,SCN_0456,Stressed,Stressed,0.26224218889806117,0.6623440217975286,0.07541378930441094
BANK_028,SCN_0456,Critical,Critical,0.000923821352431635,0.16439652719355055,0.8346796514540186
BANK_029,SCN_0456,Stressed,Critical,0.004717455802560612,0.3476571039949659,0.6476254402024741
BANK_030,SCN_0456,Critical,Critical,0.00019720171798062755,0.0012136423191619072,0.9985891559628575
BANK_031,SCN_0456,Healthy,Healthy,0.9618519181977535,0.03304532132880995,0.005102760473436665
BANK_032,SCN_0456,Stressed,Stressed,0.05763982452021326,0.9321052684316146,0.010254907048172068
BANK_033,SCN_0456,Stressed,Critical,0.016961695929702227,0.35395315764411134,0.629085146426187
BANK_034,SCN_0456,Stressed,Stressed,0.06776086775649719,0.7505881138348716,0.18165101840863143
BANK_035,SCN_0456,Healthy,Healthy,0.9360088295220076,0.05847986896557349,0.005511301512418948
BANK_036,SCN_0456,Healthy,Stressed,0.47724873928436595,0.5086768801311009,0.014074380584533148
BANK_037,SCN_0456,Critical,Stressed,0.0224872593122957,0.6738867777918948,0.3036259628958095
BANK_038,SCN_0456,Stressed,Stressed,0.03167909749153405,0.8987248248199058,0.06959607768856024
BANK_039,SCN_0456,Healthy,Healthy,0.9843651739048698,0.014554637415885158,0.001080188679245283
BANK_040,SCN_0456,Healthy,Healthy,0.5506311701807927,0.4463034650402811,0.003065364778926224
BANK_001,SCN_0462,Healthy,Healthy,0.991772646505424,0.008227353494576215,0.0
BANK_002,SCN_0462,Healthy,Healthy,0.8877833347796192,0.11072866500267338,0.0014880002177071255
BANK_003,SCN_0462,Healthy,Healthy,0.773222350458457,0.22135975219404636,0.005417897347496493
BANK_004,SCN_0462,Healthy,Healthy,0.8890495369869477,0.11084743631332122,0.00010302669973139381
BANK_005,SCN_0462,Healthy,Healthy,0.987759400542478,0.01221090387168136,2.9695585840432348e-05
BANK_006,SCN_0462,Stressed,Stressed,0.005899663627722563,0.9935138624437089,0.0005864739285687009
BANK_007,SCN_0462,Healthy,Healthy,0.9895324667583775,0.010457470240748525,1.0063000873779424e-05
BANK_008,SCN_0462,Stressed,Stressed,0.046830235820758584,0.9445115494966159,0.008658214682625351
BANK_009,SCN_0462,Healthy,Healthy,0.9817183328379714,0.017979243756300396,0.00030242340572809675
BANK_010,SCN_0462,Stressed,Stressed,0.17512324532111037,0.8103743129301052,0.014502441748784086
BANK_011,SCN_0462,Healthy,Healthy,0.975502463524385,0.024459017416657784,3.85190589574575e-05
BANK_012,SCN_0462,Healthy,Healthy,0.9880936579775563,0.011882188596147888,2.4153426296310142e-05
BANK_013,SCN_0462,Critical,Critical,0.0,0.00016420782552918536,0.9998357921744708
BANK_014,SCN_0462,Stressed,Stressed,0.4381928987312038,0.5519225989931421,0.009884502275654317
BANK_015,SCN_0462,Stressed,Stressed,0.003893685611329069,0.8479495158045438,0.14815679858412842
BANK_016,SCN_0462,Healthy,Healthy,0.9880650243780268,0.011793188935877991,0.0001417866860953764
BANK_017,SCN_0462,Stressed,Stressed,0.03980263440498489,0.9161036312747844,0.04409373432023156
BANK_018,SCN_0462,Healthy,Healthy,0.9201879094232345,0.0789817146421664,0.0008303759345991138
BANK_019,SCN_0462,Critical,Critical,0.0,0.00010042186110007847,0.9998995781388998
BANK_020,SCN_0462,Critical,Critical,0.0002830607837087318,0.1614277993867888,0.8382891398295026
BANK_021,SCN_0462,Stressed,Stressed,0.013122099739972304,0.6831662900411622,0.30371161021886495
BANK_022,SCN_0462,Critical,Critical,0.0,0.07614249470267775,0.9238575052973214
BANK_023,SCN_0462,Healthy,Healthy,0.9700861717315867,0.0296501886334457,0.00026363963496751767
BANK_024,SCN_0462,Healthy,Healthy,0.667435048183778,0.3310527350650906,0.0015122167511318718
BANK_025,SCN_0462,Stressed,Healthy,0.6197343687356568,0.37327272071369133,0.0069929105506517765
BANK_026,SCN_0462,Healthy,Healthy,0.9686398515267878,0.031142871465616943,0.00021727700759520828
BANK_027,SCN_0462,Healthy,Healthy,0.9211819089567619,0.07726252487855446,0.001555566164683175
BANK_028,SCN_0462,Stressed,Stressed,0.005371880487890268,0.9659128164961492,0.028715303015961424
BANK_029,SCN_0462,Stressed,Stressed,0.028200065717049912,0.9406395232190504,0.031160411063899256
BANK_030,SCN_0462,Critical,Critical,0.0,0.00012734584450402144,0.999872654155496
BANK_031,SCN_0462,Healthy,Healthy,0.9849683179280198,0.014854094013841627,0.00017758805813897856
BANK_032,SCN_0462,Healthy,Healthy,0.9834702706795878,0.016520700521821766,9.028798590348542e-06
BANK_033,SCN_0462,Stressed,Stressed,0.07872910665647055,0.8686330258649494,0.05263786747857961
BANK_034,SCN_0462,Stressed,Healthy,0.6268636898919432,0.36700900165035116,0.006127308457705689
BANK_035,SCN_0462,Healthy,Healthy,0.9832334344457464,0.01672505225551889,4.151329873466679e-05
BANK_036,SCN_0462,Healthy,Healthy,0.9727945908173249,0.027070092125675557,0.00013531705699969192
BANK_037,SCN_0462,Stressed,Stressed,0.22462517174583418,0.7636252927824622,0.011749535471703347
BANK_038,SCN_0462,Healthy,Healthy,0.7494596958242944,0.24830024228977782,0.0022400618859276136
BANK_039,SCN_0462,Healthy,Healthy,0.9958274544669817,0.004172545533018044,0.0
BANK_040,SCN_0462,Healthy,Healthy,0.9846588656196098,0.01533544447996339,5.689900426742532e-06
BANK_001,SCN_0466,Healthy,Healthy,0.9686441726640459,0.031327164915572504,2.8662420382165606e-05
BANK_002,SCN_0466,Stressed,Healthy,0.5685959480741171,0.41691611901244546,0.014487932913437439
BANK_003,SCN_0466,Healthy,Stressed,0.4846300294046107,0.4859961647457285,0.02937380584966113
BANK_004,SCN_0466,Healthy,Healthy,0.7468717479564863,0.25026863520107484,0.002859616842439302
BANK_005,SCN_0466,Healthy,Healthy,0.9815946400610442,0.01805551031331156,0.00034984962564431766
BANK_006,SCN_0466,Stressed,Stressed,0.009912275411745369,0.9858327032472953,0.00425502134095988
BANK_007,SCN_0466,Healthy,Healthy,0.9844119376485034,0.01542585280715778,0.0001622095443395103
BANK_008,SCN_0466,Stressed,Stressed,0.028326034501836513,0.9555383376097981,0.016135627888365357
BANK_009,SCN_0466,Healthy,Healthy,0.8027021504684032,0.1960818031275733,0.0012160464040233017
BANK_010,SCN_0466,Healthy,Stressed,0.09745142265170738,0.8235418150028279,0.07900676234546515
BANK_011,SCN_0466,Healthy,Healthy,0.9268099034701591,0.0714531343648433,0.0017369621649975236
BANK_012,SCN_0466,Healthy,Healthy,0.9862289135145662,0.013739719353096388,3.1367132337788954e-05
BANK_013,SCN_0466,Critical,Critical,0.0,0.00017666888471921653,0.9998233311152808
BANK_014,SCN_0466,Healthy,Stressed,0.22143572956828167,0.7359932065145673,0.042571063917151625
BANK_015,SCN_0466,Stressed,Stressed,0.001383229098266706,0.5635682675393253,0.4350485033624084
BANK_016,SCN_0466,Healthy,Healthy,0.9805537709022574,0.01917521746891316,0.00027101162882935126
BANK_017,SCN_0466,Stressed,Stressed,0.022064800065157295,0.7808905098554473,0.1970446900793962
BANK_018,SCN_0466,Healthy,Stressed,0.2250993274403235,0.7634092941583626,0.011491378401313736
BANK_019,SCN_0466,Critical,Critical,0.0001341743119266055,0.0005835523214515217,0.9992822733666219
BANK_020,SCN_0466,Critical,Critical,0.0,0.09150927745799074,0.9084907225420097
BANK_021,SCN_0466,Critical,Stressed,0.004284931806261302,0.7927677462909845,0.20294732190275377
BANK_022,SCN_0466,Critical,Critical,0.0,0.02647655973502067,0.9735234402649797
BANK_023,SCN_0466,Healthy,Healthy,0.8831216960039131,0.11196144032328656,0.004916863672800577
BANK_024,SCN_0466,Healthy,Stressed,0.029009946507279446,0.9630985409467099,0.007891512546010749
BANK_025,SCN_0466,Stressed,Stressed,0.316677134399032,0.6437787634682632,0.03954410213270433
BANK_026,SCN_0466,Healthy,Healthy,0.8090169150213791,0.1836118142031739,0.00737127077544729
BANK_027,SCN_0466,Healthy,Healthy,0.5922682940069193,0.3933215824009319,0.01441012359214898
BANK_028,SCN_0466,Stressed,Stressed,0.0013997308289367526,0.5657038698516433,0.4328963993194194
BANK_029,SCN_0466,Stressed,Stressed,0.016526559750664176,0.8016320453244521,0.18184139492488344
BANK_030,SCN_0466,Critical,Critical,0.0001341743119266055,0.0007805019924246223,0.9990853236956487
BANK_031,SCN_0466,Healthy,Healthy,0.9627366031982232,0.03499442644256243,0.002268970359214773
BANK_032,SCN_0466,Healthy,Healthy,0.9052584937874246,0.09285983478440955,0.0018816714281659032
BANK_033,SCN_0466,Stressed,Stressed,0.04672950386706443,0.6804923726345707,0.27277812349836333
BANK_034,SCN_0466,Healthy,Stressed,0.2767821995384468,0.6722603602454751,0.05095744021607824
BANK_035,SCN_0466,Healthy,Healthy,0.9613282597209106,0.03668529066220266,0.001986449616886762
BANK_036,SCN_0466,Healthy,Healthy,0.8391437015589422,0.15544906804491265,0.005407230396144628
BANK_037,SCN_0466,Stressed,Stressed,0.13111300053009378,0.8289411923790291,0.03994580709087815
BANK_038,SCN_0466,Stressed,Stressed,0.293373614693247,0.690323314285297,0.016303071021456176
BANK_039,SCN_0466,Healthy,Healthy,0.9903574661603317,0.009642533839668255,0.0
BANK_040,SCN_0466,Healthy,Healthy,0.9295920489998913,0.07019530379224453,0.00021264720786459918
BANK_001,SCN_0473,Healthy,Healthy,0.994807476214231,0.005192523785769006,0.0
BANK_002,SCN_0473,Healthy,Healthy,0.9529877562145918,0.045660812152095775,0.001351431633312454
BANK_003,SCN_0473,Healthy,Healthy,0.9233767505950384,0.0733275715232049,0.003295677881756477
BANK_004,SCN_0473,Healthy,Healthy,0.9773215834118283,0.022575389888440822,0.00010302669973139381
BANK_005,SCN_0473,Healthy,Healthy,0.9926615943196265,0.007308710094532692,2.9695585840432348e-05
BANK_006,SCN_0473,Stressed,Stressed,0.007136134717084244,0.9925705671632111,0.00029329811970473554
BANK_007,SCN_0473,Healthy,Healthy,0.9941766134924751,0.005813323506650966,1.0063000873779424e-05
BANK_008,SCN_0473,Healthy,Healthy,0.7210694414659573,0.27765680520663344,0.0012737533274094228
BANK_009,SCN_0473,Healthy,Healthy,0.9894517125527779,0.010289659661931747,0.0002586277852901405
BANK_010,SCN_0473,Healthy,Healthy,0.6622809334672457,0.33520418232608773,0.0025148842066663045
BANK_011,SCN_0473,Healthy,Healthy,0.9861313844803486,0.013830096460694087,3.85190589574575e-05
BANK_012,SCN_0473,Healthy,Healthy,0.993224547414723,0.006751299158981035,2.4153426296310142e-05
BANK_013,SCN_0473,Critical,Critical,0.0,0.00016420782552918536,0.9998357921744708
BANK_014,SCN_0473,Healthy,Healthy,0.8800042523474164,0.11709016304480213,0.0029055846077818176
BANK_015,SCN_0473,Stressed,Stressed,0.006755260503864446,0.9733654511749588,0.01987928832117741
BANK_016,SCN_0473,Healthy,Healthy,0.9941418728845474,0.005716340429357572,0.0001417866860953764
BANK_017,SCN_0473,Stressed,Stressed,0.10664069254473095,0.8720068266662135,0.02135248078905691
BANK_018,SCN_0473,Healthy,Healthy,0.9631284668639912,0.03637170259666137,0.0004998305393478362
BANK_019,SCN_0473,Critical,Critical,0.0,0.00048031496062992123,0.99951968503937
BANK_020,SCN_0473,Stressed,Stressed,0.00042789953113375187,0.7999396868408954,0.19963241362797182
BANK_021,SCN_0473,Stressed,Stressed,0.025668377406200333,0.9609523145763252,0.01337930801747436
BANK_022,SCN_0473,Critical,Stressed,0.0011899236196679967,0.565742373276934,0.433067703103398
BANK_023,SCN_0473,Healthy,Healthy,0.9799862891331828,0.01975961018256566,0.00025410068425209644
BANK_024,SCN_0473,Healthy,Healthy,0.9808016845651916,0.01807652135148365,0.0011217940833246117
BANK_025,SCN_0473,Healthy,Healthy,0.8861376790708634,0.11133943394383032,0.002522886985305619
BANK_026,SCN_0473,Healthy,Healthy,0.9765424772918614,0.02324626352449838,0.00021125918364035034
BANK_027,SCN_0473,Healthy,Healthy,0.9611616203259131,0.03741938209379798,0.0014189975802885038
BANK_028,SCN_0473,Stressed,Stressed,0.012164443309387686,0.9786781882035753,0.009157368487037307
BANK_029,SCN_0473,Stressed,Stressed,0.08355227087508371,0.8927169178043015,0.023730811320615143
BANK_030,SCN_0473,Critical,Critical,0.0,0.0005289851887663165,0.9994710148112337
BANK_031,SCN_0473,Healthy,Healthy,0.9903368324774601,0.009485579464401336,0.00017758805813897856
BANK_032,SCN_0473,Healthy,Healthy,0.9867587284536774,0.013222393391415762,1.8878154906979613e-05
BANK_033,SCN_0473,Stressed,Stressed,0.10602512728220614,0.8517941975188321,0.04218067519896155
BANK_034,SCN_0473,Healthy,Healthy,0.9087381841660139,0.08882322608403394,0.0024385897499523204
BANK_035,SCN_0473,Healthy,Healthy,0.9891457503378895,0.0108092152366152,4.503442549523017e-05
BANK_036,SCN_0473,Healthy,Healthy,0.9791139761284471,0.020756724638508396,0.000129299233044834
BANK_037,SCN_0473,Healthy,Healthy,0.8412638324652545,0.15838182179303845,0.00035434574170739423
BANK_038,SCN_0473,Healthy,Healthy,0.9625544006225867,0.0372991754322494,0.00014642394516379366
BANK_039,SCN_0473,Healthy,Healthy,0.9975066099869029,0.002424473472509718,6.891654058727268e-05
BANK_040,SCN_0473,Healthy,Healthy,0.9895392336098312,0.010451555362981575,9.211027187305913e-06
BANK_001,SCN_0476,Healthy,Healthy,0.9593544851085828,0.038799367808458954,0.001846147082958853
BANK_002,SCN_0476,Stressed,Stressed,0.4629115346510176,0.5098927244304171,0.027195740918565057
BANK_003,SCN_0476,Stressed,Stressed,0.3308978632701196,0.6221765130131648,0.04692562371671492
BANK_004,SCN_0476,Healthy,Healthy,0.752275553427585,0.2433875076076365,0.004336938964778502
BANK_005,SCN_0476,Healthy,Healthy,0.9855857545893234,0.013318447217995402,0.0010957981926811664
BANK_006,SCN_0476,Stressed,Stressed,0.011100625200036143,0.9822425973930389,0.006656777406925516
BANK_007,SCN_0476,Healthy,Healthy,0.9880469624901118,0.0117967715019532,0.00015626600793534984
BANK_008,SCN_0476,Stressed,Stressed,0.024015723042338448,0.9557318139515858,0.02025246300607579
BANK_009,SCN_0476,Healthy,Healthy,0.6181443719994587,0.37914072588866315,0.002714902111878201
BANK_010,SCN_0476,Healthy,Stressed,0.08500052045733238,0.7828029272503628,0.1321965522923052
BANK_011,SCN_0476,Healthy,Healthy,0.8694172143556345,0.12739106821947688,0.003191717424888913
BANK_012,SCN_0476,Healthy,Healthy,0.9926534991738518,0.007268157631279974,7.834319486832145e-05
BANK_013,SCN_0476,Critical,Critical,0.00016275595570074098,0.0002159087859223079,0.9996213352583769
BANK_014,SCN_0476,Stressed,Stressed,0.1287428122681059,0.8090748627217997,0.06218232501009502
BANK_015,SCN_0476,Stressed,Critical,0.0007907826498380868,0.38319100355146807,0.6160182137986938
BANK_016,SCN_0476,Healthy,Healthy,0.9847100359666271,0.01493070286767333,0.0003592611656994657
BANK_017,SCN_0476,Stressed,Critical,0.0176314649877443,0.4803304209585657,0.5020381140536896
BANK_018,SCN_0476,Stressed,Stressed,0.0865966772629948,0.8944342054121673,0.018969117324838063
BANK_019,SCN_0476,Critical,Critical,0.0003567109204346153,0.0010561696613311372,0.9985871194182343
BANK_020,SCN_0476,Critical,Critical,4.363636363636364e-06,0.061110530677188794,0.938885105686448
BANK_021,SCN_0476,Stressed,Critical,0.001304287502085335,0.4881665731700894,0.5105291393278252
BANK_022,SCN_0476,Critical,Critical,0.00016275595570074098,0.024026375036999042,0.9758108690073006
BANK_023,SCN_0476,Healthy,Healthy,0.8329674632197659,0.15964780356768654,0.0073847332125472655
BANK_024,SCN_0476,Stressed,Stressed,0.010723107975330347,0.9798966571895271,0.00938023483514252
BANK_025,SCN_0476,Stressed,Stressed,0.2366981295126095,0.7055478702877153,0.05775400019967478
BANK_026,SCN_0476,Healthy,Healthy,0.6642221331177877,0.32330946767167495,0.012468399210538132
BANK_027,SCN_0476,Stressed,Stressed,0.4733338018008387,0.4990606446675511,0.02760555353160982
BANK_028,SCN_0476,Stressed,Critical,0.0011047589250413146,0.29674646190618154,0.7021487791687779
BANK_029,SCN_0476,Stressed,Stressed,0.00852847259256503,0.581584042864715,0.40988748454271967
BANK_030,SCN_0476,Critical,Critical,0.00019720171798062755,0.0012136423191619072,0.9985891559628575
BANK_031,SCN_0476,Healthy,Healthy,0.9647595967499563,0.030893394093814638,0.004347009156229142
BANK_032,SCN_0476,Healthy,Healthy,0.8579667365563123,0.13844059475272025,0.0035926686909676523
BANK_033,SCN_0476,Critical,Stressed,0.02964390353983399,0.5286790712542727,0.44167702520589297
BANK_034,SCN_0476,Stressed,Stressed,0.1692637973850949,0.7600972176008466,0.07063898501405862
BANK_035,SCN_0476,Healthy,Healthy,0.9526750403390599,0.04373611126372083,0.003588848397219312
BANK_036,SCN_0476,Healthy,Healthy,0.7428470021623627,0.24751721478974312,0.009635783047894442
BANK_037,SCN_0476,Stressed,Stressed,0.09281374079011599,0.8541912989121034,0.05299496029778102
BANK_038,SCN_0476,Stressed,Stressed,0.12216986060360738,0.8505872709262124,0.02724286847018091
BANK_039,SCN_0476,Healthy,Healthy,0.9912880466698736,0.007631764650881164,0.001080188679245283
BANK_040,SCN_0476,Healthy,Healthy,0.8835970529702405,0.11597499762537068,0.00042794940438931116
BANK_001,SCN_0478,Healthy,Healthy,0.993307911277916,0.006692088722084096,0.0
BANK_002,SCN_0478,Healthy,Healthy,0.9321303442466106,0.06646347371750028,0.0014061820358889435
BANK_003,SCN_0478,Healthy,Healthy,0.8395782189007294,0.15655693119774677,0.0038648499015238227
BANK_004,SCN_0478,Healthy,Healthy,0.9708324405841728,0.029064532716096225,0.00010302669973139381
BANK_005,SCN_0478,Healthy,Healthy,0.9912633464472267,0.008706957966932742,2.9695585840432348e-05
BANK_006,SCN_0478,Stressed,Stressed,0.005735756004587471,0.9937208371571213,0.0005434068382913102
BANK_007,SCN_0478,Healthy,Healthy,0.9917530968483119,0.00823684015081433,1.0063000873779424e-05
BANK_008,SCN_0478,Stressed,Stressed,0.04763912605187227,0.9474176175896715,0.004943256358456217
BANK_009,SCN_0478,Healthy,Healthy,0.9830512778785145,0.016646298715757457,0.00030242340572809675
BANK_010,SCN_0478,Stressed,Stressed,0.2599813152088077,0.7296648623823918,0.010353822408800234
BANK_011,SCN_0478,Healthy,Healthy,0.9829543131202849,0.01700716782075773,3.85190589574575e-05
BANK_012,SCN_0478,Healthy,Healthy,0.9930302781305445,0.006945568443159613,2.4153426296310142e-05
BANK_013,SCN_0478,Critical,Critical,0.0,0.00016420782552918536,0.9998357921744708
BANK_014,SCN_0478,Healthy,Stressed,0.4956941241333137,0.4981491515092048,0.006156724357481467
BANK_015,SCN_0478,Stressed,Stressed,0.004151286281231364,0.9102257476712987,0.08562296604747115
BANK_016,SCN_0478,Healthy,Healthy,0.9935024809339058,0.006355732379998939,0.0001417866860953764
BANK_017,SCN_0478,Stressed,Stressed,0.0428891862807089,0.9290354301364686,0.02807538358282332
BANK_018,SCN_0478,Healthy,Healthy,0.9456092499664018,0.05366946500809033,0.0007212850255082046
BANK_019,SCN_0478,Critical,Critical,0.0,0.0002924901185770751,0.999707509881423
BANK_020,SCN_0478,Critical,Critical,0.0002830607837087318,0.15954056977677558,0.8401763694395158
BANK_021,SCN_0478,Stressed,Stressed,0.01960087178611541,0.9230733360395992,0.05732579217428593
BANK_022,SCN_0478,Critical,Critical,0.0,0.2071603392865836,0.7928396607134162
BANK_023,SCN_0478,Healthy,Healthy,0.9725402843279953,0.027196076037037165,0.00026363963496751767
BANK_024,SCN_0478,Healthy,Healthy,0.9482079684915136,0.05049430880407426,0.0012977227044120648
BANK_025,SCN_0478,Healthy,Healthy,0.6995602560722046,0.2963646305292577,0.004075113398537365
BANK_026,SCN_0478,Healthy,Healthy,0.9714494237693173,0.028333299223087516,0.00021727700759520828
BANK_027,SCN_0478,Healthy,Healthy,0.9387340290073465,0.059792223009787794,0.001473747982864993
BANK_028,SCN_0478,Stressed,Stressed,0.005880502785691544,0.9815098090181126,0.012609688196196808
BANK_029,SCN_0478,Stressed,Stressed,0.030007653108862872,0.9437482962744754,0.026244050616661158
BANK_030,SCN_0478,Critical,Critical,0.0,0.00012734584450402144,0.999872654155496
BANK_031,SCN_0478,Healthy,Healthy,0.9891455950596487,0.010676816882212555,0.00017758805813897856
BANK_032,SCN_0478,Healthy,Healthy,0.9841855133521632,0.01580545784924639,9.028798590348542e-06
BANK_033,SCN_0478,Stressed,Stressed,0.08210301600186698,0.8709381587419066,0.04695882525622606
BANK_034,SCN_0478,Healthy,Healthy,0.7089256406094869,0.28724103070650536,0.0038333286840081075
BANK_035,SCN_0478,Healthy,Healthy,0.9850784409423493,0.014880045758915987,4.151329873466679e-05
BANK_036,SCN_0478,Healthy,Healthy,0.9764656334500497,0.023399049492951084,0.00013531705699969192
BANK_037,SCN_0478,Stressed,Stressed,0.30258568330392654,0.6888622560650056,0.008552060631067615
BANK_038,SCN_0478,Healthy,Healthy,0.8656589099049089,0.1336546776019897,0.0006864124931021129
BANK_039,SCN_0478,Healthy,Healthy,0.9976086244572714,0.0023913755427284323,0.0
BANK_040,SCN_0478,Healthy,Healthy,0.9885488377633638,0.011445472336209565,5.689900426742532e-06
BANK_001,SCN_0484,Healthy,Healthy,0.9948010659578209,0.005198934042179263,0.0
BANK_002,SCN_0484,Healthy,Healthy,0.9526061399633641,0.04604242840332352,0.001351431633312454
BANK_003,SCN_0484,Healthy,Healthy,0.9221683537540195,0.07447829394561915,0.0033533523003611283
BANK_004,SCN_0484,Healthy,Healthy,0.9773215834118283,0.022575389888440822,0.00010302669973139381
BANK_005,SCN_0484,Healthy,Healthy,0.9926615943196265,0.007308710094532692,2.9695585840432348e-05
BANK_006,SCN_0484,Stressed,Stressed,0.007353282485343005,0.9922769656336247,0.00036975188103239133
BANK_007,SCN_0484,Healthy,Healthy,0.9941331352316055,0.0058568017675205315,1.0063000873779424e-05
BANK_008,SCN_0484,Stressed,Stressed,0.339947010639062,0.6578137365840965,0.002239252776840382
BANK_009,SCN_0484,Healthy,Healthy,0.9894453022963676,0.010296069918342005,0.0002586277852901405
BANK_010,SCN_0484,Healthy,Healthy,0.6088677794347097,0.38812095029728755,0.003011270268002343
BANK_011,SCN_0484,Healthy,Healthy,0.9860875888599107,0.013873892081132043,3.85190589574575e-05
BANK_012,SCN_0484,Healthy,Healthy,0.993224547414723,0.006751299158981035,2.4153426296310142e-05
BANK_013,SCN_0484,Critical,Critical,0.0,0.00016420782552918536,0.9998357921744708
BANK_014,SCN_0484,Healthy,Healthy,0.8560037353746577,0.1410330055989562,0.0029632590263864683
BANK_015,SCN_0484,Stressed,Stressed,0.005035056433558638,0.9743296151792505,0.020635328387190992
BANK_016,SCN_0484,Healthy,Healthy,0.9941418728845474,0.005716340429357572,0.0001417866860953764
BANK_017,SCN_0484,Stressed,Stressed,0.08927250493541691,0.8884913668531478,0.0222361282114361
BANK_018,SCN_0484,Healthy,Healthy,0.9631284668639912,0.03637170259666137,0.0004998305393478362
BANK_019,SCN_0484,Critical,Critical,0.0,0.00048031496062992123,0.99951968503937
BANK_020,SCN_0484,Stressed,Critical,0.00042789953113375187,0.43216449761324194,0.5674076028556244
BANK_021,SCN_0484,Stressed,Stressed,0.022721708739097787,0.9624906734528447,0.014787617808057443
BANK_022,SCN_0484,Stressed,Critical,0.0011899236196679967,0.4802172362764923,0.5185928401038397
BANK_023,SCN_0484,Healthy,Healthy,0.9799862891331828,0.01975961018256566,0.00025410068425209644
BANK_024,SCN_0484,Healthy,Healthy,0.9803480763177689,0.018530129598906327,0.0011217940833246117
BANK_025,SCN_0484,Healthy,Healthy,0.8806899868052487,0.11678712620944488,0.002522886985305619
BANK_026,SCN_0484,Healthy,Healthy,0.9765360670354511,0.02325267378090864,0.00021125918364035034
BANK_027,SCN_0484,Healthy,Healthy,0.9613287566483963,0.03725224577131482,0.0014189975802885038
BANK_028,SCN_0484,Stressed,Stressed,0.022496674864833942,0.9679181130736846,0.009585212061482079
BANK_029,SCN_0484,Stressed,Stressed,0.04371249594807092,0.9311178799090125,0.025169624142916024
BANK_030,SCN_0484,Critical,Critical,0.0,0.0005289851887663165,0.9994710148112337
BANK_031,SCN_0484,Healthy,Healthy,0.9903256592931026,0.009496752648758879,0.00017758805813897856
BANK_032,SCN_0484,Healthy,Healthy,0.9850458641093005,0.014935257735792656,1.8878154906979613e-05
BANK_033,SCN_0484,Stressed,Stressed,0.08656758893163431,0.8691766049433417,0.044255806125023604
BANK_034,SCN_0484,Healthy,Healthy,0.904528922419314,0.0929990849079783,0.0024719926727080617
BANK_035,SCN_0484,Healthy,Healthy,0.989134577153532,0.010820388420972743,4.503442549523017e-05
BANK_036,SCN_0484,Healthy,Healthy,0.9791139761284471,0.020756724638508396,0.000129299233044834
BANK_037,SCN_0484,Healthy,Healthy,0.7985119756566484,0.20061401161652115,0.0008740127268309099
BANK_038,SCN_0484,Healthy,Healthy,0.9583650806660295,0.041488495388806355,0.00014642394516379366
BANK_039,SCN_0484,Healthy,Healthy,0.9975066099869029,0.002424473472509718,6.891654058727268e-05
BANK_040,SCN_0484,Healthy,Healthy,0.9895392336098312,0.010451555362981575,9.211027187305913e-06
BANK_001,SCN_0486,Healthy,Healthy,0.9948010659578209,0.005198934042179263,0.0
BANK_002,SCN_0486,Healthy,Healthy,0.9525114721311961,0.04613709623549136,0.001351431633312454
BANK_003,SCN_0486,Healthy,Healthy,0.9213960632188132,0.07523601253182732,0.003367924249359307
BANK_004,SCN_0486,Healthy,Healthy,0.9773215834118283,0.022575389888440822,0.00010302669973139381
BANK_005,SCN_0486,Healthy,Healthy,0.9926615943196265,0.007308710094532692,2.9695585840432348e-05
BANK_006,SCN_0486,Stressed,Stressed,0.006748387055031756,0.9928672891149376,0.00038432383003056994
BANK_007,SCN_0486,Healthy,Healthy,0.9941331352316055,0.0058568017675205315,1.0063000873779424e-05
BANK_008,SCN_0486,Stressed,Stressed,0.3005541071552847,0.6970180324770986,0.002427860367616139
BANK_009,SCN_0486,Healthy,Healthy,0.9894453022963676,0.010296069918342005,0.0002586277852901405
BANK_010,SCN_0486,Healthy,Healthy,0.5880602348393118,0.4088593010949479,0.0030804640657400174
BANK_011,SCN_0486,Healthy,Healthy,0.9860875888599107,0.013873892081132043,3.85190589574575e-05
BANK_012,SCN_0486,Healthy,Healthy,0.993224547414723,0.006751299158981035,2.4153426296310142e-05
BANK_013,SCN_0486,Critical,Critical,0.0,0.00016420782552918536,0.9998357921744708
BANK_014,SCN_0486,Healthy,Healthy,0.8195876793799454,0.17743448964467004,0.0029778309753846466
BANK_015,SCN_0486,Stressed,Stressed,0.005051792835232278,0.9742459331708824,0.02070227399388555
BANK_016,SCN_0486,Healthy,Healthy,0.9941418728845474,0.005716340429357572,0.0001417866860953764
BANK_017,SCN_0486,Stressed,Stressed,0.09356118285222194,0.884169539765072,0.022269277382706818
BANK_018,SCN_0486,Healthy,Healthy,0.9620808924871485,0.03730389235811943,0.0006152151547324516
BANK_019,SCN_0486,Critical,Critical,0.0,0.00048031496062992123,0.99951968503937
BANK_020,SCN_0486,Stressed,Critical,0.00042789953113375187,0.43849367213846646,0.5610784283304
BANK_021,SCN_0486,Stressed,Stressed,0.02172745612978241,0.9633025958400809,0.014969948030136621
BANK_022,SCN_0486,Critical,Stressed,0.0011899236196679967,0.5016912052935856,0.49711887108674646
BANK_023,SCN_0486,Healthy,Healthy,0.9799862891331828,0.01975961018256566,0.00025410068425209644
BANK_024,SCN_0486,Healthy,Healthy,0.9799327910055636,0.018945414911111583,0.0011217940833246117
BANK_025,SCN_0486,Healthy,Healthy,0.8790092024623338,0.11846791055235975,0.002522886985305619
BANK_026,SCN_0486,Healthy,Healthy,0.9765360670354511,0.02325267378090864,0.00021125918364035034
BANK_027,SCN_0486,Healthy,Healthy,0.9611613615435013,0.03741964087620993,0.0014189975802885038
BANK_028,SCN_0486,Stressed,Stressed,0.012210403992848765,0.9781921888237185,0.009597407183433299
BANK_029,SCN_0486,Stressed,Stressed,0.043107600517759664,0.9317082033903255,0.0251841960919142
BANK_030,SCN_0486,Critical,Critical,0.0,0.0005289851887663165,0.9994710148112337
BANK_031,SCN_0486,Healthy,Healthy,0.9903256592931026,0.009496752648758879,0.00017758805813897856
BANK_032,SCN_0486,Healthy,Healthy,0.9850286227299901,0.014952499115103003,1.8878154906979613e-05
BANK_033,SCN_0486,Stressed,Stressed,0.08596269350132306,0.8697669284246546,0.04427037807402179
BANK_034,SCN_0486,Healthy,Healthy,0.9021955778834405,0.09520247287946897,0.0026019492370908557
BANK_035,SCN_0486,Healthy,Healthy,0.989134577153532,0.010820388420972743,4.503442549523017e-05
BANK_036,SCN_0486,Healthy,Healthy,0.9791139761284471,0.020756724638508396,0.000129299233044834
BANK_037,SCN_0486,Healthy,Healthy,0.7854004703222527,0.21340033986778414,0.0011991898099636344
BANK_038,SCN_0486,Healthy,Healthy,0.9512361525764876,0.048617423478348396,0.00014642394516379366
BANK_039,SCN_0486,Healthy,Healthy,0.9975066099869029,0.002424473472509718,6.891654058727268e-05
BANK_040,SCN_0486,Healthy,Healthy,0.9895392336098312,0.010451555362981575,9.211027187305913e-06
BANK_001,SCN_0491,Healthy,Healthy,0.7771459317238013,0.2203548028386296,0.002499265437569329
BANK_002,SCN_0491,Critical,Stressed,0.2650761712923025,0.6658391960034507,0.06908463270424711
BANK_003,SCN_0491,Stressed,Stressed,0.16643072022922592,0.6949824701016076,0.13858680966916645
BANK_004,SCN_0491,Stressed,Stressed,0.4728130994659099,0.5161774766775845,0.011009423856505609
BANK_005,SCN_0491,Healthy,Healthy,0.9863787267084385,0.012175651777325654,0.0014456215142359366
BANK_006,SCN_0491,Stressed,Stressed,0.00609413303748656,0.974045213456454,0.01986065350605957
BANK_007,SCN_0491,Healthy,Healthy,0.9892752364912076,0.01064798155654542,7.678195224719102e-05
BANK_008,SCN_0491,Stressed,Stressed,0.012343016597010932,0.9061983391692968,0.08145864423369273
BANK_009,SCN_0491,Healthy,Stressed,0.4576370235474965,0.5378705885892445,0.004492387863259024
BANK_010,SCN_0491,Critical,Stressed,0.017385443045552663,0.584027979799079,0.39858657715536866
BANK_011,SCN_0491,Healthy,Healthy,0.6263937855755483,0.36511646585905344,0.00848974856539862
BANK_012,SCN_0491,Healthy,Healthy,0.9916499058578727,0.008271750947258932,7.834319486832145e-05
BANK_013,SCN_0491,Critical,Critical,0.00015950920245398772,0.00018721396049851052,0.9996532768370475
BANK_014,SCN_0491,Stressed,Stressed,0.02813398551010277,0.7583112978828506,0.21355471660704797
BANK_015,SCN_0491,Critical,Critical,0.0007058191422803329,0.1814274728759962,0.8178667079817233
BANK_016,SCN_0491,Healthy,Healthy,0.9812852950726555,0.01820869091374232,0.0005060140136022505
BANK_017,SCN_0491,Critical,Critical,0.004937108635364976,0.40363992497969386,0.5914229663849409
BANK_018,SCN_0491,Stressed,Stressed,0.0582906978406095,0.918310294364072,0.023399007795318588
BANK_019,SCN_0491,Critical,Critical,0.0003567109204346153,0.0009064568503390318,0.9987368322292264
BANK_020,SCN_0491,Critical,Critical,4.363636363636364e-06,0.010797798717383119,0.9891978376462538
BANK_021,SCN_0491,Critical,Critical,0.0006745076081963118,0.19698646409726503,0.8023390282945393
BANK_022,SCN_0491,Critical,Critical,0.00016275595570074098,0.006832218585515275,0.9930050254587844
BANK_023,SCN_0491,Stressed,Stressed,0.0553284361839512,0.928963261588522,0.015708302227526835
BANK_024,SCN_0491,Stressed,Stressed,0.006768335410671446,0.9729295470111463,0.02030211757818184
BANK_025,SCN_0491,Stressed,Stressed,0.13268399888411958,0.7045928248792984,0.16272317623658247
BANK_026,SCN_0491,Stressed,Stressed,0.41145790996305387,0.5678166911895318,0.020725398847414273
BANK_027,SCN_0491,Healthy,Stressed,0.25746214069985646,0.6640114990958712,0.07852636020427309
BANK_028,SCN_0491,Stressed,Critical,0.000923821352431635,0.1502147285481645,0.8488614500994041
BANK_029,SCN_0491,Critical,Critical,0.004398125496815697,0.2866042164149995,0.7089976580881852
BANK_030,SCN_0491,Critical,Critical,0.00019720171798062755,0.0012136423191619072,0.9985891559628575
BANK_031,SCN_0491,Healthy,Healthy,0.9621014122953515,0.03279582723121195,0.005102760473436665
BANK_032,SCN_0491,Stressed,Stressed,0.052008420143357006,0.9376407318490613,0.010350848007581662
BANK_033,SCN_0491,Critical,Critical,0.016697160599516838,0.3095073231828162,0.6737955162176672
BANK_034,SCN_0491,Stressed,Stressed,0.06559952474629012,0.7517949311057162,0.1826055441479941
BANK_035,SCN_0491,Healthy,Healthy,0.9319305341888146,0.06211018146800902,0.005959284343176172
BANK_036,SCN_0491,Stressed,Stressed,0.42761418272433177,0.5580194405235331,0.014366376752135002
BANK_037,SCN_0491,Stressed,Stressed,0.022398343755460105,0.5793240994003543,0.3982775568441857
BANK_038,SCN_0491,Stressed,Stressed,0.03023649989957305,0.8954662088227554,0.07429729127767162
BANK_039,SCN_0491,Healthy,Healthy,0.984420382288182,0.014499429032572883,0.001080188679245283
BANK_040,SCN_0491,Healthy,Healthy,0.5375904983608394,0.45897886453325054,0.003430637105910047
BANK_001,SCN_0492,Healthy,Healthy,0.991772646505424,0.008227353494576215,0.0
BANK_002,SCN_0492,Healthy,Healthy,0.8877833347796192,0.11072866500267338,0.0014880002177071255
BANK_003,SCN_0492,Healthy,Healthy,0.773222350458457,0.22135975219404636,0.005417897347496493
BANK_004,SCN_0492,Healthy,Healthy,0.8936631733505841,0.10623379994968486,0.00010302669973139381
BANK_005,SCN_0492,Healthy,Healthy,0.987759400542478,0.01221090387168136,2.9695585840432348e-05
BANK_006,SCN_0492,Stressed,Stressed,0.005899663627722563,0.9935138624437089,0.0005864739285687009
BANK_007,SCN_0492,Healthy,Healthy,0.9895324667583775,0.010457470240748525,1.0063000873779424e-05
BANK_008,SCN_0492,Stressed,Stressed,0.046830235820758584,0.9445115494966159,0.008658214682625351
BANK_009,SCN_0492,Healthy,Healthy,0.9817183328379714,0.017979243756300396,0.00030242340572809675
BANK_010,SCN_0492,Stressed,Stressed,0.17512324532111037,0.8103743129301052,0.014502441748784086
BANK_011,SCN_0492,Healthy,Healthy,0.975502463524385,0.024459017416657784,3.85190589574575e-05
BANK_012,SCN_0492,Healthy,Healthy,0.9880936579775563,0.011882188596147888,2.4153426296310142e-05
BANK_013,SCN_0492,Critical,Critical,0.0,0.00016420782552918536,0.9998357921744708
BANK_014,SCN_0492,Stressed,Stressed,0.4381928987312038,0.5519225989931421,0.009884502275654317
BANK_015,SCN_0492,Stressed,Stressed,0.003893685611329069,0.8479495158045438,0.14815679858412842
BANK_016,SCN_0492,Healthy,Healthy,0.9880650243780268,0.011793188935877991,0.0001417866860953764
BANK_017,SCN_0492,Stressed,Stressed,0.03980263440498489,0.9161036312747844,0.04409373432023156
BANK_018,SCN_0492,Healthy,Healthy,0.9201879094232345,0.0789817146421664,0.0008303759345991138
BANK_019,SCN_0492,Critical,Critical,0.0,0.00010042186110007847,0.9998995781388998
BANK_020,SCN_0492,Critical,Critical,0.0002830607837087318,0.1614277993867888,0.8382891398295026
BANK_021,SCN_0492,Critical,Stressed,0.013122099739972304,0.6831662900411622,0.30371161021886495
BANK_022,SCN_0492,Critical,Critical,0.0,0.07614249470267775,0.9238575052973214
BANK_023,SCN_0492,Healthy,Healthy,0.9700861717315867,0.0296501886334457,0.00026363963496751767
BANK_024,SCN_0492,Healthy,Healthy,0.6654350481837781,0.3330527350650906,0.0015122167511318718
BANK_025,SCN_0492,Stressed,Healthy,0.6181343687356569,0.3748727207136913,0.0069929105506517765
BANK_026,SCN_0492,Healthy,Healthy,0.9686398515267878,0.031142871465616943,0.00021727700759520828
BANK_027,SCN_0492,Healthy,Healthy,0.9211819089567619,0.07726252487855446,0.001555566164683175
BANK_028,SCN_0492,Stressed,Stressed,0.005371880487890268,0.9706297159649668,0.023998403547143797
BANK_029,SCN_0492,Stressed,Stressed,0.028200065717049912,0.9406395232190504,0.031160411063899256
BANK_030,SCN_0492,Critical,Critical,0.0,0.00012734584450402144,0.999872654155496
BANK_031,SCN_0492,Healthy,Healthy,0.9849683179280198,0.014854094013841627,0.00017758805813897856
BANK_032,SCN_0492,Healthy,Healthy,0.9834702706795878,0.016520700521821766,9.028798590348542e-06
BANK_033,SCN_0492,Stressed,Stressed,0.07872910665647055,0.8686330258649494,0.05263786747857961
BANK_034,SCN_0492,Healthy,Healthy,0.6268636898919432,0.36700900165035116,0.006127308457705689
BANK_035,SCN_0492,Healthy,Healthy,0.9832334344457464,0.01672505225551889,4.151329873466679e-05
BANK_036,SCN_0492,Healthy,Healthy,0.9727945908173249,0.027070092125675557,0.00013531705699969192
BANK_037,SCN_0492,Stressed,Stressed,0.22462517174583418,0.7636252927824622,0.011749535471703347
BANK_038,SCN_0492,Healthy,Healthy,0.7494596958242944,0.24830024228977782,0.0022400618859276136
BANK_039,SCN_0492,Healthy,Healthy,0.9958274544669817,0.004172545533018044,0.0
BANK_040,SCN_0492,Healthy,Healthy,0.9846588656196098,0.01533544447996339,5.689900426742532e-06
BANK_001,SCN_0495,Healthy,Healthy,0.994807476214231,0.005192523785769006,0.0
BANK_002,SCN_0495,Healthy,Healthy,0.9529877562145918,0.045660812152095775,0.001351431633312454
BANK_003,SCN_0495,Healthy,Healthy,0.9233767505950384,0.0733275715232049,0.003295677881756477
BANK_004,SCN_0495,Healthy,Healthy,0.9773215834118283,0.022575389888440822,0.00010302669973139381
BANK_005,SCN_0495,Healthy,Healthy,0.9926615943196265,0.007308710094532692,2.9695585840432348e-05
BANK_006,SCN_0495,Stressed,Stressed,0.007136134717084244,0.9925705671632111,0.00029329811970473554
BANK_007,SCN_0495,Healthy,Healthy,0.9941766134924751,0.005813323506650966,1.0063000873779424e-05
BANK_008,SCN_0495,Healthy,Healthy,0.7214980128945288,0.277228233778062,0.0012737533274094228
BANK_009,SCN_0495,Healthy,Healthy,0.9894517125527779,0.010289659661931747,0.0002586277852901405
BANK_010,SCN_0495,Stressed,Healthy,0.6622809334672457,0.33520418232608773,0.0025148842066663045
BANK_011,SCN_0495,Healthy,Healthy,0.9861313844803486,0.013830096460694087,3.85190589574575e-05
BANK_012,SCN_0495,Healthy,Healthy,0.993224547414723,0.006751299158981035,2.4153426296310142e-05
BANK_013,SCN_0495,Critical,Critical,0.0,0.00016420782552918536,0.9998357921744708
BANK_014,SCN_0495,Stressed,Healthy,0.8800042523474164,0.11709016304480213,0.0029055846077818176
BANK_015,SCN_0495,Stressed,Stressed,0.006755260503864446,0.9733654511749588,0.01987928832117741
BANK_016,SCN_0495,Healthy,Healthy,0.9941418728845474,0.005716340429357572,0.0001417866860953764
BANK_017,SCN_0495,Stressed,Stressed,0.10664069254473095,0.8720068266662135,0.02135248078905691
BANK_018,SCN_0495,Healthy,Healthy,0.9631284668639912,0.03637170259666137,0.0004998305393478362
BANK_019,SCN_0495,Critical,Critical,0.0,0.00048031496062992123,0.99951968503937
BANK_020,SCN_0495,Stressed,Stressed,0.00042789953113375187,0.7999396868408954,0.19963241362797182
BANK_021,SCN_0495,Stressed,Stressed,0.025668377406200333,0.9609523145763252,0.01337930801747436
BANK_022,SCN_0495,Stressed,Stressed,0.0011899236196679967,0.5652979288324895,0.43351214754784245
BANK_023,SCN_0495,Healthy,Healthy,0.9799862891331828,0.01975961018256566,0.00025410068425209644
BANK_024,SCN_0495,Healthy,Healthy,0.9808016845651916,0.01807652135148365,0.0011217940833246117
BANK_025,SCN_0495,Healthy,Healthy,0.8861376790708634,0.11133943394383032,0.002522886985305619
BANK_026,SCN_0495,Healthy,Healthy,0.9765424772918614,0.02324626352449838,0.00021125918364035034
BANK_027,SCN_0495,Healthy,Healthy,0.9611616203259131,0.03741938209379798,0.0014189975802885038
BANK_028,SCN_0495,Stressed,Stressed,0.012164443309387686,0.9786781882035753,0.009157368487037307
BANK_029,SCN_0495,Stressed,Stressed,0.08355227087508371,0.8927169178043015,0.023730811320615143
BANK_030,SCN_0495,Critical,Critical,0.0,0.0005289851887663165,0.9994710148112337
BANK_031,SCN_0495,Healthy,Healthy,0.9903368324774601,0.009485579464401336,0.00017758805813897856
BANK_032,SCN_0495,Healthy,Healthy,0.9867587284536774,0.013222393391415762,1.8878154906979613e-05
BANK_033,SCN_0495,Stressed,Stressed,0.10602512728220614,0.8517941975188321,0.04218067519896155
BANK_034,SCN_0495,Healthy,Healthy,0.9087381841660139,0.08882322608403394,0.0024385897499523204
BANK_035,SCN_0495,Healthy,Healthy,0.9891457503378895,0.0108092152366152,4.503442549523017e-05
BANK_036,SCN_0495,Healthy,Healthy,0.9791139761284471,0.020756724638508396,0.000129299233044834
BANK_037,SCN_0495,Stressed,Healthy,0.8388072668086889,0.16083838744960416,0.00035434574170739423
BANK_038,SCN_0495,Healthy,Healthy,0.9625544006225867,0.0372991754322494,0.00014642394516379366
BANK_039,SCN_0495,Healthy,Healthy,0.9975066099869029,0.002424473472509718,6.891654058727268e-05
BANK_040,SCN_0495,Healthy,Healthy,0.9895392336098312,0.010451555362981575,9.211027187305913e-06
BANK_001,SCN_0496,Healthy,Healthy,0.8867086700000695,0.11114188788391662,0.0021494421160145587
BANK_002,SCN_0496,Stressed,Stressed,0.2951293482300534,0.6436534186301105,0.06121723313983618
BANK_003,SCN_0496,Critical,Stressed,0.1944748997255769,0.685695777910715,0.11982932236370819
BANK_004,SCN_0496,Healthy,Stressed,0.4950954071336866,0.495898179092004,0.009006413774309259
BANK_005,SCN_0496,Healthy,Healthy,0.9871520776015721,0.011752124205746827,0.0010957981926811664
BANK_006,SCN_0496,Stressed,Stressed,0.008093990837631624,0.9732185315918452,0.018687477570523508
BANK_007,SCN_0496,Healthy,Healthy,0.9889568166837565,0.010966401363996488,7.678195224719102e-05
BANK_008,SCN_0496,Stressed,Stressed,0.01243828588805658,0.9103388811045231,0.0772228330074208
BANK_009,SCN_0496,Stressed,Stressed,0.4768001491847447,0.5194510068534294,0.0037488439618260897
BANK_010,SCN_0496,Stressed,Stressed,0.021370967061169664,0.6419728810920627,0.3366561518467677
BANK_011,SCN_0496,Healthy,Healthy,0.6989453057541728,0.29401814802737336,0.0070365462184545195
BANK_012,SCN_0496,Healthy,Healthy,0.9914825229671742,0.008439133837957462,7.834319486832145e-05
BANK_013,SCN_0496,Critical,Critical,0.00015950920245398772,0.00018721396049851052,0.9996532768370475
BANK_014,SCN_0496,Stressed,Stressed,0.030945143598341045,0.6966854658083194,0.27236939059334003
BANK_015,SCN_0496,Critical,Critical,0.0007058191422803329,0.19055634004022376,0.8087378408174957
BANK_016,SCN_0496,Healthy,Healthy,0.980712125081809,0.018781860904588638,0.0005060140136022505
BANK_017,SCN_0496,Stressed,Critical,0.005194112660160815,0.3430154225413086,0.6517904647985299
BANK_018,SCN_0496,Stressed,Stressed,0.06076861217837943,0.9163197212736022,0.022911666548018333
BANK_019,SCN_0496,Critical,Critical,0.0003567109204346153,0.0009064568503390318,0.9987368322292264
BANK_020,SCN_0496,Critical,Critical,4.363636363636364e-06,0.024152897597903795,0.9758427387657329
BANK_021,SCN_0496,Critical,Critical,0.0003538299575115683,0.26400544178796487,0.7356407282545241
BANK_022,SCN_0496,Critical,Critical,0.00016275595570074098,0.021673725273937194,0.9781635187703625
BANK_023,SCN_0496,Stressed,Stressed,0.10982706113711956,0.8761767394637057,0.013996199399175265
BANK_024,SCN_0496,Stressed,Stressed,0.006810099195997782,0.9729808093343961,0.02020909146960574
BANK_025,SCN_0496,Stressed,Stressed,0.14075344828356567,0.7156025789342977,0.1436439727821369
BANK_026,SCN_0496,Stressed,Stressed,0.4743365399893093,0.5071923421076004,0.018471117903090174
BANK_027,SCN_0496,Stressed,Stressed,0.27719223117769,0.6520106352874262,0.07079713353488433
BANK_028,SCN_0496,Critical,Critical,0.0009821546857649683,0.24610249788281505,0.7529153474314207
BANK_029,SCN_0496,Stressed,Critical,0.004687126153448094,0.3411894131243501,0.6541234607222025
BANK_030,SCN_0496,Critical,Critical,0.00019720171798062755,0.0012136423191619072,0.9985891559628575
BANK_031,SCN_0496,Healthy,Healthy,0.9598061927997651,0.034588989113629585,0.00560481808660539
BANK_032,SCN_0496,Stressed,Stressed,0.16159388031544492,0.8287553600700935,0.009650759614461704
BANK_033,SCN_0496,Stressed,Critical,0.01952725472269323,0.3577703017775517,0.6227024434997553
BANK_034,SCN_0496,Critical,Stressed,0.06920066282500155,0.7507717606850653,0.1800275764899334
BANK_035,SCN_0496,Healthy,Healthy,0.937096656873332,0.05739204161424904,0.005511301512418948
BANK_036,SCN_0496,Stressed,Healthy,0.5050098635533845,0.4818020323339942,0.013188104112621384
BANK_037,SCN_0496,Stressed,Stressed,0.022109294573583595,0.6104360314235809,0.36745467400283544
BANK_038,SCN_0496,Stressed,Stressed,0.032203693619041004,0.898727190887522,0.06906911549343696
BANK_039,SCN_0496,Healthy,Healthy,0.9767228319821364,0.02219697933861832,0.001080188679245283
BANK_040,SCN_0496,Healthy,Healthy,0.5897479406780526,0.40753515452679845,0.002716904795149094
BANK_001,SCN_0498,Healthy,Healthy,0.834559994336513,0.16294074022591867,0.002499265437569329
BANK_002,SCN_0498,Stressed,Stressed,0.2623645310806623,0.6685508362150909,0.06908463270424711
BANK_003,SCN_0498,Healthy,Stressed,0.16630876900971373,0.6954602319380495,0.13823099905223674
BANK_004,SCN_0498,Healthy,Stressed,0.4708338503816608,0.5181567257618335,0.011009423856505609
BANK_005,SCN_0498,Healthy,Healthy,0.9863787267084385,0.012175651777325654,0.0014456215142359366
BANK_006,SCN_0498,Stressed,Stressed,0.00609413303748656,0.974045213456454,0.01986065350605957
BANK_007,SCN_0498,Healthy,Healthy,0.9892752364912076,0.01064798155654542,7.678195224719102e-05
BANK_008,SCN_0498,Stressed,Stressed,0.012421141597010932,0.9063159145239067,0.0812629438790828
BANK_009,SCN_0498,Stressed,Stressed,0.44175823764709193,0.5537493744896492,0.004492387863259024
BANK_010,SCN_0498,Critical,Stressed,0.01762492462242653,0.5767678297800133,0.4056072455975603
BANK_011,SCN_0498,Healthy,Healthy,0.6332654723473845,0.3582447790872172,0.00848974856539862
BANK_012,SCN_0498,Healthy,Healthy,0.9916499058578727,0.008271750947258932,7.834319486832145e-05
BANK_013,SCN_0498,Critical,Critical,0.00015950920245398772,0.00018721396049851052,0.9996532768370475
BANK_014,SCN_0498,Stressed,Stressed,0.02813398551010277,0.7518527083710965,0.22001330611880204
BANK_015,SCN_0498,Critical,Critical,0.0007058191422803329,0.1824518207679394,0.8168423600897803
BANK_016,SCN_0498,Healthy,Healthy,0.9812852950726555,0.01820869091374232,0.0005060140136022505
BANK_017,SCN_0498,Critical,Critical,0.00499113670553192,0.4162745019558306,0.5787343613386373
BANK_018,SCN_0498,Stressed,Stressed,0.0582906978406095,0.918310294364072,0.023399007795318588
BANK_019,SCN_0498,Critical,Critical,0.0003567109204346153,0.0009064568503390318,0.9987368322292264
BANK_020,SCN_0498,Critical,Critical,4.363636363636364e-06,0.010797798717383119,0.9891978376462538
BANK_021,SCN_0498,Critical,Critical,0.0006846256520411684,0.40925447109774205,0.5900609032502168
BANK_022,SCN_0498,Critical,Critical,0.00016275595570074098,0.006906845451186918,0.9929303985931127
BANK_023,SCN_0498,Stressed,Stressed,0.056008159686255346,0.9282835380862181,0.015708302227526835
BANK_024,SCN_0498,Stressed,Stressed,0.006768335410671446,0.9729295470111463,0.02030211757818184
BANK_025,SCN_0498,Stressed,Stressed,0.13377601328096156,0.7030482469157551,0.16317573980328395
BANK_026,SCN_0498,Stressed,Stressed,0.4133309017114246,0.5659436994411611,0.020725398847414273
BANK_027,SCN_0498,Stressed,Stressed,0.2556471684867148,0.6659569060916215,0.07839592542166439
BANK_028,SCN_0498,Critical,Critical,0.000923821352431635,0.15912143271392845,0.8399547459336403
BANK_029,SCN_0498,Critical,Critical,0.004417767350184363,0.2977411124952623,0.6978411201545538
BANK_030,SCN_0498,Critical,Critical,0.00019720171798062755,0.0012136423191619072,0.9985891559628575
BANK_031,SCN_0498,Healthy,Healthy,0.9621014122953515,0.03279582723121195,0.005102760473436665
BANK_032,SCN_0498,Stressed,Stressed,0.052008420143357006,0.9376407318490613,0.010350848007581662
BANK_033,SCN_0498,Critical,Critical,0.016716802452885506,0.30998037037987647,0.6733028271672382
BANK_034,SCN_0498,Stressed,Stressed,0.06559952474629012,0.7517949311057162,0.1826055441479941
BANK_035,SCN_0498,Healthy,Healthy,0.9319305341888146,0.06211018146800902,0.005959284343176172
BANK_036,SCN_0498,Healthy,Stressed,0.42856328713673897,0.557070336111126,0.014366376752135002
BANK_037,SCN_0498,Stressed,Stressed,0.022745794281556837,0.5829934776073254,0.3942607281111179
BANK_038,SCN_0498,Stressed,Stressed,0.03031462489957305,0.8955837841773654,0.07410159092306169
BANK_039,SCN_0498,Healthy,Healthy,0.984420382288182,0.014499429032572883,0.001080188679245283
BANK_040,SCN_0498,Healthy,Healthy,0.5448091888299611,0.45176017406412877,0.003430637105910047
